question_id,article,expected_doc_id,retrieved_docs,mrr,recall,top_k,number_of_paragraphs
5733be284776f41900661182,University_of_Notre_Dame,doc_0,"['doc_0', 'doc_28', 'doc_38', 'doc_41', 'doc_25']",1.0,1,5,55
5733be284776f4190066117f,University_of_Notre_Dame,doc_0,"['doc_7', 'doc_0', 'doc_30', 'doc_38', 'doc_40']",0.5,1,5,55
5733be284776f41900661180,University_of_Notre_Dame,doc_0,"['doc_28', 'doc_0', 'doc_38', 'doc_30', 'doc_7']",0.5,1,5,55
5733be284776f41900661181,University_of_Notre_Dame,doc_0,"['doc_0', 'doc_28', 'doc_38', 'doc_17', 'doc_31']",1.0,1,5,55
5733be284776f4190066117e,University_of_Notre_Dame,doc_0,"['doc_7', 'doc_30', 'doc_0', 'doc_38', 'doc_40']",0.3333333333333333,1,5,55
5733bf84d058e614000b61be,University_of_Notre_Dame,doc_1,"['doc_1', 'doc_19', 'doc_26', 'doc_25', 'doc_13']",1.0,1,5,55
5733bf84d058e614000b61bf,University_of_Notre_Dame,doc_1,"['doc_1', 'doc_15', 'doc_46', 'doc_19', 'doc_27']",1.0,1,5,55
5733bf84d058e614000b61c0,University_of_Notre_Dame,doc_1,"['doc_1', 'doc_15', 'doc_40', 'doc_46', 'doc_38']",1.0,1,5,55
5733bf84d058e614000b61bd,University_of_Notre_Dame,doc_1,"['doc_1', 'doc_15', 'doc_40', 'doc_8', 'doc_9']",1.0,1,5,55
5733bf84d058e614000b61c1,University_of_Notre_Dame,doc_1,"['doc_1', 'doc_19', 'doc_25', 'doc_26', 'doc_23']",1.0,1,5,55
5733bed24776f41900661188,University_of_Notre_Dame,doc_2,"['doc_2', 'doc_41', 'doc_17', 'doc_28', 'doc_0']",1.0,1,5,55
5733bed24776f41900661189,University_of_Notre_Dame,doc_2,"['doc_2', 'doc_41', 'doc_28', 'doc_17', 'doc_0']",1.0,1,5,55
5733bed24776f4190066118a,University_of_Notre_Dame,doc_2,"['doc_30', 'doc_48', 'doc_28', 'doc_40', 'doc_7']",0.0,0,5,55
5733bed24776f4190066118b,University_of_Notre_Dame,doc_2,"['doc_16', 'doc_30', 'doc_2', 'doc_17', 'doc_40']",0.3333333333333333,1,5,55
5733bed24776f4190066118c,University_of_Notre_Dame,doc_2,"['doc_37', 'doc_2', 'doc_0', 'doc_28', 'doc_13']",0.5,1,5,55
5733a6424776f41900660f51,University_of_Notre_Dame,doc_3,"['doc_40', 'doc_3', 'doc_8', 'doc_4', 'doc_19']",0.5,1,5,55
5733a6424776f41900660f4e,University_of_Notre_Dame,doc_3,"['doc_19', 'doc_25', 'doc_3', 'doc_8', 'doc_30']",0.3333333333333333,1,5,55
5733a6424776f41900660f4f,University_of_Notre_Dame,doc_3,"['doc_19', 'doc_25', 'doc_40', 'doc_4', 'doc_14']",0.0,0,5,55
5733a6424776f41900660f50,University_of_Notre_Dame,doc_3,"['doc_3', 'doc_30', 'doc_36', 'doc_29', 'doc_40']",1.0,1,5,55
5733a6424776f41900660f52,University_of_Notre_Dame,doc_3,"['doc_3', 'doc_25', 'doc_8', 'doc_35', 'doc_19']",1.0,1,5,55
5733a70c4776f41900660f64,University_of_Notre_Dame,doc_4,"['doc_4', 'doc_16', 'doc_30', 'doc_17', 'doc_40']",1.0,1,5,55
5733a70c4776f41900660f62,University_of_Notre_Dame,doc_4,"['doc_40', 'doc_8', 'doc_15', 'doc_4', 'doc_9']",0.25,1,5,55
5733a70c4776f41900660f63,University_of_Notre_Dame,doc_4,"['doc_4', 'doc_25', 'doc_8', 'doc_30', 'doc_19']",1.0,1,5,55
5733a70c4776f41900660f65,University_of_Notre_Dame,doc_4,"['doc_4', 'doc_19', 'doc_25', 'doc_8', 'doc_9']",1.0,1,5,55
5733a7bd4776f41900660f6b,University_of_Notre_Dame,doc_5,"['doc_19', 'doc_25', 'doc_8', 'doc_40', 'doc_9']",0.0,0,5,55
5733a7bd4776f41900660f6c,University_of_Notre_Dame,doc_5,"['doc_5', 'doc_2', 'doc_17', 'doc_7', 'doc_25']",1.0,1,5,55
5733a7bd4776f41900660f6e,University_of_Notre_Dame,doc_5,"['doc_5', 'doc_40', 'doc_25', 'doc_31', 'doc_14']",1.0,1,5,55
5733a7bd4776f41900660f6a,University_of_Notre_Dame,doc_5,"['doc_25', 'doc_19', 'doc_5', 'doc_40', 'doc_35']",0.3333333333333333,1,5,55
5733a7bd4776f41900660f6d,University_of_Notre_Dame,doc_5,"['doc_40', 'doc_14', 'doc_5', 'doc_31', 'doc_9']",0.3333333333333333,1,5,55
5733ac31d058e614000b5ff3,University_of_Notre_Dame,doc_6,"['doc_6', 'doc_14', 'doc_31', 'doc_21', 'doc_40']",1.0,1,5,55
5733ac31d058e614000b5ff6,University_of_Notre_Dame,doc_6,"['doc_24', 'doc_22', 'doc_23', 'doc_7', 'doc_30']",0.0,0,5,55
5733ac31d058e614000b5ff4,University_of_Notre_Dame,doc_6,"['doc_6', 'doc_14', 'doc_23', 'doc_31', 'doc_13']",1.0,1,5,55
5733ac31d058e614000b5ff5,University_of_Notre_Dame,doc_6,"['doc_6', 'doc_23', 'doc_25', 'doc_24', 'doc_37']",1.0,1,5,55
5733ac31d058e614000b5ff7,University_of_Notre_Dame,doc_6,"['doc_6', 'doc_23', 'doc_20', 'doc_24', 'doc_12']",1.0,1,5,55
5733ad384776f41900660fec,University_of_Notre_Dame,doc_7,"['doc_7', 'doc_30', 'doc_40', 'doc_36', 'doc_29']",1.0,1,5,55
5733ad384776f41900660fed,University_of_Notre_Dame,doc_7,"['doc_7', 'doc_30', 'doc_40', 'doc_38', 'doc_36']",1.0,1,5,55
5733ad384776f41900660fee,University_of_Notre_Dame,doc_7,"['doc_7', 'doc_30', 'doc_36', 'doc_23', 'doc_24']",1.0,1,5,55
5733ad384776f41900660fef,University_of_Notre_Dame,doc_7,"['doc_7', 'doc_24', 'doc_30', 'doc_36', 'doc_44']",1.0,1,5,55
5733ad384776f41900660ff0,University_of_Notre_Dame,doc_7,"['doc_7', 'doc_38', 'doc_30', 'doc_40', 'doc_17']",1.0,1,5,55
5733ae924776f41900661014,University_of_Notre_Dame,doc_8,"['doc_8', 'doc_15', 'doc_9', 'doc_40', 'doc_26']",1.0,1,5,55
5733ae924776f41900661013,University_of_Notre_Dame,doc_8,"['doc_8', 'doc_15', 'doc_9', 'doc_40', 'doc_26']",1.0,1,5,55
5733ae924776f41900661015,University_of_Notre_Dame,doc_8,"['doc_9', 'doc_40', 'doc_14', 'doc_8', 'doc_15']",0.25,1,5,55
5733ae924776f41900661016,University_of_Notre_Dame,doc_8,"['doc_8', 'doc_15', 'doc_26', 'doc_40', 'doc_4']",1.0,1,5,55
5733ae924776f41900661017,University_of_Notre_Dame,doc_8,"['doc_8', 'doc_15', 'doc_40', 'doc_16', 'doc_30']",1.0,1,5,55
5733afd3d058e614000b6045,University_of_Notre_Dame,doc_9,"['doc_9', 'doc_8', 'doc_40', 'doc_15', 'doc_14']",1.0,1,5,55
5733afd3d058e614000b6047,University_of_Notre_Dame,doc_9,"['doc_9', 'doc_14', 'doc_40', 'doc_8', 'doc_15']",1.0,1,5,55
5733afd3d058e614000b6048,University_of_Notre_Dame,doc_9,"['doc_9', 'doc_15', 'doc_40', 'doc_26', 'doc_30']",1.0,1,5,55
5733afd3d058e614000b6046,University_of_Notre_Dame,doc_9,"['doc_9', 'doc_40', 'doc_15', 'doc_8', 'doc_26']",1.0,1,5,55
5733afd3d058e614000b6049,University_of_Notre_Dame,doc_9,"['doc_8', 'doc_15', 'doc_40', 'doc_9', 'doc_4']",0.25,1,5,55
5733b0fb4776f41900661041,University_of_Notre_Dame,doc_10,"['doc_10', 'doc_23', 'doc_29', 'doc_37', 'doc_19']",1.0,1,5,55
5733b0fb4776f41900661043,University_of_Notre_Dame,doc_10,"['doc_10', 'doc_11', 'doc_23', 'doc_24', 'doc_37']",1.0,1,5,55
5733b0fb4776f41900661044,University_of_Notre_Dame,doc_10,"['doc_23', 'doc_25', 'doc_10', 'doc_27', 'doc_37']",0.3333333333333333,1,5,55
5733b0fb4776f41900661045,University_of_Notre_Dame,doc_10,"['doc_10', 'doc_11', 'doc_18', 'doc_13', 'doc_42']",1.0,1,5,55
5733b0fb4776f41900661042,University_of_Notre_Dame,doc_10,"['doc_10', 'doc_27', 'doc_23', 'doc_22', 'doc_14']",1.0,1,5,55
5733b1da4776f41900661068,University_of_Notre_Dame,doc_11,"['doc_11', 'doc_10', 'doc_23', 'doc_37', 'doc_25']",1.0,1,5,55
5733b1da4776f41900661069,University_of_Notre_Dame,doc_11,"['doc_11', 'doc_10', 'doc_42', 'doc_18', 'doc_34']",1.0,1,5,55
5733b1da4776f4190066106a,University_of_Notre_Dame,doc_11,"['doc_11', 'doc_10', 'doc_43', 'doc_42', 'doc_41']",1.0,1,5,55
5733b1da4776f4190066106b,University_of_Notre_Dame,doc_11,"['doc_23', 'doc_27', 'doc_31', 'doc_25', 'doc_19']",0.0,0,5,55
5733b1da4776f41900661067,University_of_Notre_Dame,doc_11,"['doc_30', 'doc_25', 'doc_23', 'doc_29', 'doc_7']",0.0,0,5,55
5733b2fe4776f4190066108f,University_of_Notre_Dame,doc_12,"['doc_12', 'doc_14', 'doc_31', 'doc_6', 'doc_40']",1.0,1,5,55
5733b2fe4776f41900661091,University_of_Notre_Dame,doc_12,"['doc_19', 'doc_23', 'doc_12', 'doc_26', 'doc_25']",0.3333333333333333,1,5,55
5733b2fe4776f41900661092,University_of_Notre_Dame,doc_12,"['doc_12', 'doc_19', 'doc_23', 'doc_25', 'doc_26']",1.0,1,5,55
5733b2fe4776f41900661093,University_of_Notre_Dame,doc_12,"['doc_12', 'doc_25', 'doc_23', 'doc_19', 'doc_31']",1.0,1,5,55
5733b2fe4776f41900661090,University_of_Notre_Dame,doc_12,"['doc_12', 'doc_37', 'doc_31', 'doc_14', 'doc_6']",1.0,1,5,55
5733b3d64776f419006610a3,University_of_Notre_Dame,doc_13,"['doc_37', 'doc_23', 'doc_17', 'doc_40', 'doc_19']",0.0,0,5,55
5733b3d64776f419006610a4,University_of_Notre_Dame,doc_13,"['doc_13', 'doc_37', 'doc_1', 'doc_23', 'doc_6']",1.0,1,5,55
5733b3d64776f419006610a5,University_of_Notre_Dame,doc_13,"['doc_13', 'doc_23', 'doc_1', 'doc_37', 'doc_19']",1.0,1,5,55
5733b3d64776f419006610a6,University_of_Notre_Dame,doc_13,"['doc_1', 'doc_22', 'doc_19', 'doc_23', 'doc_21']",0.0,0,5,55
5733b5344776f419006610dd,University_of_Notre_Dame,doc_14,"['doc_27', 'doc_23', 'doc_26', 'doc_19', 'doc_22']",0.0,0,5,55
5733b5344776f419006610de,University_of_Notre_Dame,doc_14,"['doc_6', 'doc_14', 'doc_32', 'doc_36', 'doc_40']",0.5,1,5,55
5733b5344776f419006610df,University_of_Notre_Dame,doc_14,"['doc_6', 'doc_14', 'doc_31', 'doc_17', 'doc_40']",0.5,1,5,55
5733b5344776f419006610e0,University_of_Notre_Dame,doc_14,"['doc_14', 'doc_31', 'doc_26', 'doc_8', 'doc_15']",1.0,1,5,55
5733b5344776f419006610e1,University_of_Notre_Dame,doc_14,"['doc_14', 'doc_32', 'doc_31', 'doc_8', 'doc_6']",1.0,1,5,55
5733b5df4776f41900661105,University_of_Notre_Dame,doc_15,"['doc_8', 'doc_15', 'doc_40', 'doc_9', 'doc_4']",0.5,1,5,55
5733b5df4776f41900661106,University_of_Notre_Dame,doc_15,"['doc_8', 'doc_15', 'doc_40', 'doc_9', 'doc_26']",0.5,1,5,55
5733b5df4776f41900661107,University_of_Notre_Dame,doc_15,"['doc_15', 'doc_51', 'doc_45', 'doc_30', 'doc_40']",1.0,1,5,55
5733b5df4776f41900661108,University_of_Notre_Dame,doc_15,"['doc_15', 'doc_45', 'doc_47', 'doc_46', 'doc_21']",1.0,1,5,55
5733b5df4776f41900661109,University_of_Notre_Dame,doc_15,"['doc_15', 'doc_8', 'doc_40', 'doc_30', 'doc_9']",1.0,1,5,55
5733b699d058e614000b6118,University_of_Notre_Dame,doc_16,"['doc_16', 'doc_8', 'doc_40', 'doc_15', 'doc_4']",1.0,1,5,55
5733b699d058e614000b6119,University_of_Notre_Dame,doc_16,"['doc_16', 'doc_40', 'doc_30', 'doc_15', 'doc_8']",1.0,1,5,55
5733b699d058e614000b611a,University_of_Notre_Dame,doc_16,"['doc_16', 'doc_30', 'doc_40', 'doc_15', 'doc_25']",1.0,1,5,55
5733b699d058e614000b611b,University_of_Notre_Dame,doc_16,"['doc_16', 'doc_15', 'doc_40', 'doc_8', 'doc_30']",1.0,1,5,55
5733b699d058e614000b611c,University_of_Notre_Dame,doc_16,"['doc_16', 'doc_40', 'doc_30', 'doc_25', 'doc_15']",1.0,1,5,55
5733b7f74776f4190066112d,University_of_Notre_Dame,doc_17,"['doc_2', 'doc_17', 'doc_41', 'doc_28', 'doc_0']",0.5,1,5,55
5733b7f74776f4190066112e,University_of_Notre_Dame,doc_17,"['doc_17', 'doc_8', 'doc_15', 'doc_16', 'doc_40']",1.0,1,5,55
5733b7f74776f4190066112f,University_of_Notre_Dame,doc_17,"['doc_17', 'doc_40', 'doc_15', 'doc_16', 'doc_26']",1.0,1,5,55
5733b7f74776f41900661130,University_of_Notre_Dame,doc_17,"['doc_30', 'doc_40', 'doc_17', 'doc_38', 'doc_16']",0.3333333333333333,1,5,55
5733b7f74776f41900661131,University_of_Notre_Dame,doc_17,"['doc_17', 'doc_15', 'doc_8', 'doc_26', 'doc_40']",1.0,1,5,55
57338653d058e614000b5c84,University_of_Notre_Dame,doc_18,"['doc_29', 'doc_30', 'doc_52', 'doc_7', 'doc_47']",0.0,0,5,55
57338653d058e614000b5c81,University_of_Notre_Dame,doc_18,"['doc_18', 'doc_30', 'doc_7', 'doc_21', 'doc_19']",1.0,1,5,55
57338653d058e614000b5c82,University_of_Notre_Dame,doc_18,"['doc_19', 'doc_27', 'doc_22', 'doc_23', 'doc_25']",0.0,0,5,55
57338653d058e614000b5c83,University_of_Notre_Dame,doc_18,"['doc_18', 'doc_30', 'doc_7', 'doc_27', 'doc_42']",1.0,1,5,55
57338653d058e614000b5c85,University_of_Notre_Dame,doc_18,"['doc_29', 'doc_30', 'doc_40', 'doc_34', 'doc_23']",0.0,0,5,55
57338724d058e614000b5c9f,University_of_Notre_Dame,doc_19,"['doc_19', 'doc_25', 'doc_8', 'doc_26', 'doc_23']",1.0,1,5,55
57338724d058e614000b5ca1,University_of_Notre_Dame,doc_19,"['doc_19', 'doc_25', 'doc_8', 'doc_40', 'doc_30']",1.0,1,5,55
57338724d058e614000b5c9d,University_of_Notre_Dame,doc_19,"['doc_23', 'doc_27', 'doc_19', 'doc_22', 'doc_25']",0.3333333333333333,1,5,55
57338724d058e614000b5c9e,University_of_Notre_Dame,doc_19,"['doc_19', 'doc_26', 'doc_25', 'doc_23', 'doc_40']",1.0,1,5,55
57338724d058e614000b5ca0,University_of_Notre_Dame,doc_19,"['doc_19', 'doc_33', 'doc_17', 'doc_25', 'doc_41']",1.0,1,5,55
573387acd058e614000b5cb1,University_of_Notre_Dame,doc_20,"['doc_20', 'doc_49', 'doc_22', 'doc_39', 'doc_21']",1.0,1,5,55
573387acd058e614000b5cb2,University_of_Notre_Dame,doc_20,"['doc_20', 'doc_49', 'doc_39', 'doc_51', 'doc_21']",1.0,1,5,55
573387acd058e614000b5cb5,University_of_Notre_Dame,doc_20,"['doc_20', 'doc_49', 'doc_39', 'doc_53', 'doc_21']",1.0,1,5,55
573387acd058e614000b5cb3,University_of_Notre_Dame,doc_20,"['doc_20', 'doc_49', 'doc_39', 'doc_21', 'doc_48']",1.0,1,5,55
573387acd058e614000b5cb4,University_of_Notre_Dame,doc_20,"['doc_20', 'doc_39', 'doc_49', 'doc_48', 'doc_51']",1.0,1,5,55
573388ce4776f41900660cc3,University_of_Notre_Dame,doc_21,"['doc_21', 'doc_17', 'doc_38', 'doc_46', 'doc_40']",1.0,1,5,55
573388ce4776f41900660cc4,University_of_Notre_Dame,doc_21,"['doc_21', 'doc_17', 'doc_15', 'doc_48', 'doc_39']",1.0,1,5,55
573388ce4776f41900660cc7,University_of_Notre_Dame,doc_21,"['doc_21', 'doc_23', 'doc_27', 'doc_22', 'doc_25']",1.0,1,5,55
573388ce4776f41900660cc5,University_of_Notre_Dame,doc_21,"['doc_21', 'doc_17', 'doc_15', 'doc_52', 'doc_50']",1.0,1,5,55
573388ce4776f41900660cc6,University_of_Notre_Dame,doc_21,"['doc_21', 'doc_17', 'doc_15', 'doc_48', 'doc_25']",1.0,1,5,55
57338a51d058e614000b5cf0,University_of_Notre_Dame,doc_22,"['doc_22', 'doc_23', 'doc_25', 'doc_19', 'doc_27']",1.0,1,5,55
57338a51d058e614000b5cf1,University_of_Notre_Dame,doc_22,"['doc_22', 'doc_23', 'doc_27', 'doc_19', 'doc_25']",1.0,1,5,55
57338a51d058e614000b5cf2,University_of_Notre_Dame,doc_22,"['doc_23', 'doc_22', 'doc_21', 'doc_19', 'doc_46']",0.5,1,5,55
57338a51d058e614000b5cf3,University_of_Notre_Dame,doc_22,"['doc_22', 'doc_26', 'doc_31', 'doc_27', 'doc_23']",1.0,1,5,55
57338a51d058e614000b5cf4,University_of_Notre_Dame,doc_22,"['doc_22', 'doc_21', 'doc_39', 'doc_48', 'doc_46']",1.0,1,5,55
5733926d4776f41900660d8e,University_of_Notre_Dame,doc_23,"['doc_23', 'doc_26', 'doc_19', 'doc_24', 'doc_25']",1.0,1,5,55
5733926d4776f41900660d8f,University_of_Notre_Dame,doc_23,"['doc_23', 'doc_31', 'doc_14', 'doc_6', 'doc_40']",1.0,1,5,55
5733926d4776f41900660d91,University_of_Notre_Dame,doc_23,"['doc_30', 'doc_29', 'doc_22', 'doc_25', 'doc_23']",0.2,1,5,55
5733926d4776f41900660d8d,University_of_Notre_Dame,doc_23,"['doc_22', 'doc_23', 'doc_27', 'doc_19', 'doc_25']",0.5,1,5,55
5733926d4776f41900660d90,University_of_Notre_Dame,doc_23,"['doc_23', 'doc_14', 'doc_6', 'doc_31', 'doc_40']",1.0,1,5,55
573393184776f41900660da6,University_of_Notre_Dame,doc_24,"['doc_24', 'doc_23', 'doc_7', 'doc_22', 'doc_37']",1.0,1,5,55
573393184776f41900660da8,University_of_Notre_Dame,doc_24,"['doc_24', 'doc_26', 'doc_19', 'doc_23', 'doc_25']",1.0,1,5,55
573393184776f41900660da9,University_of_Notre_Dame,doc_24,"['doc_24', 'doc_26', 'doc_23', 'doc_19', 'doc_27']",1.0,1,5,55
573393184776f41900660da7,University_of_Notre_Dame,doc_24,"['doc_24', 'doc_23', 'doc_22', 'doc_27', 'doc_19']",1.0,1,5,55
573393184776f41900660daa,University_of_Notre_Dame,doc_24,"['doc_24', 'doc_23', 'doc_19', 'doc_25', 'doc_22']",1.0,1,5,55
573393e1d058e614000b5dc2,University_of_Notre_Dame,doc_25,"['doc_25', 'doc_19', 'doc_23', 'doc_40', 'doc_30']",1.0,1,5,55
573393e1d058e614000b5dc4,University_of_Notre_Dame,doc_25,"['doc_25', 'doc_23', 'doc_22', 'doc_54', 'doc_19']",1.0,1,5,55
573393e1d058e614000b5dc5,University_of_Notre_Dame,doc_25,"['doc_25', 'doc_23', 'doc_19', 'doc_22', 'doc_27']",1.0,1,5,55
573393e1d058e614000b5dc6,University_of_Notre_Dame,doc_25,"['doc_25', 'doc_4', 'doc_8', 'doc_19', 'doc_15']",1.0,1,5,55
573393e1d058e614000b5dc3,University_of_Notre_Dame,doc_25,"['doc_25', 'doc_19', 'doc_40', 'doc_14', 'doc_4']",1.0,1,5,55
573394c84776f41900660ddd,University_of_Notre_Dame,doc_26,"['doc_26', 'doc_27', 'doc_23', 'doc_19', 'doc_22']",1.0,1,5,55
573394c84776f41900660ddf,University_of_Notre_Dame,doc_26,"['doc_26', 'doc_8', 'doc_27', 'doc_19', 'doc_9']",1.0,1,5,55
573394c84776f41900660de0,University_of_Notre_Dame,doc_26,"['doc_26', 'doc_27', 'doc_19', 'doc_23', 'doc_24']",1.0,1,5,55
573394c84776f41900660de1,University_of_Notre_Dame,doc_26,"['doc_26', 'doc_27', 'doc_14', 'doc_24', 'doc_23']",1.0,1,5,55
573394c84776f41900660dde,University_of_Notre_Dame,doc_26,"['doc_26', 'doc_27', 'doc_19', 'doc_25', 'doc_23']",1.0,1,5,55
5733974d4776f41900660e17,University_of_Notre_Dame,doc_27,"['doc_27', 'doc_23', 'doc_19', 'doc_22', 'doc_25']",1.0,1,5,55
5733974d4776f41900660e18,University_of_Notre_Dame,doc_27,"['doc_27', 'doc_19', 'doc_23', 'doc_54', 'doc_14']",1.0,1,5,55
5733974d4776f41900660e19,University_of_Notre_Dame,doc_27,"['doc_27', 'doc_23', 'doc_19', 'doc_22', 'doc_25']",1.0,1,5,55
5733974d4776f41900660e1a,University_of_Notre_Dame,doc_27,"['doc_30', 'doc_27', 'doc_44', 'doc_23', 'doc_7']",0.5,1,5,55
5733974d4776f41900660e1b,University_of_Notre_Dame,doc_27,"['doc_27', 'doc_26', 'doc_30', 'doc_49', 'doc_23']",1.0,1,5,55
573398164776f41900660e21,University_of_Notre_Dame,doc_28,"['doc_17', 'doc_40', 'doc_2', 'doc_19', 'doc_4']",0.0,0,5,55
573398164776f41900660e22,University_of_Notre_Dame,doc_28,"['doc_28', 'doc_41', 'doc_17', 'doc_38', 'doc_30']",1.0,1,5,55
573398164776f41900660e23,University_of_Notre_Dame,doc_28,"['doc_28', 'doc_0', 'doc_38', 'doc_35', 'doc_7']",1.0,1,5,55
573398164776f41900660e24,University_of_Notre_Dame,doc_28,"['doc_28', 'doc_0', 'doc_38', 'doc_7', 'doc_27']",1.0,1,5,55
573398164776f41900660e25,University_of_Notre_Dame,doc_28,"['doc_28', 'doc_0', 'doc_38', 'doc_30', 'doc_7']",1.0,1,5,55
573398ebd058e614000b5e66,University_of_Notre_Dame,doc_29,"['doc_29', 'doc_23', 'doc_19', 'doc_30', 'doc_22']",1.0,1,5,55
573398ebd058e614000b5e67,University_of_Notre_Dame,doc_29,"['doc_29', 'doc_30', 'doc_18', 'doc_7', 'doc_26']",1.0,1,5,55
573398ebd058e614000b5e68,University_of_Notre_Dame,doc_29,"['doc_29', 'doc_30', 'doc_38', 'doc_27', 'doc_19']",1.0,1,5,55
573398ebd058e614000b5e69,University_of_Notre_Dame,doc_29,"['doc_29', 'doc_30', 'doc_40', 'doc_15', 'doc_38']",1.0,1,5,55
573398ebd058e614000b5e6a,University_of_Notre_Dame,doc_29,"['doc_29', 'doc_30', 'doc_26', 'doc_40', 'doc_15']",1.0,1,5,55
57339a5bd058e614000b5e91,University_of_Notre_Dame,doc_30,"['doc_30', 'doc_16', 'doc_40', 'doc_15', 'doc_8']",1.0,1,5,55
57339a5bd058e614000b5e92,University_of_Notre_Dame,doc_30,"['doc_7', 'doc_30', 'doc_40', 'doc_19', 'doc_36']",0.5,1,5,55
57339a5bd058e614000b5e93,University_of_Notre_Dame,doc_30,"['doc_7', 'doc_36', 'doc_24', 'doc_30', 'doc_40']",0.25,1,5,55
57339a5bd058e614000b5e94,University_of_Notre_Dame,doc_30,"['doc_30', 'doc_44', 'doc_29', 'doc_7', 'doc_40']",1.0,1,5,55
57339a5bd058e614000b5e95,University_of_Notre_Dame,doc_30,"['doc_30', 'doc_40', 'doc_38', 'doc_45', 'doc_15']",1.0,1,5,55
57339b36d058e614000b5ea3,University_of_Notre_Dame,doc_31,"['doc_31', 'doc_26', 'doc_14', 'doc_27', 'doc_19']",1.0,1,5,55
57339b36d058e614000b5ea4,University_of_Notre_Dame,doc_31,"['doc_31', 'doc_15', 'doc_40', 'doc_17', 'doc_8']",1.0,1,5,55
57339b36d058e614000b5ea5,University_of_Notre_Dame,doc_31,"['doc_31', 'doc_9', 'doc_14', 'doc_26', 'doc_40']",1.0,1,5,55
57339b36d058e614000b5ea6,University_of_Notre_Dame,doc_31,"['doc_37', 'doc_14', 'doc_36', 'doc_31', 'doc_12']",0.25,1,5,55
57339c184776f41900660ea5,University_of_Notre_Dame,doc_32,"['doc_30', 'doc_19', 'doc_26', 'doc_25', 'doc_8']",0.0,0,5,55
57339c184776f41900660ea6,University_of_Notre_Dame,doc_32,"['doc_38', 'doc_32', 'doc_30', 'doc_40', 'doc_17']",0.5,1,5,55
57339c184776f41900660ea7,University_of_Notre_Dame,doc_32,"['doc_30', 'doc_17', 'doc_14', 'doc_40', 'doc_38']",0.0,0,5,55
57339c184776f41900660ea8,University_of_Notre_Dame,doc_32,"['doc_30', 'doc_26', 'doc_44', 'doc_19', 'doc_25']",0.0,0,5,55
5733a3cbd058e614000b5f3f,University_of_Notre_Dame,doc_33,"['doc_19', 'doc_4', 'doc_8', 'doc_41', 'doc_25']",0.0,0,5,55
5733a3cbd058e614000b5f40,University_of_Notre_Dame,doc_33,"['doc_19', 'doc_33', 'doc_25', 'doc_23', 'doc_40']",0.5,1,5,55
5733a3cbd058e614000b5f41,University_of_Notre_Dame,doc_33,"['doc_33', 'doc_19', 'doc_25', 'doc_35', 'doc_4']",1.0,1,5,55
5733a3cbd058e614000b5f42,University_of_Notre_Dame,doc_33,"['doc_40', 'doc_19', 'doc_38', 'doc_25', 'doc_8']",0.0,0,5,55
5733a3cbd058e614000b5f43,University_of_Notre_Dame,doc_33,"['doc_33', 'doc_40', 'doc_8', 'doc_4', 'doc_15']",1.0,1,5,55
5733a4c54776f41900660f2d,University_of_Notre_Dame,doc_34,"['doc_23', 'doc_19', 'doc_27', 'doc_34', 'doc_25']",0.25,1,5,55
5733a4c54776f41900660f2e,University_of_Notre_Dame,doc_34,"['doc_19', 'doc_34', 'doc_25', 'doc_26', 'doc_29']",0.5,1,5,55
5733a4c54776f41900660f2f,University_of_Notre_Dame,doc_34,"['doc_34', 'doc_19', 'doc_40', 'doc_27', 'doc_14']",1.0,1,5,55
5733a4c54776f41900660f30,University_of_Notre_Dame,doc_34,"['doc_29', 'doc_30', 'doc_34', 'doc_40', 'doc_7']",0.3333333333333333,1,5,55
5733a4c54776f41900660f31,University_of_Notre_Dame,doc_34,"['doc_8', 'doc_40', 'doc_15', 'doc_4', 'doc_34']",0.2,1,5,55
5733a55a4776f41900660f3a,University_of_Notre_Dame,doc_35,"['doc_19', 'doc_8', 'doc_40', 'doc_38', 'doc_25']",0.0,0,5,55
5733a55a4776f41900660f3b,University_of_Notre_Dame,doc_35,"['doc_35', 'doc_30', 'doc_40', 'doc_7', 'doc_29']",1.0,1,5,55
5733a55a4776f41900660f3c,University_of_Notre_Dame,doc_35,"['doc_35', 'doc_40', 'doc_8', 'doc_30', 'doc_38']",1.0,1,5,55
5733a55a4776f41900660f3d,University_of_Notre_Dame,doc_35,"['doc_35', 'doc_40', 'doc_30', 'doc_4', 'doc_16']",1.0,1,5,55
5733a55a4776f41900660f3e,University_of_Notre_Dame,doc_35,"['doc_35', 'doc_40', 'doc_31', 'doc_9', 'doc_30']",1.0,1,5,55
5733adb64776f41900661001,University_of_Notre_Dame,doc_36,"['doc_7', 'doc_19', 'doc_26', 'doc_30', 'doc_25']",0.0,0,5,55
5733adb64776f41900661002,University_of_Notre_Dame,doc_36,"['doc_7', 'doc_36', 'doc_30', 'doc_40', 'doc_38']",0.5,1,5,55
5733adb64776f41900661003,University_of_Notre_Dame,doc_36,"['doc_7', 'doc_40', 'doc_30', 'doc_15', 'doc_8']",0.0,0,5,55
5733adb64776f41900661004,University_of_Notre_Dame,doc_36,"['doc_7', 'doc_9', 'doc_40', 'doc_15', 'doc_30']",0.0,0,5,55
5733b496d058e614000b60ce,University_of_Notre_Dame,doc_37,"['doc_37', 'doc_13', 'doc_21', 'doc_10', 'doc_23']",1.0,1,5,55
5733b496d058e614000b60cf,University_of_Notre_Dame,doc_37,"['doc_37', 'doc_22', 'doc_25', 'doc_19', 'doc_40']",1.0,1,5,55
5733b496d058e614000b60d0,University_of_Notre_Dame,doc_37,"['doc_37', 'doc_10', 'doc_12', 'doc_11', 'doc_14']",1.0,1,5,55
5733b496d058e614000b60d1,University_of_Notre_Dame,doc_37,"['doc_37', 'doc_12', 'doc_11', 'doc_13', 'doc_10']",1.0,1,5,55
5733b496d058e614000b60d2,University_of_Notre_Dame,doc_37,"['doc_37', 'doc_10', 'doc_24', 'doc_11', 'doc_6']",1.0,1,5,55
573382a14776f41900660c2d,University_of_Notre_Dame,doc_38,"['doc_38', 'doc_40', 'doc_19', 'doc_8', 'doc_30']",1.0,1,5,55
573382a14776f41900660c2e,University_of_Notre_Dame,doc_38,"['doc_40', 'doc_38', 'doc_19', 'doc_8', 'doc_31']",0.5,1,5,55
573382a14776f41900660c2f,University_of_Notre_Dame,doc_38,"['doc_38', 'doc_0', 'doc_28', 'doc_52', 'doc_2']",1.0,1,5,55
573382a14776f41900660c30,University_of_Notre_Dame,doc_38,"['doc_38', 'doc_52', 'doc_21', 'doc_46', 'doc_22']",1.0,1,5,55
573382a14776f41900660c31,University_of_Notre_Dame,doc_38,"['doc_38', 'doc_40', 'doc_30', 'doc_8', 'doc_15']",1.0,1,5,55
573383494776f41900660c41,University_of_Notre_Dame,doc_39,"['doc_21', 'doc_39', 'doc_19', 'doc_40', 'doc_48']",0.5,1,5,55
573383494776f41900660c42,University_of_Notre_Dame,doc_39,"['doc_39', 'doc_20', 'doc_49', 'doc_21', 'doc_48']",1.0,1,5,55
573383494776f41900660c43,University_of_Notre_Dame,doc_39,"['doc_45', 'doc_46', 'doc_15', 'doc_40', 'doc_39']",0.2,1,5,55
573383494776f41900660c44,University_of_Notre_Dame,doc_39,"['doc_48', 'doc_15', 'doc_39', 'doc_8', 'doc_54']",0.3333333333333333,1,5,55
573383494776f41900660c45,University_of_Notre_Dame,doc_39,"['doc_54', 'doc_48', 'doc_39', 'doc_15', 'doc_8']",0.3333333333333333,1,5,55
573383e94776f41900660c5a,University_of_Notre_Dame,doc_40,"['doc_9', 'doc_40', 'doc_8', 'doc_15', 'doc_14']",0.5,1,5,55
573383e94776f41900660c5b,University_of_Notre_Dame,doc_40,"['doc_40', 'doc_8', 'doc_15', 'doc_19', 'doc_4']",1.0,1,5,55
573383e94776f41900660c5c,University_of_Notre_Dame,doc_40,"['doc_35', 'doc_40', 'doc_30', 'doc_31', 'doc_15']",0.5,1,5,55
573383e94776f41900660c5d,University_of_Notre_Dame,doc_40,"['doc_40', 'doc_14', 'doc_9', 'doc_5', 'doc_8']",1.0,1,5,55
573383e94776f41900660c5e,University_of_Notre_Dame,doc_40,"['doc_40', 'doc_38', 'doc_30', 'doc_17', 'doc_31']",1.0,1,5,55
5733849bd058e614000b5c56,University_of_Notre_Dame,doc_41,"['doc_41', 'doc_42', 'doc_28', 'doc_26', 'doc_19']",1.0,1,5,55
5733849bd058e614000b5c57,University_of_Notre_Dame,doc_41,"['doc_41', 'doc_28', 'doc_42', 'doc_2', 'doc_26']",1.0,1,5,55
5733849bd058e614000b5c58,University_of_Notre_Dame,doc_41,"['doc_41', 'doc_28', 'doc_2', 'doc_17', 'doc_22']",1.0,1,5,55
5733849bd058e614000b5c59,University_of_Notre_Dame,doc_41,"['doc_41', 'doc_2', 'doc_17', 'doc_21', 'doc_22']",1.0,1,5,55
5733849bd058e614000b5c5a,University_of_Notre_Dame,doc_41,"['doc_42', 'doc_33', 'doc_41', 'doc_18', 'doc_4']",0.3333333333333333,1,5,55
573385394776f41900660c7f,University_of_Notre_Dame,doc_42,"['doc_19', 'doc_25', 'doc_8', 'doc_4', 'doc_26']",0.0,0,5,55
573385394776f41900660c80,University_of_Notre_Dame,doc_42,"['doc_42', 'doc_18', 'doc_28', 'doc_41', 'doc_30']",1.0,1,5,55
573385394776f41900660c81,University_of_Notre_Dame,doc_42,"['doc_7', 'doc_19', 'doc_30', 'doc_23', 'doc_40']",0.0,0,5,55
573385394776f41900660c82,University_of_Notre_Dame,doc_42,"['doc_7', 'doc_19', 'doc_30', 'doc_26', 'doc_36']",0.0,0,5,55
573385394776f41900660c83,University_of_Notre_Dame,doc_42,"['doc_7', 'doc_30', 'doc_19', 'doc_36', 'doc_40']",0.0,0,5,55
5733c0064776f41900661198,University_of_Notre_Dame,doc_43,"['doc_43', 'doc_38', 'doc_40', 'doc_30', 'doc_21']",1.0,1,5,55
5733c0064776f41900661199,University_of_Notre_Dame,doc_43,"['doc_43', 'doc_1', 'doc_15', 'doc_9', 'doc_40']",1.0,1,5,55
5733c0064776f4190066119a,University_of_Notre_Dame,doc_43,"['doc_43', 'doc_1', 'doc_17', 'doc_15', 'doc_30']",1.0,1,5,55
5733c0064776f4190066119b,University_of_Notre_Dame,doc_43,"['doc_43', 'doc_38', 'doc_40', 'doc_21', 'doc_45']",1.0,1,5,55
5733c0e6d058e614000b61d7,University_of_Notre_Dame,doc_44,"['doc_44', 'doc_30', 'doc_8', 'doc_40', 'doc_26']",1.0,1,5,55
5733c0e6d058e614000b61d8,University_of_Notre_Dame,doc_44,"['doc_44', 'doc_30', 'doc_31', 'doc_7', 'doc_25']",1.0,1,5,55
5733c0e6d058e614000b61d9,University_of_Notre_Dame,doc_44,"['doc_44', 'doc_29', 'doc_30', 'doc_41', 'doc_2']",1.0,1,5,55
5733c0e6d058e614000b61da,University_of_Notre_Dame,doc_44,"['doc_44', 'doc_30', 'doc_29', 'doc_31', 'doc_7']",1.0,1,5,55
5733c0e6d058e614000b61db,University_of_Notre_Dame,doc_44,"['doc_44', 'doc_30', 'doc_29', 'doc_18', 'doc_23']",1.0,1,5,55
5733c1a94776f419006611a6,University_of_Notre_Dame,doc_45,"['doc_45', 'doc_39', 'doc_46', 'doc_20', 'doc_40']",1.0,1,5,55
5733c1a94776f419006611a7,University_of_Notre_Dame,doc_45,"['doc_45', 'doc_46', 'doc_39', 'doc_48', 'doc_21']",1.0,1,5,55
5733c1a94776f419006611a8,University_of_Notre_Dame,doc_45,"['doc_45', 'doc_46', 'doc_48', 'doc_51', 'doc_15']",1.0,1,5,55
5733c1a94776f419006611a9,University_of_Notre_Dame,doc_45,"['doc_45', 'doc_46', 'doc_51', 'doc_15', 'doc_30']",1.0,1,5,55
5733c1a94776f419006611aa,University_of_Notre_Dame,doc_45,"['doc_45', 'doc_46', 'doc_51', 'doc_39', 'doc_48']",1.0,1,5,55
5733c29c4776f419006611b8,University_of_Notre_Dame,doc_46,"['doc_45', 'doc_46', 'doc_51', 'doc_39', 'doc_21']",0.5,1,5,55
5733c29c4776f419006611b9,University_of_Notre_Dame,doc_46,"['doc_45', 'doc_46', 'doc_51', 'doc_48', 'doc_39']",0.5,1,5,55
5733c29c4776f419006611ba,University_of_Notre_Dame,doc_46,"['doc_45', 'doc_46', 'doc_51', 'doc_39', 'doc_48']",0.5,1,5,55
5733c29c4776f419006611bb,University_of_Notre_Dame,doc_46,"['doc_46', 'doc_45', 'doc_47', 'doc_39', 'doc_48']",1.0,1,5,55
5733c29c4776f419006611bc,University_of_Notre_Dame,doc_46,"['doc_46', 'doc_45', 'doc_39', 'doc_47', 'doc_48']",1.0,1,5,55
5733c3184776f419006611c2,University_of_Notre_Dame,doc_47,"['doc_47', 'doc_46', 'doc_45', 'doc_40', 'doc_30']",1.0,1,5,55
5733c3184776f419006611c3,University_of_Notre_Dame,doc_47,"['doc_47', 'doc_46', 'doc_48', 'doc_40', 'doc_26']",1.0,1,5,55
5733c3184776f419006611c4,University_of_Notre_Dame,doc_47,"['doc_47', 'doc_52', 'doc_39', 'doc_46', 'doc_50']",1.0,1,5,55
5733c3184776f419006611c5,University_of_Notre_Dame,doc_47,"['doc_47', 'doc_52', 'doc_39', 'doc_50', 'doc_40']",1.0,1,5,55
5733c3184776f419006611c6,University_of_Notre_Dame,doc_47,"['doc_52', 'doc_47', 'doc_39', 'doc_45', 'doc_46']",0.5,1,5,55
5733c4494776f419006611da,University_of_Notre_Dame,doc_48,"['doc_39', 'doc_21', 'doc_48', 'doc_46', 'doc_45']",0.3333333333333333,1,5,55
5733c4494776f419006611db,University_of_Notre_Dame,doc_48,"['doc_48', 'doc_46', 'doc_45', 'doc_39', 'doc_21']",1.0,1,5,55
5733c4494776f419006611dc,University_of_Notre_Dame,doc_48,"['doc_48', 'doc_39', 'doc_40', 'doc_54', 'doc_20']",1.0,1,5,55
5733c4494776f419006611dd,University_of_Notre_Dame,doc_48,"['doc_48', 'doc_45', 'doc_46', 'doc_51', 'doc_39']",1.0,1,5,55
5733c4494776f419006611de,University_of_Notre_Dame,doc_48,"['doc_15', 'doc_8', 'doc_39', 'doc_40', 'doc_48']",0.2,1,5,55
5733c743d058e614000b622d,University_of_Notre_Dame,doc_49,"['doc_39', 'doc_20', 'doc_49', 'doc_48', 'doc_21']",0.3333333333333333,1,5,55
5733c743d058e614000b622e,University_of_Notre_Dame,doc_49,"['doc_53', 'doc_49', 'doc_20', 'doc_21', 'doc_39']",0.5,1,5,55
5733c743d058e614000b622f,University_of_Notre_Dame,doc_49,"['doc_20', 'doc_53', 'doc_49', 'doc_39', 'doc_21']",0.3333333333333333,1,5,55
5733c743d058e614000b6230,University_of_Notre_Dame,doc_49,"['doc_53', 'doc_20', 'doc_49', 'doc_21', 'doc_39']",0.3333333333333333,1,5,55
5733c743d058e614000b6231,University_of_Notre_Dame,doc_49,"['doc_30', 'doc_15', 'doc_40', 'doc_8', 'doc_51']",0.0,0,5,55
5733ca05d058e614000b6263,University_of_Notre_Dame,doc_50,"['doc_50', 'doc_30', 'doc_40', 'doc_21', 'doc_46']",1.0,1,5,55
5733ca05d058e614000b6264,University_of_Notre_Dame,doc_50,"['doc_50', 'doc_21', 'doc_46', 'doc_47', 'doc_45']",1.0,1,5,55
5733ca05d058e614000b6265,University_of_Notre_Dame,doc_50,"['doc_50', 'doc_47', 'doc_52', 'doc_46', 'doc_45']",1.0,1,5,55
5733ca05d058e614000b6266,University_of_Notre_Dame,doc_50,"['doc_50', 'doc_47', 'doc_52', 'doc_45', 'doc_39']",1.0,1,5,55
5733ca05d058e614000b6267,University_of_Notre_Dame,doc_50,"['doc_50', 'doc_46', 'doc_45', 'doc_48', 'doc_30']",1.0,1,5,55
5733caf74776f4190066124c,University_of_Notre_Dame,doc_51,"['doc_51', 'doc_48', 'doc_45', 'doc_39', 'doc_15']",1.0,1,5,55
5733caf74776f4190066124d,University_of_Notre_Dame,doc_51,"['doc_51', 'doc_48', 'doc_45', 'doc_15', 'doc_40']",1.0,1,5,55
5733caf74776f4190066124e,University_of_Notre_Dame,doc_51,"['doc_51', 'doc_45', 'doc_15', 'doc_39', 'doc_48']",1.0,1,5,55
5733caf74776f4190066124f,University_of_Notre_Dame,doc_51,"['doc_51', 'doc_48', 'doc_15', 'doc_30', 'doc_39']",1.0,1,5,55
5733caf74776f41900661250,University_of_Notre_Dame,doc_51,"['doc_51', 'doc_27', 'doc_45', 'doc_20', 'doc_46']",1.0,1,5,55
5733cbdad058e614000b628d,University_of_Notre_Dame,doc_52,"['doc_52', 'doc_47', 'doc_39', 'doc_53', 'doc_50']",1.0,1,5,55
5733cbdad058e614000b628e,University_of_Notre_Dame,doc_52,"['doc_27', 'doc_26', 'doc_19', 'doc_23', 'doc_25']",0.0,0,5,55
5733cbdad058e614000b628f,University_of_Notre_Dame,doc_52,"['doc_52', 'doc_47', 'doc_50', 'doc_39', 'doc_53']",1.0,1,5,55
5733cbdad058e614000b6290,University_of_Notre_Dame,doc_52,"['doc_52', 'doc_47', 'doc_21', 'doc_39', 'doc_53']",1.0,1,5,55
5733cbdad058e614000b6291,University_of_Notre_Dame,doc_52,"['doc_52', 'doc_47', 'doc_50', 'doc_39', 'doc_46']",1.0,1,5,55
5733ccbe4776f41900661270,University_of_Notre_Dame,doc_53,"['doc_53', 'doc_23', 'doc_24', 'doc_49', 'doc_13']",1.0,1,5,55
5733ccbe4776f41900661271,University_of_Notre_Dame,doc_53,"['doc_53', 'doc_49', 'doc_52', 'doc_21', 'doc_22']",1.0,1,5,55
5733ccbe4776f41900661272,University_of_Notre_Dame,doc_53,"['doc_53', 'doc_49', 'doc_54', 'doc_20', 'doc_15']",1.0,1,5,55
5733ccbe4776f41900661273,University_of_Notre_Dame,doc_53,"['doc_53', 'doc_54', 'doc_49', 'doc_11', 'doc_10']",1.0,1,5,55
5733ccbe4776f41900661274,University_of_Notre_Dame,doc_53,"['doc_53', 'doc_20', 'doc_49', 'doc_39', 'doc_21']",1.0,1,5,55
5733cd504776f4190066128e,University_of_Notre_Dame,doc_54,"['doc_54', 'doc_25', 'doc_19', 'doc_27', 'doc_23']",1.0,1,5,55
5733cd504776f4190066128f,University_of_Notre_Dame,doc_54,"['doc_54', 'doc_14', 'doc_25', 'doc_31', 'doc_40']",1.0,1,5,55
5733cd504776f41900661290,University_of_Notre_Dame,doc_54,"['doc_27', 'doc_19', 'doc_22', 'doc_23', 'doc_25']",0.0,0,5,55
5733cd504776f41900661291,University_of_Notre_Dame,doc_54,"['doc_53', 'doc_51', 'doc_54', 'doc_48', 'doc_49']",0.3333333333333333,1,5,55
5733cd504776f41900661292,University_of_Notre_Dame,doc_54,"['doc_54', 'doc_8', 'doc_40', 'doc_25', 'doc_31']",1.0,1,5,55
56be85543aeaaa14008c9063,Beyoncé,doc_0,"['doc_2', 'doc_1', 'doc_52', 'doc_0', 'doc_14']",0.25,1,5,66
56be85543aeaaa14008c9065,Beyoncé,doc_0,"['doc_4', 'doc_5', 'doc_0', 'doc_1', 'doc_2']",0.3333333333333333,1,5,66
56be85543aeaaa14008c9066,Beyoncé,doc_0,"['doc_1', 'doc_11', 'doc_0', 'doc_10', 'doc_8']",0.3333333333333333,1,5,66
56bf6b0f3aeaaa14008c9601,Beyoncé,doc_0,"['doc_4', 'doc_3', 'doc_0', 'doc_5', 'doc_1']",0.3333333333333333,1,5,66
56bf6b0f3aeaaa14008c9602,Beyoncé,doc_0,"['doc_2', 'doc_0', 'doc_1', 'doc_52', 'doc_50']",0.5,1,5,66
56bf6b0f3aeaaa14008c9603,Beyoncé,doc_0,"['doc_5', 'doc_6', 'doc_0', 'doc_1', 'doc_8']",0.3333333333333333,1,5,66
56bf6b0f3aeaaa14008c9604,Beyoncé,doc_0,"['doc_53', 'doc_23', 'doc_2', 'doc_50', 'doc_51']",0.0,0,5,66
56bf6b0f3aeaaa14008c9605,Beyoncé,doc_0,"['doc_6', 'doc_11', 'doc_8', 'doc_7', 'doc_5']",0.0,0,5,66
56cef8faaab44d1400b88d67,Beyoncé,doc_0,"['doc_3', 'doc_0', 'doc_4', 'doc_5', 'doc_1']",0.5,1,5,66
56cef8faaab44d1400b88d68,Beyoncé,doc_0,"['doc_10', 'doc_1', 'doc_12', 'doc_23', 'doc_39']",0.0,0,5,66
56cef8faaab44d1400b88d6a,Beyoncé,doc_0,"['doc_0', 'doc_1', 'doc_2', 'doc_24', 'doc_23']",1.0,1,5,66
56cef8faaab44d1400b88d6b,Beyoncé,doc_0,"['doc_0', 'doc_3', 'doc_1', 'doc_47', 'doc_23']",1.0,1,5,66
56d43c5f2ccc5a1400d830a9,Beyoncé,doc_0,"['doc_0', 'doc_1', 'doc_2', 'doc_5', 'doc_52']",1.0,1,5,66
56d43c5f2ccc5a1400d830aa,Beyoncé,doc_0,"['doc_11', 'doc_8', 'doc_0', 'doc_1', 'doc_36']",0.3333333333333333,1,5,66
56d43c5f2ccc5a1400d830ab,Beyoncé,doc_0,"['doc_10', 'doc_1', 'doc_12', 'doc_23', 'doc_39']",0.0,0,5,66
56d43c5f2ccc5a1400d830ac,Beyoncé,doc_0,"['doc_10', 'doc_11', 'doc_23', 'doc_12', 'doc_1']",0.0,0,5,66
56d43c5f2ccc5a1400d830ad,Beyoncé,doc_0,"['doc_10', 'doc_54', 'doc_1', 'doc_53', 'doc_23']",0.0,0,5,66
56d43ce42ccc5a1400d830b4,Beyoncé,doc_0,"['doc_11', 'doc_0', 'doc_8', 'doc_1', 'doc_6']",0.5,1,5,66
56d43ce42ccc5a1400d830b5,Beyoncé,doc_0,"['doc_10', 'doc_1', 'doc_12', 'doc_23', 'doc_39']",0.0,0,5,66
56d43ce42ccc5a1400d830b6,Beyoncé,doc_0,"['doc_10', 'doc_1', 'doc_12', 'doc_23', 'doc_39']",0.0,0,5,66
56be86cf3aeaaa14008c9076,Beyoncé,doc_1,"['doc_1', 'doc_23', 'doc_39', 'doc_13', 'doc_36']",1.0,1,5,66
56be86cf3aeaaa14008c9078,Beyoncé,doc_1,"['doc_14', 'doc_26', 'doc_29', 'doc_2', 'doc_23']",0.0,0,5,66
56be86cf3aeaaa14008c9079,Beyoncé,doc_1,"['doc_54', 'doc_16', 'doc_2', 'doc_24', 'doc_53']",0.0,0,5,66
56bf6e823aeaaa14008c9627,Beyoncé,doc_1,"['doc_13', 'doc_24', 'doc_15', 'doc_1', 'doc_54']",0.25,1,5,66
56bf6e823aeaaa14008c9629,Beyoncé,doc_1,"['doc_17', 'doc_1', 'doc_7', 'doc_23', 'doc_5']",0.5,1,5,66
56bf6e823aeaaa14008c962a,Beyoncé,doc_1,"['doc_1', 'doc_35', 'doc_39', 'doc_23', 'doc_10']",1.0,1,5,66
56bf6e823aeaaa14008c962b,Beyoncé,doc_1,"['doc_43', 'doc_1', 'doc_39', 'doc_15', 'doc_14']",0.5,1,5,66
56d43da72ccc5a1400d830bd,Beyoncé,doc_1,"['doc_11', 'doc_6', 'doc_8', 'doc_5', 'doc_7']",0.0,0,5,66
56d43da72ccc5a1400d830be,Beyoncé,doc_1,"['doc_12', 'doc_1', 'doc_39', 'doc_10', 'doc_23']",0.5,1,5,66
56d43da72ccc5a1400d830bf,Beyoncé,doc_1,"['doc_13', 'doc_15', 'doc_9', 'doc_1', 'doc_5']",0.25,1,5,66
56d43da72ccc5a1400d830c0,Beyoncé,doc_1,"['doc_14', 'doc_26', 'doc_29', 'doc_33', 'doc_23']",0.0,0,5,66
56d43da72ccc5a1400d830c1,Beyoncé,doc_1,"['doc_43', 'doc_1', 'doc_0', 'doc_48', 'doc_47']",0.5,1,5,66
56be88473aeaaa14008c9080,Beyoncé,doc_2,"['doc_35', 'doc_34', 'doc_39', 'doc_38', 'doc_36']",0.0,0,5,66
56be88473aeaaa14008c9083,Beyoncé,doc_2,"['doc_50', 'doc_45', 'doc_53', 'doc_2', 'doc_33']",0.25,1,5,66
56be88473aeaaa14008c9084,Beyoncé,doc_2,"['doc_50', 'doc_2', 'doc_42', 'doc_53', 'doc_45']",0.5,1,5,66
56bf725c3aeaaa14008c9643,Beyoncé,doc_2,"['doc_53', 'doc_2', 'doc_50', 'doc_23', 'doc_1']",0.5,1,5,66
56bf725c3aeaaa14008c9644,Beyoncé,doc_2,"['doc_50', 'doc_2', 'doc_42', 'doc_33', 'doc_45']",0.5,1,5,66
56bf725c3aeaaa14008c9645,Beyoncé,doc_2,"['doc_30', 'doc_2', 'doc_39', 'doc_40', 'doc_43']",0.5,1,5,66
56bf725c3aeaaa14008c9646,Beyoncé,doc_2,"['doc_50', 'doc_33', 'doc_45', 'doc_2', 'doc_53']",0.25,1,5,66
56bf725c3aeaaa14008c9647,Beyoncé,doc_2,"['doc_2', 'doc_53', 'doc_23', 'doc_33', 'doc_1']",1.0,1,5,66
56d43f7e2ccc5a1400d830c7,Beyoncé,doc_2,"['doc_11', 'doc_8', 'doc_6', 'doc_53', 'doc_2']",0.2,1,5,66
56d43f7e2ccc5a1400d830c8,Beyoncé,doc_2,"['doc_1', 'doc_10', 'doc_11', 'doc_23', 'doc_2']",0.2,1,5,66
56d43f7e2ccc5a1400d830c9,Beyoncé,doc_2,"['doc_54', 'doc_2', 'doc_24', 'doc_16', 'doc_53']",0.5,1,5,66
56d43f7e2ccc5a1400d830cb,Beyoncé,doc_2,"['doc_50', 'doc_2', 'doc_42', 'doc_45', 'doc_33']",0.5,1,5,66
56be892d3aeaaa14008c908b,Beyoncé,doc_3,"['doc_41', 'doc_5', 'doc_1', 'doc_3', 'doc_24']",0.25,1,5,66
56be892d3aeaaa14008c908c,Beyoncé,doc_3,"['doc_3', 'doc_47', 'doc_0', 'doc_1', 'doc_52']",1.0,1,5,66
56be892d3aeaaa14008c908d,Beyoncé,doc_3,"['doc_3', 'doc_0', 'doc_49', 'doc_46', 'doc_28']",1.0,1,5,66
56be892d3aeaaa14008c908e,Beyoncé,doc_3,"['doc_3', 'doc_4', 'doc_0', 'doc_5', 'doc_2']",1.0,1,5,66
56bf74d53aeaaa14008c9659,Beyoncé,doc_3,"['doc_61', 'doc_58', 'doc_55', 'doc_5', 'doc_60']",0.0,0,5,66
56bf74d53aeaaa14008c965a,Beyoncé,doc_3,"['doc_5', 'doc_1', 'doc_0', 'doc_3', 'doc_17']",0.25,1,5,66
56bf74d53aeaaa14008c965b,Beyoncé,doc_3,"['doc_8', 'doc_11', 'doc_5', 'doc_0', 'doc_6']",0.0,0,5,66
56bf74d53aeaaa14008c965d,Beyoncé,doc_3,"['doc_2', 'doc_3', 'doc_0', 'doc_47', 'doc_60']",0.5,1,5,66
56d440df2ccc5a1400d830d1,Beyoncé,doc_3,"['doc_5', 'doc_3', 'doc_0', 'doc_1', 'doc_57']",0.5,1,5,66
56d440df2ccc5a1400d830d2,Beyoncé,doc_3,"['doc_60', 'doc_3', 'doc_61', 'doc_4', 'doc_5']",0.5,1,5,66
56d440df2ccc5a1400d830d3,Beyoncé,doc_3,"['doc_3', 'doc_5', 'doc_0', 'doc_1', 'doc_28']",1.0,1,5,66
56d440df2ccc5a1400d830d4,Beyoncé,doc_3,"['doc_3', 'doc_60', 'doc_0', 'doc_2', 'doc_40']",1.0,1,5,66
56d440df2ccc5a1400d830d5,Beyoncé,doc_3,"['doc_3', 'doc_0', 'doc_2', 'doc_4', 'doc_5']",1.0,1,5,66
56be8a583aeaaa14008c9094,Beyoncé,doc_4,"['doc_4', 'doc_5', 'doc_3', 'doc_0', 'doc_1']",1.0,1,5,66
56be8a583aeaaa14008c9095,Beyoncé,doc_4,"['doc_34', 'doc_42', 'doc_38', 'doc_4', 'doc_51']",0.25,1,5,66
56be8a583aeaaa14008c9097,Beyoncé,doc_4,"['doc_4', 'doc_5', 'doc_3', 'doc_0', 'doc_63']",1.0,1,5,66
56bf76ef3aeaaa14008c9664,Beyoncé,doc_4,"['doc_4', 'doc_5', 'doc_38', 'doc_34', 'doc_51']",1.0,1,5,66
56bf76ef3aeaaa14008c9665,Beyoncé,doc_4,"['doc_4', 'doc_0', 'doc_5', 'doc_24', 'doc_1']",1.0,1,5,66
56bf76ef3aeaaa14008c9666,Beyoncé,doc_4,"['doc_4', 'doc_62', 'doc_58', 'doc_5', 'doc_0']",1.0,1,5,66
56bf76ef3aeaaa14008c9667,Beyoncé,doc_4,"['doc_4', 'doc_5', 'doc_21', 'doc_24', 'doc_54']",1.0,1,5,66
56d443ef2ccc5a1400d830db,Beyoncé,doc_4,"['doc_4', 'doc_5', 'doc_3', 'doc_0', 'doc_63']",1.0,1,5,66
56d443ef2ccc5a1400d830dc,Beyoncé,doc_4,"['doc_4', 'doc_52', 'doc_14', 'doc_5', 'doc_3']",1.0,1,5,66
56d443ef2ccc5a1400d830dd,Beyoncé,doc_4,"['doc_4', 'doc_5', 'doc_24', 'doc_54', 'doc_0']",1.0,1,5,66
56d443ef2ccc5a1400d830df,Beyoncé,doc_4,"['doc_5', 'doc_4', 'doc_1', 'doc_24', 'doc_34']",0.5,1,5,66
56be8bab3aeaaa14008c909f,Beyoncé,doc_5,"['doc_5', 'doc_57', 'doc_24', 'doc_4', 'doc_52']",1.0,1,5,66
56be8bab3aeaaa14008c90a0,Beyoncé,doc_5,"['doc_5', 'doc_6', 'doc_8', 'doc_11', 'doc_41']",1.0,1,5,66
56be8bab3aeaaa14008c90a1,Beyoncé,doc_5,"['doc_5', 'doc_6', 'doc_10', 'doc_8', 'doc_13']",1.0,1,5,66
56bf79c73aeaaa14008c966d,Beyoncé,doc_5,"['doc_5', 'doc_4', 'doc_0', 'doc_13', 'doc_24']",1.0,1,5,66
56bf79c73aeaaa14008c966e,Beyoncé,doc_5,"['doc_5', 'doc_1', 'doc_17', 'doc_7', 'doc_41']",1.0,1,5,66
56bf79c73aeaaa14008c966f,Beyoncé,doc_5,"['doc_5', 'doc_10', 'doc_6', 'doc_1', 'doc_23']",1.0,1,5,66
56bf79c73aeaaa14008c9670,Beyoncé,doc_5,"['doc_5', 'doc_6', 'doc_10', 'doc_1', 'doc_57']",1.0,1,5,66
56bf79c73aeaaa14008c9671,Beyoncé,doc_5,"['doc_5', 'doc_26', 'doc_14', 'doc_27', 'doc_1']",1.0,1,5,66
56d45abf2ccc5a1400d830e5,Beyoncé,doc_5,"['doc_5', 'doc_7', 'doc_26', 'doc_14', 'doc_1']",1.0,1,5,66
56d45abf2ccc5a1400d830e6,Beyoncé,doc_5,"['doc_5', 'doc_0', 'doc_1', 'doc_41', 'doc_10']",1.0,1,5,66
56d45abf2ccc5a1400d830e7,Beyoncé,doc_5,"['doc_5', 'doc_6', 'doc_8', 'doc_16', 'doc_4']",1.0,1,5,66
56d45abf2ccc5a1400d830e8,Beyoncé,doc_5,"['doc_5', 'doc_41', 'doc_1', 'doc_0', 'doc_7']",1.0,1,5,66
56d45abf2ccc5a1400d830e9,Beyoncé,doc_5,"['doc_5', 'doc_6', 'doc_8', 'doc_0', 'doc_11']",1.0,1,5,66
56be8c8a3aeaaa14008c90a9,Beyoncé,doc_6,"['doc_6', 'doc_8', 'doc_11', 'doc_10', 'doc_1']",1.0,1,5,66
56be8c8a3aeaaa14008c90ab,Beyoncé,doc_6,"['doc_8', 'doc_6', 'doc_11', 'doc_54', 'doc_21']",0.5,1,5,66
56be8c8a3aeaaa14008c90ac,Beyoncé,doc_6,"['doc_15', 'doc_9', 'doc_13', 'doc_1', 'doc_5']",0.0,0,5,66
56bf7cb63aeaaa14008c9677,Beyoncé,doc_6,"['doc_6', 'doc_11', 'doc_8', 'doc_0', 'doc_5']",1.0,1,5,66
56bf7cb63aeaaa14008c9678,Beyoncé,doc_6,"['doc_6', 'doc_8', 'doc_11', 'doc_0', 'doc_21']",1.0,1,5,66
56bf7cb63aeaaa14008c9679,Beyoncé,doc_6,"['doc_6', 'doc_9', 'doc_15', 'doc_13', 'doc_8']",1.0,1,5,66
56bf7cb63aeaaa14008c967a,Beyoncé,doc_6,"['doc_54', 'doc_24', 'doc_16', 'doc_21', 'doc_53']",0.0,0,5,66
56bf7cb63aeaaa14008c967b,Beyoncé,doc_6,"['doc_15', 'doc_9', 'doc_21', 'doc_24', 'doc_1']",0.0,0,5,66
56d45fcb2ccc5a1400d830f9,Beyoncé,doc_6,"['doc_6', 'doc_8', 'doc_11', 'doc_5', 'doc_0']",1.0,1,5,66
56d45fcb2ccc5a1400d830fa,Beyoncé,doc_6,"['doc_6', 'doc_8', 'doc_9', 'doc_21', 'doc_11']",1.0,1,5,66
56d45fcb2ccc5a1400d830fb,Beyoncé,doc_6,"['doc_6', 'doc_8', 'doc_11', 'doc_10', 'doc_0']",1.0,1,5,66
56d45fcb2ccc5a1400d830fc,Beyoncé,doc_6,"['doc_6', 'doc_11', 'doc_8', 'doc_12', 'doc_1']",1.0,1,5,66
56d45fcb2ccc5a1400d830fd,Beyoncé,doc_6,"['doc_24', 'doc_21', 'doc_15', 'doc_9', 'doc_14']",0.0,0,5,66
56be8d423aeaaa14008c90b2,Beyoncé,doc_7,"['doc_7', 'doc_1', 'doc_23', 'doc_17', 'doc_57']",1.0,1,5,66
56be8d423aeaaa14008c90b3,Beyoncé,doc_7,"['doc_48', 'doc_49', 'doc_7', 'doc_57', 'doc_65']",0.3333333333333333,1,5,66
56be8d423aeaaa14008c90b6,Beyoncé,doc_7,"['doc_7', 'doc_51', 'doc_23', 'doc_63', 'doc_32']",1.0,1,5,66
56bf7e603aeaaa14008c9681,Beyoncé,doc_7,"['doc_7', 'doc_23', 'doc_17', 'doc_1', 'doc_14']",1.0,1,5,66
56bf7e603aeaaa14008c9682,Beyoncé,doc_7,"['doc_7', 'doc_17', 'doc_23', 'doc_1', 'doc_14']",1.0,1,5,66
56bf7e603aeaaa14008c9685,Beyoncé,doc_7,"['doc_7', 'doc_51', 'doc_40', 'doc_17', 'doc_2']",1.0,1,5,66
56d462f82ccc5a1400d8311f,Beyoncé,doc_7,"['doc_8', 'doc_7', 'doc_11', 'doc_5', 'doc_6']",0.5,1,5,66
56d462f82ccc5a1400d83120,Beyoncé,doc_7,"['doc_7', 'doc_8', 'doc_11', 'doc_5', 'doc_6']",1.0,1,5,66
56d462f82ccc5a1400d83121,Beyoncé,doc_7,"['doc_7', 'doc_17', 'doc_1', 'doc_36', 'doc_11']",1.0,1,5,66
56d462f82ccc5a1400d83123,Beyoncé,doc_7,"['doc_8', 'doc_11', 'doc_6', 'doc_7', 'doc_5']",0.25,1,5,66
56be8e353aeaaa14008c90c6,Beyoncé,doc_8,"['doc_8', 'doc_9', 'doc_6', 'doc_41', 'doc_11']",1.0,1,5,66
56be8e353aeaaa14008c90c7,Beyoncé,doc_8,"['doc_8', 'doc_37', 'doc_19', 'doc_14', 'doc_12']",1.0,1,5,66
56be8e353aeaaa14008c90c8,Beyoncé,doc_8,"['doc_15', 'doc_13', 'doc_9', 'doc_1', 'doc_24']",0.0,0,5,66
56be8e353aeaaa14008c90c9,Beyoncé,doc_8,"['doc_8', 'doc_12', 'doc_19', 'doc_11', 'doc_23']",1.0,1,5,66
56bf89cfa10cfb1400551162,Beyoncé,doc_8,"['doc_8', 'doc_37', 'doc_56', 'doc_2', 'doc_13']",1.0,1,5,66
56bf89cfa10cfb1400551163,Beyoncé,doc_8,"['doc_8', 'doc_6', 'doc_57', 'doc_12', 'doc_5']",1.0,1,5,66
56d4831f2ccc5a1400d83154,Beyoncé,doc_8,"['doc_8', 'doc_9', 'doc_13', 'doc_6', 'doc_15']",1.0,1,5,66
56d4831f2ccc5a1400d83155,Beyoncé,doc_8,"['doc_15', 'doc_9', 'doc_13', 'doc_1', 'doc_8']",0.2,1,5,66
56d4831f2ccc5a1400d83156,Beyoncé,doc_8,"['doc_11', 'doc_6', 'doc_8', 'doc_1', 'doc_5']",0.3333333333333333,1,5,66
56d4831f2ccc5a1400d83157,Beyoncé,doc_8,"['doc_8', 'doc_63', 'doc_57', 'doc_5', 'doc_7']",1.0,1,5,66
56d4831f2ccc5a1400d83158,Beyoncé,doc_8,"['doc_11', 'doc_8', 'doc_6', 'doc_17', 'doc_7']",0.5,1,5,66
56be8fdf3aeaaa14008c90da,Beyoncé,doc_9,"['doc_9', 'doc_15', 'doc_13', 'doc_52', 'doc_55']",1.0,1,5,66
56be8fdf3aeaaa14008c90db,Beyoncé,doc_9,"['doc_9', 'doc_19', 'doc_37', 'doc_52', 'doc_23']",1.0,1,5,66
56be8fdf3aeaaa14008c90dc,Beyoncé,doc_9,"['doc_9', 'doc_15', 'doc_13', 'doc_1', 'doc_21']",1.0,1,5,66
56be8fdf3aeaaa14008c90dd,Beyoncé,doc_9,"['doc_9', 'doc_15', 'doc_36', 'doc_1', 'doc_13']",1.0,1,5,66
56be8fdf3aeaaa14008c90de,Beyoncé,doc_9,"['doc_8', 'doc_9', 'doc_12', 'doc_6', 'doc_37']",0.5,1,5,66
56bf8c8aa10cfb140055116b,Beyoncé,doc_9,"['doc_9', 'doc_15', 'doc_13', 'doc_1', 'doc_52']",1.0,1,5,66
56bf8c8aa10cfb140055116c,Beyoncé,doc_9,"['doc_9', 'doc_13', 'doc_33', 'doc_15', 'doc_22']",1.0,1,5,66
56bf8c8aa10cfb140055116d,Beyoncé,doc_9,"['doc_15', 'doc_9', 'doc_13', 'doc_1', 'doc_21']",0.5,1,5,66
56bf8c8aa10cfb140055116e,Beyoncé,doc_9,"['doc_9', 'doc_8', 'doc_15', 'doc_13', 'doc_6']",1.0,1,5,66
56bf8c8aa10cfb140055116f,Beyoncé,doc_9,"['doc_9', 'doc_15', 'doc_13', 'doc_8', 'doc_7']",1.0,1,5,66
56d484312ccc5a1400d8315e,Beyoncé,doc_9,"['doc_9', 'doc_13', 'doc_15', 'doc_1', 'doc_52']",1.0,1,5,66
56d484312ccc5a1400d8315f,Beyoncé,doc_9,"['doc_9', 'doc_43', 'doc_15', 'doc_52', 'doc_13']",1.0,1,5,66
56d484312ccc5a1400d83160,Beyoncé,doc_9,"['doc_9', 'doc_52', 'doc_14', 'doc_1', 'doc_12']",1.0,1,5,66
56d484312ccc5a1400d83161,Beyoncé,doc_9,"['doc_9', 'doc_13', 'doc_15', 'doc_1', 'doc_8']",1.0,1,5,66
56d484312ccc5a1400d83162,Beyoncé,doc_9,"['doc_9', 'doc_1', 'doc_25', 'doc_8', 'doc_21']",1.0,1,5,66
56be90ee3aeaaa14008c90e4,Beyoncé,doc_10,"['doc_10', 'doc_12', 'doc_1', 'doc_23', 'doc_53']",1.0,1,5,66
56be90ee3aeaaa14008c90e5,Beyoncé,doc_10,"['doc_10', 'doc_1', 'doc_12', 'doc_23', 'doc_5']",1.0,1,5,66
56be90ee3aeaaa14008c90e6,Beyoncé,doc_10,"['doc_10', 'doc_11', 'doc_52', 'doc_23', 'doc_12']",1.0,1,5,66
56be90ee3aeaaa14008c90e7,Beyoncé,doc_10,"['doc_10', 'doc_12', 'doc_23', 'doc_37', 'doc_52']",1.0,1,5,66
56be90ee3aeaaa14008c90e8,Beyoncé,doc_10,"['doc_23', 'doc_10', 'doc_19', 'doc_1', 'doc_12']",0.5,1,5,66
56bf8fc1a10cfb1400551175,Beyoncé,doc_10,"['doc_10', 'doc_12', 'doc_1', 'doc_23', 'doc_36']",1.0,1,5,66
56bf8fc1a10cfb1400551176,Beyoncé,doc_10,"['doc_1', 'doc_10', 'doc_12', 'doc_39', 'doc_36']",0.5,1,5,66
56bf8fc1a10cfb1400551177,Beyoncé,doc_10,"['doc_10', 'doc_11', 'doc_23', 'doc_12', 'doc_53']",1.0,1,5,66
56bf8fc1a10cfb1400551178,Beyoncé,doc_10,"['doc_10', 'doc_36', 'doc_8', 'doc_35', 'doc_26']",1.0,1,5,66
56d4b9702ccc5a1400d83172,Beyoncé,doc_10,"['doc_10', 'doc_1', 'doc_36', 'doc_39', 'doc_24']",1.0,1,5,66
56d4b9702ccc5a1400d83173,Beyoncé,doc_10,"['doc_10', 'doc_1', 'doc_12', 'doc_23', 'doc_39']",1.0,1,5,66
56d4b9702ccc5a1400d83174,Beyoncé,doc_10,"['doc_10', 'doc_1', 'doc_23', 'doc_12', 'doc_52']",1.0,1,5,66
56d4b9702ccc5a1400d83175,Beyoncé,doc_10,"['doc_24', 'doc_16', 'doc_54', 'doc_21', 'doc_2']",0.0,0,5,66
56d4b9702ccc5a1400d83176,Beyoncé,doc_10,"['doc_54', 'doc_24', 'doc_16', 'doc_2', 'doc_53']",0.0,0,5,66
56be91b23aeaaa14008c90f0,Beyoncé,doc_11,"['doc_11', 'doc_6', 'doc_8', 'doc_1', 'doc_21']",1.0,1,5,66
56be91b23aeaaa14008c90f2,Beyoncé,doc_11,"['doc_8', 'doc_11', 'doc_6', 'doc_5', 'doc_0']",0.5,1,5,66
56bf91c6a10cfb140055117f,Beyoncé,doc_11,"['doc_11', 'doc_10', 'doc_23', 'doc_22', 'doc_1']",1.0,1,5,66
56bf91c6a10cfb1400551181,Beyoncé,doc_11,"['doc_6', 'doc_11', 'doc_8', 'doc_1', 'doc_21']",0.5,1,5,66
56bf91c6a10cfb1400551182,Beyoncé,doc_11,"['doc_11', 'doc_8', 'doc_6', 'doc_5', 'doc_7']",1.0,1,5,66
56bf91c6a10cfb1400551183,Beyoncé,doc_11,"['doc_11', 'doc_8', 'doc_6', 'doc_5', 'doc_21']",1.0,1,5,66
56d4baf92ccc5a1400d8317c,Beyoncé,doc_11,"['doc_11', 'doc_13', 'doc_22', 'doc_17', 'doc_1']",1.0,1,5,66
56d4baf92ccc5a1400d8317d,Beyoncé,doc_11,"['doc_11', 'doc_41', 'doc_23', 'doc_22', 'doc_24']",1.0,1,5,66
56d4baf92ccc5a1400d8317e,Beyoncé,doc_11,"['doc_21', 'doc_24', 'doc_19', 'doc_11', 'doc_14']",0.25,1,5,66
56d4baf92ccc5a1400d8317f,Beyoncé,doc_11,"['doc_6', 'doc_11', 'doc_8', 'doc_1', 'doc_21']",0.5,1,5,66
56be932e3aeaaa14008c90f9,Beyoncé,doc_12,"['doc_12', 'doc_23', 'doc_19', 'doc_1', 'doc_13']",1.0,1,5,66
56be932e3aeaaa14008c90fa,Beyoncé,doc_12,"['doc_12', 'doc_10', 'doc_21', 'doc_6', 'doc_52']",1.0,1,5,66
56be932e3aeaaa14008c90fb,Beyoncé,doc_12,"['doc_37', 'doc_12', 'doc_53', 'doc_50', 'doc_2']",0.5,1,5,66
56be932e3aeaaa14008c90fc,Beyoncé,doc_12,"['doc_12', 'doc_1', 'doc_19', 'doc_10', 'doc_23']",1.0,1,5,66
56bf940da10cfb1400551189,Beyoncé,doc_12,"['doc_12', 'doc_1', 'doc_39', 'doc_19', 'doc_23']",1.0,1,5,66
56bf940da10cfb140055118a,Beyoncé,doc_12,"['doc_12', 'doc_1', 'doc_21', 'doc_24', 'doc_39']",1.0,1,5,66
56bf940da10cfb140055118b,Beyoncé,doc_12,"['doc_12', 'doc_23', 'doc_11', 'doc_19', 'doc_6']",1.0,1,5,66
56d4bc642ccc5a1400d83190,Beyoncé,doc_12,"['doc_1', 'doc_12', 'doc_23', 'doc_39', 'doc_19']",0.5,1,5,66
56d4bc642ccc5a1400d83191,Beyoncé,doc_12,"['doc_12', 'doc_19', 'doc_23', 'doc_13', 'doc_10']",1.0,1,5,66
56d4bc642ccc5a1400d83192,Beyoncé,doc_12,"['doc_12', 'doc_36', 'doc_39', 'doc_52', 'doc_1']",1.0,1,5,66
56d4bc642ccc5a1400d83193,Beyoncé,doc_12,"['doc_12', 'doc_11', 'doc_35', 'doc_1', 'doc_19']",1.0,1,5,66
56be94703aeaaa14008c9102,Beyoncé,doc_13,"['doc_13', 'doc_15', 'doc_1', 'doc_9', 'doc_8']",1.0,1,5,66
56be94703aeaaa14008c9103,Beyoncé,doc_13,"['doc_1', 'doc_13', 'doc_15', 'doc_9', 'doc_21']",0.5,1,5,66
56be94703aeaaa14008c9104,Beyoncé,doc_13,"['doc_15', 'doc_13', 'doc_9', 'doc_8', 'doc_54']",0.5,1,5,66
56be94703aeaaa14008c9105,Beyoncé,doc_13,"['doc_22', 'doc_11', 'doc_13', 'doc_14', 'doc_23']",0.3333333333333333,1,5,66
56be94703aeaaa14008c9106,Beyoncé,doc_13,"['doc_33', 'doc_13', 'doc_23', 'doc_18', 'doc_22']",0.5,1,5,66
56bf95eaa10cfb1400551194,Beyoncé,doc_13,"['doc_13', 'doc_33', 'doc_9', 'doc_55', 'doc_22']",1.0,1,5,66
56bf95eaa10cfb1400551195,Beyoncé,doc_13,"['doc_13', 'doc_11', 'doc_22', 'doc_23', 'doc_14']",1.0,1,5,66
56bf95eaa10cfb1400551196,Beyoncé,doc_13,"['doc_1', 'doc_13', 'doc_14', 'doc_21', 'doc_24']",0.5,1,5,66
56d4bd272ccc5a1400d831a0,Beyoncé,doc_13,"['doc_13', 'doc_15', 'doc_9', 'doc_1', 'doc_22']",1.0,1,5,66
56d4bd272ccc5a1400d831a1,Beyoncé,doc_13,"['doc_13', 'doc_51', 'doc_39', 'doc_1', 'doc_9']",1.0,1,5,66
56d4bd272ccc5a1400d831a2,Beyoncé,doc_13,"['doc_13', 'doc_8', 'doc_54', 'doc_1', 'doc_39']",1.0,1,5,66
56d4bd272ccc5a1400d831a3,Beyoncé,doc_13,"['doc_11', 'doc_13', 'doc_22', 'doc_23', 'doc_41']",0.5,1,5,66
56d4bd272ccc5a1400d831a4,Beyoncé,doc_13,"['doc_1', 'doc_35', 'doc_16', 'doc_24', 'doc_52']",0.0,0,5,66
56be95823aeaaa14008c910c,Beyoncé,doc_14,"['doc_14', 'doc_26', 'doc_29', 'doc_33', 'doc_24']",1.0,1,5,66
56be95823aeaaa14008c910d,Beyoncé,doc_14,"['doc_43', 'doc_1', 'doc_14', 'doc_39', 'doc_19']",0.3333333333333333,1,5,66
56be95823aeaaa14008c910e,Beyoncé,doc_14,"['doc_2', 'doc_53', 'doc_50', 'doc_37', 'doc_23']",0.0,0,5,66
56be95823aeaaa14008c910f,Beyoncé,doc_14,"['doc_24', 'doc_42', 'doc_52', 'doc_14', 'doc_2']",0.25,1,5,66
56be95823aeaaa14008c9110,Beyoncé,doc_14,"['doc_33', 'doc_13', 'doc_23', 'doc_22', 'doc_18']",0.0,0,5,66
56bf97aba10cfb140055119e,Beyoncé,doc_14,"['doc_14', 'doc_27', 'doc_26', 'doc_29', 'doc_20']",1.0,1,5,66
56bf97aba10cfb140055119f,Beyoncé,doc_14,"['doc_22', 'doc_23', 'doc_14', 'doc_13', 'doc_11']",0.3333333333333333,1,5,66
56bf97aba10cfb14005511a0,Beyoncé,doc_14,"['doc_52', 'doc_24', 'doc_14', 'doc_16', 'doc_2']",0.3333333333333333,1,5,66
56bf97aba10cfb14005511a1,Beyoncé,doc_14,"['doc_33', 'doc_13', 'doc_18', 'doc_12', 'doc_23']",0.0,0,5,66
56d4bf242ccc5a1400d831be,Beyoncé,doc_14,"['doc_14', 'doc_26', 'doc_29', 'doc_23', 'doc_24']",1.0,1,5,66
56d4bf242ccc5a1400d831bf,Beyoncé,doc_14,"['doc_14', 'doc_26', 'doc_29', 'doc_23', 'doc_24']",1.0,1,5,66
56d4bf242ccc5a1400d831c0,Beyoncé,doc_14,"['doc_43', 'doc_1', 'doc_48', 'doc_39', 'doc_2']",0.0,0,5,66
56d4bf242ccc5a1400d831c1,Beyoncé,doc_14,"['doc_27', 'doc_14', 'doc_52', 'doc_24', 'doc_16']",0.5,1,5,66
56d4bf242ccc5a1400d831c2,Beyoncé,doc_14,"['doc_16', 'doc_65', 'doc_14', 'doc_52', 'doc_24']",0.3333333333333333,1,5,66
56be96653aeaaa14008c9116,Beyoncé,doc_15,"['doc_15', 'doc_1', 'doc_9', 'doc_13', 'doc_22']",1.0,1,5,66
56be96653aeaaa14008c9117,Beyoncé,doc_15,"['doc_15', 'doc_65', 'doc_64', 'doc_55', 'doc_13']",1.0,1,5,66
56be96653aeaaa14008c9118,Beyoncé,doc_15,"['doc_29', 'doc_21', 'doc_14', 'doc_52', 'doc_24']",0.0,0,5,66
56be96653aeaaa14008c9119,Beyoncé,doc_15,"['doc_15', 'doc_1', 'doc_9', 'doc_52', 'doc_13']",1.0,1,5,66
56be96653aeaaa14008c911a,Beyoncé,doc_15,"['doc_15', 'doc_9', 'doc_52', 'doc_24', 'doc_54']",1.0,1,5,66
56bf99aca10cfb14005511a7,Beyoncé,doc_15,"['doc_15', 'doc_13', 'doc_33', 'doc_65', 'doc_57']",1.0,1,5,66
56bf99aca10cfb14005511a9,Beyoncé,doc_15,"['doc_15', 'doc_1', 'doc_9', 'doc_13', 'doc_21']",1.0,1,5,66
56bf99aca10cfb14005511aa,Beyoncé,doc_15,"['doc_15', 'doc_9', 'doc_1', 'doc_13', 'doc_43']",1.0,1,5,66
56bf99aca10cfb14005511ab,Beyoncé,doc_15,"['doc_13', 'doc_9', 'doc_15', 'doc_33', 'doc_22']",0.3333333333333333,1,5,66
56d4c0452ccc5a1400d831c8,Beyoncé,doc_15,"['doc_15', 'doc_1', 'doc_13', 'doc_9', 'doc_22']",1.0,1,5,66
56d4c0452ccc5a1400d831c9,Beyoncé,doc_15,"['doc_15', 'doc_33', 'doc_57', 'doc_13', 'doc_1']",1.0,1,5,66
56d4c0452ccc5a1400d831ca,Beyoncé,doc_15,"['doc_21', 'doc_24', 'doc_20', 'doc_14', 'doc_18']",0.0,0,5,66
56d4c0452ccc5a1400d831cb,Beyoncé,doc_15,"['doc_15', 'doc_9', 'doc_1', 'doc_13', 'doc_8']",1.0,1,5,66
56be973d3aeaaa14008c9120,Beyoncé,doc_16,"['doc_16', 'doc_24', 'doc_54', 'doc_2', 'doc_23']",1.0,1,5,66
56be973d3aeaaa14008c9121,Beyoncé,doc_16,"['doc_16', 'doc_54', 'doc_2', 'doc_24', 'doc_53']",1.0,1,5,66
56be973d3aeaaa14008c9122,Beyoncé,doc_16,"['doc_51', 'doc_24', 'doc_1', 'doc_65', 'doc_55']",0.0,0,5,66
56be973d3aeaaa14008c9123,Beyoncé,doc_16,"['doc_16', 'doc_23', 'doc_37', 'doc_53', 'doc_14']",1.0,1,5,66
56be973d3aeaaa14008c9124,Beyoncé,doc_16,"['doc_2', 'doc_37', 'doc_53', 'doc_16', 'doc_54']",0.25,1,5,66
56bf9b57a10cfb14005511b1,Beyoncé,doc_16,"['doc_16', 'doc_54', 'doc_24', 'doc_2', 'doc_53']",1.0,1,5,66
56bf9b57a10cfb14005511b2,Beyoncé,doc_16,"['doc_23', 'doc_24', 'doc_21', 'doc_52', 'doc_19']",0.0,0,5,66
56bf9b57a10cfb14005511b3,Beyoncé,doc_16,"['doc_16', 'doc_41', 'doc_24', 'doc_14', 'doc_1']",1.0,1,5,66
56bf9b57a10cfb14005511b4,Beyoncé,doc_16,"['doc_37', 'doc_16', 'doc_53', 'doc_2', 'doc_23']",0.5,1,5,66
56bf9b57a10cfb14005511b5,Beyoncé,doc_16,"['doc_16', 'doc_54', 'doc_24', 'doc_2', 'doc_37']",1.0,1,5,66
56d4c1452ccc5a1400d831dc,Beyoncé,doc_16,"['doc_16', 'doc_24', 'doc_54', 'doc_2', 'doc_23']",1.0,1,5,66
56d4c1452ccc5a1400d831de,Beyoncé,doc_16,"['doc_16', 'doc_54', 'doc_2', 'doc_24', 'doc_53']",1.0,1,5,66
56d4c1452ccc5a1400d831df,Beyoncé,doc_16,"['doc_16', 'doc_12', 'doc_24', 'doc_14', 'doc_1']",1.0,1,5,66
56d4c1452ccc5a1400d831e0,Beyoncé,doc_16,"['doc_16', 'doc_53', 'doc_2', 'doc_37', 'doc_50']",1.0,1,5,66
56be97c73aeaaa14008c912a,Beyoncé,doc_17,"['doc_17', 'doc_1', 'doc_23', 'doc_11', 'doc_24']",1.0,1,5,66
56be97c73aeaaa14008c912b,Beyoncé,doc_17,"['doc_17', 'doc_1', 'doc_5', 'doc_7', 'doc_26']",1.0,1,5,66
56be97c73aeaaa14008c912e,Beyoncé,doc_17,"['doc_24', 'doc_52', 'doc_21', 'doc_22', 'doc_65']",0.0,0,5,66
56bf9c70a10cfb14005511bb,Beyoncé,doc_17,"['doc_17', 'doc_1', 'doc_23', 'doc_14', 'doc_11']",1.0,1,5,66
56bf9c70a10cfb14005511bc,Beyoncé,doc_17,"['doc_17', 'doc_7', 'doc_1', 'doc_51', 'doc_8']",1.0,1,5,66
56bf9c70a10cfb14005511bd,Beyoncé,doc_17,"['doc_17', 'doc_7', 'doc_1', 'doc_57', 'doc_5']",1.0,1,5,66
56bf9c70a10cfb14005511bf,Beyoncé,doc_17,"['doc_17', 'doc_11', 'doc_7', 'doc_8', 'doc_1']",1.0,1,5,66
56d4c1c12ccc5a1400d831e6,Beyoncé,doc_17,"['doc_21', 'doc_23', 'doc_17', 'doc_1', 'doc_14']",0.3333333333333333,1,5,66
56d4c1c12ccc5a1400d831e7,Beyoncé,doc_17,"['doc_17', 'doc_1', 'doc_7', 'doc_23', 'doc_14']",1.0,1,5,66
56d4c1c12ccc5a1400d831e8,Beyoncé,doc_17,"['doc_17', 'doc_7', 'doc_1', 'doc_23', 'doc_14']",1.0,1,5,66
56d4c1c12ccc5a1400d831e9,Beyoncé,doc_17,"['doc_17', 'doc_1', 'doc_7', 'doc_11', 'doc_23']",1.0,1,5,66
56be99b53aeaaa14008c913e,Beyoncé,doc_18,"['doc_18', 'doc_24', 'doc_21', 'doc_22', 'doc_52']",1.0,1,5,66
56be99b53aeaaa14008c913f,Beyoncé,doc_18,"['doc_18', 'doc_33', 'doc_65', 'doc_63', 'doc_64']",1.0,1,5,66
56be99b53aeaaa14008c9140,Beyoncé,doc_18,"['doc_2', 'doc_42', 'doc_24', 'doc_18', 'doc_1']",0.25,1,5,66
56be99b53aeaaa14008c9141,Beyoncé,doc_18,"['doc_65', 'doc_55', 'doc_64', 'doc_18', 'doc_63']",0.25,1,5,66
56be99b53aeaaa14008c9142,Beyoncé,doc_18,"['doc_33', 'doc_18', 'doc_2', 'doc_50', 'doc_24']",0.5,1,5,66
56bf9dbda10cfb14005511c5,Beyoncé,doc_18,"['doc_18', 'doc_64', 'doc_52', 'doc_24', 'doc_65']",1.0,1,5,66
56bf9dbda10cfb14005511c6,Beyoncé,doc_18,"['doc_25', 'doc_27', 'doc_57', 'doc_21', 'doc_18']",0.2,1,5,66
56bf9dbda10cfb14005511c8,Beyoncé,doc_18,"['doc_65', 'doc_18', 'doc_63', 'doc_64', 'doc_55']",0.5,1,5,66
56bf9dbda10cfb14005511c9,Beyoncé,doc_18,"['doc_24', 'doc_21', 'doc_18', 'doc_13', 'doc_20']",0.3333333333333333,1,5,66
56d4c2b22ccc5a1400d831f2,Beyoncé,doc_18,"['doc_1', 'doc_21', 'doc_18', 'doc_24', 'doc_14']",0.3333333333333333,1,5,66
56d4c2b22ccc5a1400d831f3,Beyoncé,doc_18,"['doc_18', 'doc_24', 'doc_21', 'doc_64', 'doc_65']",1.0,1,5,66
56d4c2b22ccc5a1400d831f4,Beyoncé,doc_18,"['doc_18', 'doc_65', 'doc_64', 'doc_24', 'doc_33']",1.0,1,5,66
56d4c2b22ccc5a1400d831f5,Beyoncé,doc_18,"['doc_18', 'doc_24', 'doc_2', 'doc_42', 'doc_22']",1.0,1,5,66
56be9add3aeaaa14008c9152,Beyoncé,doc_19,"['doc_19', 'doc_1', 'doc_23', 'doc_12', 'doc_10']",1.0,1,5,66
56be9add3aeaaa14008c9153,Beyoncé,doc_19,"['doc_8', 'doc_6', 'doc_12', 'doc_16', 'doc_23']",0.0,0,5,66
56be9add3aeaaa14008c9155,Beyoncé,doc_19,"['doc_24', 'doc_2', 'doc_21', 'doc_53', 'doc_54']",0.0,0,5,66
56be9add3aeaaa14008c9156,Beyoncé,doc_19,"['doc_19', 'doc_18', 'doc_24', 'doc_23', 'doc_14']",1.0,1,5,66
56bf9f6aa10cfb14005511cf,Beyoncé,doc_19,"['doc_19', 'doc_1', 'doc_23', 'doc_12', 'doc_39']",1.0,1,5,66
56bf9f6aa10cfb14005511d0,Beyoncé,doc_19,"['doc_12', 'doc_19', 'doc_10', 'doc_23', 'doc_13']",0.5,1,5,66
56bf9f6aa10cfb14005511d2,Beyoncé,doc_19,"['doc_37', 'doc_36', 'doc_24', 'doc_2', 'doc_54']",0.0,0,5,66
56bf9f6aa10cfb14005511d3,Beyoncé,doc_19,"['doc_21', 'doc_20', 'doc_13', 'doc_14', 'doc_11']",0.0,0,5,66
56d4c4532ccc5a1400d83204,Beyoncé,doc_19,"['doc_19', 'doc_1', 'doc_23', 'doc_39', 'doc_12']",1.0,1,5,66
56d4c4532ccc5a1400d83205,Beyoncé,doc_19,"['doc_19', 'doc_1', 'doc_12', 'doc_23', 'doc_11']",1.0,1,5,66
56d4c4532ccc5a1400d83206,Beyoncé,doc_19,"['doc_19', 'doc_12', 'doc_23', 'doc_10', 'doc_13']",1.0,1,5,66
56d4c4532ccc5a1400d83207,Beyoncé,doc_19,"['doc_17', 'doc_1', 'doc_24', 'doc_21', 'doc_23']",0.0,0,5,66
56d4c4532ccc5a1400d83208,Beyoncé,doc_19,"['doc_19', 'doc_24', 'doc_18', 'doc_23', 'doc_21']",1.0,1,5,66
56be9bb83aeaaa14008c915c,Beyoncé,doc_20,"['doc_20', 'doc_28', 'doc_23', 'doc_0', 'doc_1']",1.0,1,5,66
56be9bb83aeaaa14008c915d,Beyoncé,doc_20,"['doc_20', 'doc_28', 'doc_23', 'doc_0', 'doc_3']",1.0,1,5,66
56be9bb83aeaaa14008c915e,Beyoncé,doc_20,"['doc_20', 'doc_28', 'doc_0', 'doc_23', 'doc_1']",1.0,1,5,66
56be9bb83aeaaa14008c9160,Beyoncé,doc_20,"['doc_20', 'doc_27', 'doc_13', 'doc_21', 'doc_28']",1.0,1,5,66
56bfa087a10cfb14005511d9,Beyoncé,doc_20,"['doc_20', 'doc_28', 'doc_23', 'doc_0', 'doc_1']",1.0,1,5,66
56bfa087a10cfb14005511da,Beyoncé,doc_20,"['doc_28', 'doc_20', 'doc_5', 'doc_3', 'doc_4']",0.5,1,5,66
56bfa087a10cfb14005511dc,Beyoncé,doc_20,"['doc_20', 'doc_17', 'doc_1', 'doc_21', 'doc_11']",1.0,1,5,66
56bfa087a10cfb14005511dd,Beyoncé,doc_20,"['doc_20', 'doc_13', 'doc_22', 'doc_11', 'doc_21']",1.0,1,5,66
56d4c4e72ccc5a1400d83218,Beyoncé,doc_20,"['doc_28', 'doc_20', 'doc_1', 'doc_23', 'doc_0']",0.5,1,5,66
56d4c4e72ccc5a1400d83219,Beyoncé,doc_20,"['doc_28', 'doc_20', 'doc_0', 'doc_3', 'doc_1']",0.5,1,5,66
56d4c4e72ccc5a1400d8321a,Beyoncé,doc_20,"['doc_20', 'doc_28', 'doc_26', 'doc_21', 'doc_24']",1.0,1,5,66
56d4c4e72ccc5a1400d8321b,Beyoncé,doc_20,"['doc_20', 'doc_27', 'doc_21', 'doc_24', 'doc_28']",1.0,1,5,66
56d4c4e72ccc5a1400d8321c,Beyoncé,doc_20,"['doc_20', 'doc_24', 'doc_23', 'doc_18', 'doc_1']",1.0,1,5,66
56be9c863aeaaa14008c9166,Beyoncé,doc_21,"['doc_6', 'doc_11', 'doc_8', 'doc_21', 'doc_1']",0.25,1,5,66
56be9c863aeaaa14008c9169,Beyoncé,doc_21,"['doc_1', 'doc_21', 'doc_14', 'doc_15', 'doc_23']",0.5,1,5,66
56be9c863aeaaa14008c916a,Beyoncé,doc_21,"['doc_55', 'doc_1', 'doc_21', 'doc_57', 'doc_24']",0.3333333333333333,1,5,66
56bfa24ea10cfb14005511e3,Beyoncé,doc_21,"['doc_11', 'doc_6', 'doc_8', 'doc_21', 'doc_10']",0.25,1,5,66
56bfa24ea10cfb14005511e4,Beyoncé,doc_21,"['doc_21', 'doc_10', 'doc_19', 'doc_11', 'doc_14']",1.0,1,5,66
56bfa24ea10cfb14005511e5,Beyoncé,doc_21,"['doc_21', 'doc_29', 'doc_24', 'doc_25', 'doc_64']",1.0,1,5,66
56bfa24ea10cfb14005511e7,Beyoncé,doc_21,"['doc_27', 'doc_21', 'doc_24', 'doc_23', 'doc_14']",0.5,1,5,66
56d4c6b02ccc5a1400d83222,Beyoncé,doc_21,"['doc_11', 'doc_6', 'doc_21', 'doc_8', 'doc_10']",0.3333333333333333,1,5,66
56d4c6b02ccc5a1400d83223,Beyoncé,doc_21,"['doc_21', 'doc_19', 'doc_10', 'doc_11', 'doc_14']",1.0,1,5,66
56d4c6b02ccc5a1400d83224,Beyoncé,doc_21,"['doc_29', 'doc_21', 'doc_24', 'doc_14', 'doc_64']",0.5,1,5,66
56d4c6b02ccc5a1400d83225,Beyoncé,doc_21,"['doc_29', 'doc_21', 'doc_24', 'doc_14', 'doc_18']",0.5,1,5,66
56d4c6b02ccc5a1400d83226,Beyoncé,doc_21,"['doc_21', 'doc_1', 'doc_15', 'doc_52', 'doc_23']",1.0,1,5,66
56be9d3d3aeaaa14008c9170,Beyoncé,doc_22,"['doc_22', 'doc_14', 'doc_23', 'doc_1', 'doc_19']",1.0,1,5,66
56be9d3d3aeaaa14008c9172,Beyoncé,doc_22,"['doc_22', 'doc_23', 'doc_11', 'doc_14', 'doc_13']",1.0,1,5,66
56be9d3d3aeaaa14008c9173,Beyoncé,doc_22,"['doc_22', 'doc_21', 'doc_15', 'doc_1', 'doc_9']",1.0,1,5,66
56be9d3d3aeaaa14008c9174,Beyoncé,doc_22,"['doc_22', 'doc_9', 'doc_15', 'doc_13', 'doc_21']",1.0,1,5,66
56bfa3cca10cfb14005511ee,Beyoncé,doc_22,"['doc_22', 'doc_41', 'doc_11', 'doc_17', 'doc_13']",1.0,1,5,66
56bfa3cca10cfb14005511ef,Beyoncé,doc_22,"['doc_65', 'doc_64', 'doc_24', 'doc_18', 'doc_22']",0.2,1,5,66
56bfa3cca10cfb14005511f0,Beyoncé,doc_22,"['doc_22', 'doc_15', 'doc_13', 'doc_34', 'doc_9']",1.0,1,5,66
56bfa3cca10cfb14005511f1,Beyoncé,doc_22,"['doc_21', 'doc_15', 'doc_22', 'doc_1', 'doc_9']",0.3333333333333333,1,5,66
56d4c75a2ccc5a1400d8322c,Beyoncé,doc_22,"['doc_22', 'doc_23', 'doc_41', 'doc_11', 'doc_14']",1.0,1,5,66
56d4c75a2ccc5a1400d8322d,Beyoncé,doc_22,"['doc_22', 'doc_14', 'doc_41', 'doc_23', 'doc_11']",1.0,1,5,66
56d4c75a2ccc5a1400d8322e,Beyoncé,doc_22,"['doc_24', 'doc_23', 'doc_22', 'doc_21', 'doc_1']",0.3333333333333333,1,5,66
56d4c75a2ccc5a1400d8322f,Beyoncé,doc_22,"['doc_65', 'doc_64', 'doc_24', 'doc_18', 'doc_31']",0.0,0,5,66
56d4c75a2ccc5a1400d83230,Beyoncé,doc_22,"['doc_22', 'doc_15', 'doc_9', 'doc_34', 'doc_13']",1.0,1,5,66
56be9e453aeaaa14008c917a,Beyoncé,doc_23,"['doc_23', 'doc_19', 'doc_1', 'doc_12', 'doc_24']",1.0,1,5,66
56bfa5b3a10cfb14005511f7,Beyoncé,doc_23,"['doc_23', 'doc_19', 'doc_1', 'doc_12', 'doc_53']",1.0,1,5,66
56bfa5b3a10cfb14005511f8,Beyoncé,doc_23,"['doc_12', 'doc_23', 'doc_19', 'doc_1', 'doc_24']",0.5,1,5,66
56bfa5b3a10cfb14005511f9,Beyoncé,doc_23,"['doc_41', 'doc_23', 'doc_22', 'doc_24', 'doc_11']",0.5,1,5,66
56bfa5b3a10cfb14005511fa,Beyoncé,doc_23,"['doc_33', 'doc_2', 'doc_18', 'doc_53', 'doc_23']",0.2,1,5,66
56bfa5b3a10cfb14005511fb,Beyoncé,doc_23,"['doc_33', 'doc_13', 'doc_23', 'doc_53', 'doc_54']",0.3333333333333333,1,5,66
56d4cde92ccc5a1400d83236,Beyoncé,doc_23,"['doc_23', 'doc_19', 'doc_1', 'doc_12', 'doc_24']",1.0,1,5,66
56d4cde92ccc5a1400d83237,Beyoncé,doc_23,"['doc_23', 'doc_19', 'doc_12', 'doc_1', 'doc_14']",1.0,1,5,66
56d4cde92ccc5a1400d83238,Beyoncé,doc_23,"['doc_14', 'doc_23', 'doc_1', 'doc_19', 'doc_21']",0.5,1,5,66
56d4cde92ccc5a1400d83239,Beyoncé,doc_23,"['doc_26', 'doc_14', 'doc_29', 'doc_32', 'doc_23']",0.2,1,5,66
56be9eea3aeaaa14008c9184,Beyoncé,doc_24,"['doc_24', 'doc_54', 'doc_16', 'doc_2', 'doc_23']",1.0,1,5,66
56be9eea3aeaaa14008c9185,Beyoncé,doc_24,"['doc_24', 'doc_16', 'doc_23', 'doc_50', 'doc_53']",1.0,1,5,66
56be9eea3aeaaa14008c9186,Beyoncé,doc_24,"['doc_24', 'doc_46', 'doc_45', 'doc_48', 'doc_23']",1.0,1,5,66
56be9eea3aeaaa14008c9187,Beyoncé,doc_24,"['doc_24', 'doc_21', 'doc_25', 'doc_55', 'doc_2']",1.0,1,5,66
56bea1f53aeaaa14008c918e,Beyoncé,doc_24,"['doc_54', 'doc_24', 'doc_16', 'doc_2', 'doc_53']",0.5,1,5,66
56bea1f53aeaaa14008c918f,Beyoncé,doc_24,"['doc_16', 'doc_24', 'doc_54', 'doc_23', 'doc_53']",0.5,1,5,66
56bea1f53aeaaa14008c9191,Beyoncé,doc_24,"['doc_24', 'doc_21', 'doc_25', 'doc_55', 'doc_51']",1.0,1,5,66
56bfa761a10cfb1400551201,Beyoncé,doc_24,"['doc_54', 'doc_24', 'doc_16', 'doc_2', 'doc_23']",0.5,1,5,66
56bfa761a10cfb1400551202,Beyoncé,doc_24,"['doc_45', 'doc_46', 'doc_48', 'doc_24', 'doc_65']",0.25,1,5,66
56bfa761a10cfb1400551204,Beyoncé,doc_24,"['doc_24', 'doc_25', 'doc_21', 'doc_51', 'doc_55']",1.0,1,5,66
56bfa761a10cfb1400551205,Beyoncé,doc_24,"['doc_24', 'doc_21', 'doc_1', 'doc_41', 'doc_14']",1.0,1,5,66
56d4ceac2ccc5a1400d83240,Beyoncé,doc_24,"['doc_16', 'doc_24', 'doc_54', 'doc_2', 'doc_53']",0.5,1,5,66
56d4ceac2ccc5a1400d83241,Beyoncé,doc_24,"['doc_54', 'doc_24', 'doc_16', 'doc_2', 'doc_53']",0.5,1,5,66
56d4ceac2ccc5a1400d83242,Beyoncé,doc_24,"['doc_24', 'doc_16', 'doc_42', 'doc_2', 'doc_23']",1.0,1,5,66
56d4ceac2ccc5a1400d83243,Beyoncé,doc_24,"['doc_24', 'doc_48', 'doc_46', 'doc_45', 'doc_50']",1.0,1,5,66
56d4ceac2ccc5a1400d83244,Beyoncé,doc_24,"['doc_24', 'doc_25', 'doc_21', 'doc_41', 'doc_51']",1.0,1,5,66
56bea27b3aeaaa14008c9199,Beyoncé,doc_25,"['doc_25', 'doc_59', 'doc_23', 'doc_21', 'doc_14']",1.0,1,5,66
56bea27b3aeaaa14008c919a,Beyoncé,doc_25,"['doc_25', 'doc_21', 'doc_24', 'doc_52', 'doc_12']",1.0,1,5,66
56bfa8bba10cfb140055120b,Beyoncé,doc_25,"['doc_25', 'doc_12', 'doc_1', 'doc_23', 'doc_52']",1.0,1,5,66
56bfa8bba10cfb140055120c,Beyoncé,doc_25,"['doc_12', 'doc_25', 'doc_23', 'doc_14', 'doc_10']",0.5,1,5,66
56bfa8bba10cfb140055120d,Beyoncé,doc_25,"['doc_59', 'doc_25', 'doc_57', 'doc_5', 'doc_47']",0.5,1,5,66
56bfa8bba10cfb140055120f,Beyoncé,doc_25,"['doc_35', 'doc_25', 'doc_23', 'doc_21', 'doc_19']",0.5,1,5,66
56d4cee32ccc5a1400d8324a,Beyoncé,doc_25,"['doc_25', 'doc_23', 'doc_1', 'doc_11', 'doc_19']",1.0,1,5,66
56d4cee32ccc5a1400d8324b,Beyoncé,doc_25,"['doc_25', 'doc_23', 'doc_11', 'doc_52', 'doc_1']",1.0,1,5,66
56bea5f23aeaaa14008c91a1,Beyoncé,doc_26,"['doc_26', 'doc_33', 'doc_23', 'doc_14', 'doc_59']",1.0,1,5,66
56bea5f23aeaaa14008c91a2,Beyoncé,doc_26,"['doc_27', 'doc_26', 'doc_23', 'doc_14', 'doc_28']",0.5,1,5,66
56bea5f23aeaaa14008c91a3,Beyoncé,doc_26,"['doc_7', 'doc_17', 'doc_23', 'doc_14', 'doc_28']",0.0,0,5,66
56bfaa11a10cfb1400551215,Beyoncé,doc_26,"['doc_26', 'doc_14', 'doc_1', 'doc_2', 'doc_52']",1.0,1,5,66
56bfaa11a10cfb1400551216,Beyoncé,doc_26,"['doc_26', 'doc_29', 'doc_14', 'doc_28', 'doc_33']",1.0,1,5,66
56bfaa11a10cfb1400551217,Beyoncé,doc_26,"['doc_53', 'doc_5', 'doc_26', 'doc_23', 'doc_8']",0.3333333333333333,1,5,66
56bfaa11a10cfb1400551218,Beyoncé,doc_26,"['doc_28', 'doc_7', 'doc_26', 'doc_20', 'doc_27']",0.3333333333333333,1,5,66
56bfaa11a10cfb1400551219,Beyoncé,doc_26,"['doc_27', 'doc_28', 'doc_20', 'doc_23', 'doc_26']",0.2,1,5,66
56d4d0c32ccc5a1400d8324e,Beyoncé,doc_26,"['doc_26', 'doc_14', 'doc_52', 'doc_1', 'doc_29']",1.0,1,5,66
56d4d0c32ccc5a1400d8324f,Beyoncé,doc_26,"['doc_26', 'doc_29', 'doc_14', 'doc_32', 'doc_28']",1.0,1,5,66
56d4d0c32ccc5a1400d83250,Beyoncé,doc_26,"['doc_26', 'doc_33', 'doc_14', 'doc_23', 'doc_53']",1.0,1,5,66
56d4d0c32ccc5a1400d83251,Beyoncé,doc_26,"['doc_7', 'doc_17', 'doc_21', 'doc_1', 'doc_28']",0.0,0,5,66
56d4d0c32ccc5a1400d83252,Beyoncé,doc_26,"['doc_27', 'doc_26', 'doc_23', 'doc_28', 'doc_14']",0.5,1,5,66
56bea8463aeaaa14008c91a9,Beyoncé,doc_27,"['doc_29', 'doc_26', 'doc_27', 'doc_14', 'doc_24']",0.3333333333333333,1,5,66
56bea8463aeaaa14008c91aa,Beyoncé,doc_27,"['doc_21', 'doc_24', 'doc_2', 'doc_25', 'doc_23']",0.0,0,5,66
56bea8463aeaaa14008c91ac,Beyoncé,doc_27,"['doc_27', 'doc_14', 'doc_65', 'doc_18', 'doc_16']",1.0,1,5,66
56bfab98a10cfb140055121f,Beyoncé,doc_27,"['doc_27', 'doc_28', 'doc_20', 'doc_21', 'doc_65']",1.0,1,5,66
56bfab98a10cfb1400551220,Beyoncé,doc_27,"['doc_27', 'doc_50', 'doc_21', 'doc_33', 'doc_53']",1.0,1,5,66
56bfab98a10cfb1400551221,Beyoncé,doc_27,"['doc_52', 'doc_53', 'doc_22', 'doc_24', 'doc_33']",0.0,0,5,66
56bfab98a10cfb1400551222,Beyoncé,doc_27,"['doc_27', 'doc_45', 'doc_65', 'doc_22', 'doc_14']",1.0,1,5,66
56bfab98a10cfb1400551223,Beyoncé,doc_27,"['doc_27', 'doc_24', 'doc_21', 'doc_16', 'doc_14']",1.0,1,5,66
56d4d18d2ccc5a1400d83258,Beyoncé,doc_27,"['doc_27', 'doc_28', 'doc_20', 'doc_23', 'doc_21']",1.0,1,5,66
56d4d18d2ccc5a1400d83259,Beyoncé,doc_27,"['doc_27', 'doc_21', 'doc_28', 'doc_23', 'doc_24']",1.0,1,5,66
56d4d18d2ccc5a1400d8325a,Beyoncé,doc_27,"['doc_27', 'doc_14', 'doc_24', 'doc_65', 'doc_29']",1.0,1,5,66
56d4d18d2ccc5a1400d8325c,Beyoncé,doc_27,"['doc_27', 'doc_65', 'doc_45', 'doc_52', 'doc_22']",1.0,1,5,66
56bea9043aeaaa14008c91b1,Beyoncé,doc_28,"['doc_59', 'doc_26', 'doc_28', 'doc_14', 'doc_47']",0.3333333333333333,1,5,66
56bea9043aeaaa14008c91b3,Beyoncé,doc_28,"['doc_26', 'doc_28', 'doc_36', 'doc_14', 'doc_27']",0.5,1,5,66
56bfacdda10cfb1400551229,Beyoncé,doc_28,"['doc_28', 'doc_20', 'doc_0', 'doc_3', 'doc_1']",1.0,1,5,66
56bfacdda10cfb140055122a,Beyoncé,doc_28,"['doc_20', 'doc_28', 'doc_27', 'doc_4', 'doc_3']",0.5,1,5,66
56bfacdda10cfb140055122b,Beyoncé,doc_28,"['doc_28', 'doc_21', 'doc_6', 'doc_65', 'doc_12']",1.0,1,5,66
56bfacdda10cfb140055122c,Beyoncé,doc_28,"['doc_47', 'doc_28', 'doc_20', 'doc_35', 'doc_55']",0.5,1,5,66
56bfacdda10cfb140055122d,Beyoncé,doc_28,"['doc_36', 'doc_37', 'doc_21', 'doc_65', 'doc_28']",0.2,1,5,66
56d4d2232ccc5a1400d83262,Beyoncé,doc_28,"['doc_28', 'doc_20', 'doc_23', 'doc_1', 'doc_0']",1.0,1,5,66
56d4d2232ccc5a1400d83263,Beyoncé,doc_28,"['doc_28', 'doc_26', 'doc_20', 'doc_14', 'doc_29']",1.0,1,5,66
56d4d2232ccc5a1400d83264,Beyoncé,doc_28,"['doc_28', 'doc_26', 'doc_20', 'doc_12', 'doc_14']",1.0,1,5,66
56d4d2232ccc5a1400d83265,Beyoncé,doc_28,"['doc_28', 'doc_11', 'doc_21', 'doc_8', 'doc_24']",1.0,1,5,66
56d4d2232ccc5a1400d83266,Beyoncé,doc_28,"['doc_28', 'doc_20', 'doc_24', 'doc_21', 'doc_36']",1.0,1,5,66
56beab283aeaaa14008c91cc,Beyoncé,doc_29,"['doc_32', 'doc_29', 'doc_26', 'doc_59', 'doc_28']",0.5,1,5,66
56beab283aeaaa14008c91cd,Beyoncé,doc_29,"['doc_29', 'doc_21', 'doc_24', 'doc_14', 'doc_64']",1.0,1,5,66
56bfae97a10cfb1400551234,Beyoncé,doc_29,"['doc_29', 'doc_64', 'doc_18', 'doc_33', 'doc_65']",1.0,1,5,66
56bfae97a10cfb1400551235,Beyoncé,doc_29,"['doc_65', 'doc_55', 'doc_29', 'doc_64', 'doc_30']",0.3333333333333333,1,5,66
56bfae97a10cfb1400551236,Beyoncé,doc_29,"['doc_29', 'doc_31', 'doc_65', 'doc_18', 'doc_4']",1.0,1,5,66
56bfae97a10cfb1400551237,Beyoncé,doc_29,"['doc_29', 'doc_21', 'doc_65', 'doc_64', 'doc_24']",1.0,1,5,66
56d4d2f12ccc5a1400d8326c,Beyoncé,doc_29,"['doc_29', 'doc_21', 'doc_24', 'doc_14', 'doc_52']",1.0,1,5,66
56d4d2f12ccc5a1400d8326d,Beyoncé,doc_29,"['doc_29', 'doc_21', 'doc_52', 'doc_14', 'doc_24']",1.0,1,5,66
56d4d2f12ccc5a1400d8326f,Beyoncé,doc_29,"['doc_29', 'doc_65', 'doc_24', 'doc_47', 'doc_23']",1.0,1,5,66
56d4d2f12ccc5a1400d83270,Beyoncé,doc_29,"['doc_55', 'doc_65', 'doc_24', 'doc_64', 'doc_29']",0.2,1,5,66
56beabab3aeaaa14008c91db,Beyoncé,doc_30,"['doc_30', 'doc_48', 'doc_2', 'doc_65', 'doc_46']",1.0,1,5,66
56beabab3aeaaa14008c91dc,Beyoncé,doc_30,"['doc_65', 'doc_31', 'doc_30', 'doc_64', 'doc_55']",0.3333333333333333,1,5,66
56bfafdba10cfb140055123d,Beyoncé,doc_30,"['doc_30', 'doc_2', 'doc_39', 'doc_65', 'doc_40']",1.0,1,5,66
56bfafdba10cfb140055123e,Beyoncé,doc_30,"['doc_30', 'doc_43', 'doc_2', 'doc_39', 'doc_65']",1.0,1,5,66
56bfafdba10cfb140055123f,Beyoncé,doc_30,"['doc_65', 'doc_31', 'doc_64', 'doc_30', 'doc_55']",0.25,1,5,66
56bfafdba10cfb1400551240,Beyoncé,doc_30,"['doc_21', 'doc_65', 'doc_30', 'doc_25', 'doc_1']",0.3333333333333333,1,5,66
56bfafdba10cfb1400551241,Beyoncé,doc_30,"['doc_30', 'doc_40', 'doc_65', 'doc_31', 'doc_64']",1.0,1,5,66
56d4d3b12ccc5a1400d83277,Beyoncé,doc_30,"['doc_30', 'doc_39', 'doc_37', 'doc_46', 'doc_35']",1.0,1,5,66
56d4d3b12ccc5a1400d83278,Beyoncé,doc_30,"['doc_65', 'doc_30', 'doc_31', 'doc_64', 'doc_55']",0.5,1,5,66
56beb0683aeaaa14008c9211,Beyoncé,doc_31,"['doc_31', 'doc_65', 'doc_55', 'doc_18', 'doc_24']",1.0,1,5,66
56beb0683aeaaa14008c9213,Beyoncé,doc_31,"['doc_31', 'doc_65', 'doc_64', 'doc_18', 'doc_12']",1.0,1,5,66
56beb0683aeaaa14008c9214,Beyoncé,doc_31,"['doc_31', 'doc_65', 'doc_55', 'doc_64', 'doc_57']",1.0,1,5,66
56beb0683aeaaa14008c9215,Beyoncé,doc_31,"['doc_57', 'doc_31', 'doc_63', 'doc_65', 'doc_18']",0.5,1,5,66
56bfb10da10cfb1400551247,Beyoncé,doc_31,"['doc_31', 'doc_65', 'doc_55', 'doc_64', 'doc_29']",1.0,1,5,66
56bfb10da10cfb1400551248,Beyoncé,doc_31,"['doc_31', 'doc_47', 'doc_32', 'doc_40', 'doc_7']",1.0,1,5,66
56bfb10da10cfb1400551249,Beyoncé,doc_31,"['doc_41', 'doc_8', 'doc_40', 'doc_65', 'doc_60']",0.0,0,5,66
56bfb10da10cfb140055124b,Beyoncé,doc_31,"['doc_31', 'doc_32', 'doc_26', 'doc_5', 'doc_29']",1.0,1,5,66
56d4d5ef2ccc5a1400d83286,Beyoncé,doc_31,"['doc_31', 'doc_65', 'doc_55', 'doc_18', 'doc_64']",1.0,1,5,66
56d4d5ef2ccc5a1400d83287,Beyoncé,doc_31,"['doc_31', 'doc_47', 'doc_65', 'doc_40', 'doc_32']",1.0,1,5,66
56d4d5ef2ccc5a1400d83288,Beyoncé,doc_31,"['doc_31', 'doc_65', 'doc_18', 'doc_30', 'doc_48']",1.0,1,5,66
56d4d5ef2ccc5a1400d8328a,Beyoncé,doc_31,"['doc_31', 'doc_65', 'doc_40', 'doc_15', 'doc_55']",1.0,1,5,66
56beb2a43aeaaa14008c9239,Beyoncé,doc_32,"['doc_32', 'doc_26', 'doc_29', 'doc_28', 'doc_14']",1.0,1,5,66
56beb2a43aeaaa14008c923a,Beyoncé,doc_32,"['doc_32', 'doc_29', 'doc_26', 'doc_33', 'doc_18']",1.0,1,5,66
56bfb1fca10cfb1400551253,Beyoncé,doc_32,"['doc_32', 'doc_65', 'doc_64', 'doc_18', 'doc_48']",1.0,1,5,66
56bfb1fca10cfb1400551254,Beyoncé,doc_32,"['doc_32', 'doc_57', 'doc_29', 'doc_18', 'doc_33']",1.0,1,5,66
56beb4023aeaaa14008c9252,Beyoncé,doc_33,"['doc_33', 'doc_18', 'doc_2', 'doc_53', 'doc_24']",1.0,1,5,66
56beb4023aeaaa14008c9253,Beyoncé,doc_33,"['doc_26', 'doc_33', 'doc_14', 'doc_29', 'doc_23']",0.5,1,5,66
56beb4023aeaaa14008c9254,Beyoncé,doc_33,"['doc_33', 'doc_18', 'doc_2', 'doc_23', 'doc_53']",1.0,1,5,66
56beb4023aeaaa14008c9255,Beyoncé,doc_33,"['doc_33', 'doc_23', 'doc_2', 'doc_53', 'doc_14']",1.0,1,5,66
56bfb502a10cfb140055125b,Beyoncé,doc_33,"['doc_33', 'doc_23', 'doc_2', 'doc_18', 'doc_1']",1.0,1,5,66
56bfb502a10cfb140055125c,Beyoncé,doc_33,"['doc_45', 'doc_33', 'doc_50', 'doc_24', 'doc_2']",0.5,1,5,66
56bfb502a10cfb140055125d,Beyoncé,doc_33,"['doc_33', 'doc_26', 'doc_29', 'doc_59', 'doc_14']",1.0,1,5,66
56bfb502a10cfb140055125e,Beyoncé,doc_33,"['doc_33', 'doc_13', 'doc_18', 'doc_23', 'doc_2']",1.0,1,5,66
56bfb502a10cfb140055125f,Beyoncé,doc_33,"['doc_33', 'doc_23', 'doc_2', 'doc_53', 'doc_14']",1.0,1,5,66
56d4d8702ccc5a1400d83294,Beyoncé,doc_33,"['doc_33', 'doc_18', 'doc_2', 'doc_23', 'doc_13']",1.0,1,5,66
56d4d8702ccc5a1400d83296,Beyoncé,doc_33,"['doc_33', 'doc_2', 'doc_18', 'doc_53', 'doc_23']",1.0,1,5,66
56d4d8702ccc5a1400d83297,Beyoncé,doc_33,"['doc_33', 'doc_2', 'doc_42', 'doc_18', 'doc_50']",1.0,1,5,66
56d4d8702ccc5a1400d83298,Beyoncé,doc_33,"['doc_33', 'doc_26', 'doc_59', 'doc_14', 'doc_23']",1.0,1,5,66
56beb50f3aeaaa14008c926f,Beyoncé,doc_34,"['doc_34', 'doc_2', 'doc_35', 'doc_1', 'doc_24']",1.0,1,5,66
56beb50f3aeaaa14008c9270,Beyoncé,doc_34,"['doc_34', 'doc_49', 'doc_42', 'doc_50', 'doc_51']",1.0,1,5,66
56beb50f3aeaaa14008c9271,Beyoncé,doc_34,"['doc_34', 'doc_42', 'doc_50', 'doc_35', 'doc_2']",1.0,1,5,66
56beb50f3aeaaa14008c9272,Beyoncé,doc_34,"['doc_34', 'doc_38', 'doc_39', 'doc_1', 'doc_35']",1.0,1,5,66
56bfb676a10cfb1400551265,Beyoncé,doc_34,"['doc_34', 'doc_2', 'doc_1', 'doc_35', 'doc_23']",1.0,1,5,66
56bfb676a10cfb1400551266,Beyoncé,doc_34,"['doc_34', 'doc_42', 'doc_50', 'doc_24', 'doc_48']",1.0,1,5,66
56bfb676a10cfb1400551267,Beyoncé,doc_34,"['doc_46', 'doc_39', 'doc_40', 'doc_51', 'doc_48']",0.0,0,5,66
56bfb676a10cfb1400551269,Beyoncé,doc_34,"['doc_49', 'doc_15', 'doc_34', 'doc_50', 'doc_42']",0.3333333333333333,1,5,66
56d4d9392ccc5a1400d8329e,Beyoncé,doc_34,"['doc_34', 'doc_35', 'doc_2', 'doc_1', 'doc_23']",1.0,1,5,66
56d4d9392ccc5a1400d8329f,Beyoncé,doc_34,"['doc_0', 'doc_2', 'doc_11', 'doc_6', 'doc_50']",0.0,0,5,66
56d4d9392ccc5a1400d832a0,Beyoncé,doc_34,"['doc_34', 'doc_50', 'doc_42', 'doc_44', 'doc_35']",1.0,1,5,66
56d4d9392ccc5a1400d832a1,Beyoncé,doc_34,"['doc_34', 'doc_51', 'doc_38', 'doc_35', 'doc_40']",1.0,1,5,66
56beb5b23aeaaa14008c9283,Beyoncé,doc_35,"['doc_35', 'doc_2', 'doc_34', 'doc_1', 'doc_24']",1.0,1,5,66
56beb5b23aeaaa14008c9284,Beyoncé,doc_35,"['doc_35', 'doc_34', 'doc_1', 'doc_24', 'doc_2']",1.0,1,5,66
56beb5b23aeaaa14008c9285,Beyoncé,doc_35,"['doc_35', 'doc_21', 'doc_1', 'doc_23', 'doc_2']",1.0,1,5,66
56beb5b23aeaaa14008c9286,Beyoncé,doc_35,"['doc_35', 'doc_1', 'doc_21', 'doc_12', 'doc_23']",1.0,1,5,66
56beb5b23aeaaa14008c9287,Beyoncé,doc_35,"['doc_35', 'doc_51', 'doc_24', 'doc_36', 'doc_37']",1.0,1,5,66
56bfb789a10cfb140055126f,Beyoncé,doc_35,"['doc_35', 'doc_2', 'doc_34', 'doc_1', 'doc_24']",1.0,1,5,66
56bfb789a10cfb1400551271,Beyoncé,doc_35,"['doc_35', 'doc_34', 'doc_2', 'doc_38', 'doc_21']",1.0,1,5,66
56bfb789a10cfb1400551272,Beyoncé,doc_35,"['doc_35', 'doc_34', 'doc_21', 'doc_54', 'doc_16']",1.0,1,5,66
56bfb789a10cfb1400551273,Beyoncé,doc_35,"['doc_35', 'doc_1', 'doc_12', 'doc_11', 'doc_21']",1.0,1,5,66
56d4d9a92ccc5a1400d832a6,Beyoncé,doc_35,"['doc_2', 'doc_35', 'doc_34', 'doc_24', 'doc_46']",0.5,1,5,66
56d4d9a92ccc5a1400d832a7,Beyoncé,doc_35,"['doc_35', 'doc_1', 'doc_21', 'doc_23', 'doc_24']",1.0,1,5,66
56d4d9a92ccc5a1400d832a8,Beyoncé,doc_35,"['doc_35', 'doc_24', 'doc_5', 'doc_36', 'doc_1']",1.0,1,5,66
56d4d9a92ccc5a1400d832a9,Beyoncé,doc_35,"['doc_35', 'doc_8', 'doc_12', 'doc_21', 'doc_39']",1.0,1,5,66
56beb67d3aeaaa14008c929a,Beyoncé,doc_36,"['doc_35', 'doc_1', 'doc_2', 'doc_36', 'doc_34']",0.25,1,5,66
56beb67d3aeaaa14008c929b,Beyoncé,doc_36,"['doc_51', 'doc_36', 'doc_2', 'doc_52', 'doc_39']",0.5,1,5,66
56bfb8dca10cfb1400551279,Beyoncé,doc_36,"['doc_39', 'doc_1', 'doc_35', 'doc_36', 'doc_5']",0.25,1,5,66
56bfb8dca10cfb140055127b,Beyoncé,doc_36,"['doc_36', 'doc_39', 'doc_1', 'doc_14', 'doc_26']",1.0,1,5,66
56bfb8dca10cfb140055127c,Beyoncé,doc_36,"['doc_36', 'doc_2', 'doc_37', 'doc_35', 'doc_1']",1.0,1,5,66
56bfb8dca10cfb140055127d,Beyoncé,doc_36,"['doc_36', 'doc_13', 'doc_1', 'doc_60', 'doc_41']",1.0,1,5,66
56d4dd502ccc5a1400d832ae,Beyoncé,doc_36,"['doc_2', 'doc_40', 'doc_39', 'doc_36', 'doc_51']",0.25,1,5,66
56d4dd502ccc5a1400d832b0,Beyoncé,doc_36,"['doc_36', 'doc_37', 'doc_2', 'doc_23', 'doc_24']",1.0,1,5,66
56d4dd502ccc5a1400d832b1,Beyoncé,doc_36,"['doc_36', 'doc_35', 'doc_1', 'doc_39', 'doc_23']",1.0,1,5,66
56beb9203aeaaa14008c92d1,Beyoncé,doc_37,"['doc_37', 'doc_16', 'doc_54', 'doc_53', 'doc_50']",1.0,1,5,66
56beb9203aeaaa14008c92d2,Beyoncé,doc_37,"['doc_37', 'doc_24', 'doc_16', 'doc_21', 'doc_2']",1.0,1,5,66
56beb9203aeaaa14008c92d4,Beyoncé,doc_37,"['doc_37', 'doc_36', 'doc_2', 'doc_53', 'doc_23']",1.0,1,5,66
56beb9203aeaaa14008c92d5,Beyoncé,doc_37,"['doc_2', 'doc_45', 'doc_50', 'doc_53', 'doc_33']",0.0,0,5,66
56bfbacaa10cfb1400551283,Beyoncé,doc_37,"['doc_37', 'doc_24', 'doc_2', 'doc_54', 'doc_21']",1.0,1,5,66
56bfbacaa10cfb1400551284,Beyoncé,doc_37,"['doc_37', 'doc_36', 'doc_54', 'doc_16', 'doc_2']",1.0,1,5,66
56bfbacaa10cfb1400551285,Beyoncé,doc_37,"['doc_37', 'doc_50', 'doc_2', 'doc_36', 'doc_53']",1.0,1,5,66
56bfbacaa10cfb1400551287,Beyoncé,doc_37,"['doc_37', 'doc_36', 'doc_53', 'doc_50', 'doc_23']",1.0,1,5,66
56d4df312ccc5a1400d832b6,Beyoncé,doc_37,"['doc_37', 'doc_2', 'doc_54', 'doc_53', 'doc_13']",1.0,1,5,66
56d4df312ccc5a1400d832b7,Beyoncé,doc_37,"['doc_37', 'doc_36', 'doc_2', 'doc_16', 'doc_50']",1.0,1,5,66
56d4df312ccc5a1400d832b9,Beyoncé,doc_37,"['doc_37', 'doc_2', 'doc_50', 'doc_53', 'doc_36']",1.0,1,5,66
56d4df312ccc5a1400d832ba,Beyoncé,doc_37,"['doc_37', 'doc_2', 'doc_36', 'doc_53', 'doc_50']",1.0,1,5,66
56beba293aeaaa14008c92ef,Beyoncé,doc_38,"['doc_38', 'doc_40', 'doc_39', 'doc_51', 'doc_36']",1.0,1,5,66
56beba293aeaaa14008c92f0,Beyoncé,doc_38,"['doc_38', 'doc_4', 'doc_20', 'doc_13', 'doc_10']",1.0,1,5,66
56beba293aeaaa14008c92f1,Beyoncé,doc_38,"['doc_24', 'doc_18', 'doc_2', 'doc_52', 'doc_65']",0.0,0,5,66
56beba293aeaaa14008c92f2,Beyoncé,doc_38,"['doc_38', 'doc_40', 'doc_51', 'doc_36', 'doc_1']",1.0,1,5,66
56bfbc17a10cfb140055128d,Beyoncé,doc_38,"['doc_51', 'doc_38', 'doc_40', 'doc_39', 'doc_2']",0.5,1,5,66
56bfbc17a10cfb1400551290,Beyoncé,doc_38,"['doc_38', 'doc_51', 'doc_39', 'doc_36', 'doc_40']",1.0,1,5,66
56d4dfc82ccc5a1400d832ca,Beyoncé,doc_38,"['doc_38', 'doc_51', 'doc_40', 'doc_2', 'doc_50']",1.0,1,5,66
56d4dfc82ccc5a1400d832cb,Beyoncé,doc_38,"['doc_13', 'doc_4', 'doc_20', 'doc_10', 'doc_11']",0.0,0,5,66
56d4dfc82ccc5a1400d832cc,Beyoncé,doc_38,"['doc_42', 'doc_2', 'doc_50', 'doc_34', 'doc_38']",0.2,1,5,66
56d4dfc82ccc5a1400d832cd,Beyoncé,doc_38,"['doc_40', 'doc_38', 'doc_51', 'doc_39', 'doc_65']",0.5,1,5,66
56d4dfc82ccc5a1400d832ce,Beyoncé,doc_38,"['doc_4', 'doc_5', 'doc_1', 'doc_38', 'doc_0']",0.25,1,5,66
56bebba63aeaaa14008c930b,Beyoncé,doc_39,"['doc_39', 'doc_13', 'doc_1', 'doc_51', 'doc_15']",1.0,1,5,66
56bebba63aeaaa14008c930c,Beyoncé,doc_39,"['doc_39', 'doc_24', 'doc_52', 'doc_12', 'doc_21']",1.0,1,5,66
56bebba63aeaaa14008c930e,Beyoncé,doc_39,"['doc_39', 'doc_1', 'doc_38', 'doc_35', 'doc_36']",1.0,1,5,66
56bfbda3a10cfb1400551297,Beyoncé,doc_39,"['doc_39', 'doc_40', 'doc_1', 'doc_65', 'doc_30']",1.0,1,5,66
56bfbda3a10cfb140055129a,Beyoncé,doc_39,"['doc_15', 'doc_38', 'doc_39', 'doc_51', 'doc_1']",0.3333333333333333,1,5,66
56bfbda3a10cfb140055129b,Beyoncé,doc_39,"['doc_39', 'doc_41', 'doc_4', 'doc_13', 'doc_22']",1.0,1,5,66
56d4e0532ccc5a1400d832d4,Beyoncé,doc_39,"['doc_39', 'doc_12', 'doc_51', 'doc_1', 'doc_38']",1.0,1,5,66
56d4e0532ccc5a1400d832d5,Beyoncé,doc_39,"['doc_39', 'doc_21', 'doc_24', 'doc_52', 'doc_13']",1.0,1,5,66
56bec1c53aeaaa14008c936b,Beyoncé,doc_40,"['doc_40', 'doc_30', 'doc_2', 'doc_42', 'doc_29']",1.0,1,5,66
56bec1c53aeaaa14008c936c,Beyoncé,doc_40,"['doc_40', 'doc_1', 'doc_39', 'doc_38', 'doc_2']",1.0,1,5,66
56bec1c53aeaaa14008c936d,Beyoncé,doc_40,"['doc_40', 'doc_2', 'doc_39', 'doc_51', 'doc_30']",1.0,1,5,66
56bfbf2fa10cfb14005512a1,Beyoncé,doc_40,"['doc_40', 'doc_38', 'doc_36', 'doc_2', 'doc_39']",1.0,1,5,66
56bfbf2fa10cfb14005512a2,Beyoncé,doc_40,"['doc_40', 'doc_34', 'doc_44', 'doc_42', 'doc_2']",1.0,1,5,66
56bfbf2fa10cfb14005512a3,Beyoncé,doc_40,"['doc_40', 'doc_46', 'doc_38', 'doc_15', 'doc_44']",1.0,1,5,66
56bfbf2fa10cfb14005512a4,Beyoncé,doc_40,"['doc_40', 'doc_38', 'doc_51', 'doc_2', 'doc_46']",1.0,1,5,66
56bfbf2fa10cfb14005512a5,Beyoncé,doc_40,"['doc_26', 'doc_36', 'doc_40', 'doc_14', 'doc_59']",0.3333333333333333,1,5,66
56d4e0e92ccc5a1400d832da,Beyoncé,doc_40,"['doc_40', 'doc_2', 'doc_51', 'doc_38', 'doc_39']",1.0,1,5,66
56d4e0e92ccc5a1400d832db,Beyoncé,doc_40,"['doc_40', 'doc_51', 'doc_38', 'doc_39', 'doc_2']",1.0,1,5,66
56d4e0e92ccc5a1400d832dc,Beyoncé,doc_40,"['doc_34', 'doc_40', 'doc_2', 'doc_39', 'doc_21']",0.5,1,5,66
56d4e0e92ccc5a1400d832dd,Beyoncé,doc_40,"['doc_40', 'doc_1', 'doc_39', 'doc_2', 'doc_36']",1.0,1,5,66
56bec29b3aeaaa14008c937f,Beyoncé,doc_41,"['doc_41', 'doc_5', 'doc_39', 'doc_22', 'doc_11']",1.0,1,5,66
56bec29b3aeaaa14008c9380,Beyoncé,doc_41,"['doc_41', 'doc_5', 'doc_0', 'doc_3', 'doc_24']",1.0,1,5,66
56bec29b3aeaaa14008c9381,Beyoncé,doc_41,"['doc_41', 'doc_5', 'doc_8', 'doc_65', 'doc_7']",1.0,1,5,66
56bec29b3aeaaa14008c9382,Beyoncé,doc_41,"['doc_41', 'doc_5', 'doc_8', 'doc_27', 'doc_13']",1.0,1,5,66
56bfc0a7a10cfb14005512ab,Beyoncé,doc_41,"['doc_41', 'doc_24', 'doc_52', 'doc_5', 'doc_1']",1.0,1,5,66
56bfc0a7a10cfb14005512ac,Beyoncé,doc_41,"['doc_41', 'doc_12', 'doc_39', 'doc_1', 'doc_8']",1.0,1,5,66
56bfc0a7a10cfb14005512ad,Beyoncé,doc_41,"['doc_41', 'doc_5', 'doc_8', 'doc_11', 'doc_6']",1.0,1,5,66
56bfc0a7a10cfb14005512af,Beyoncé,doc_41,"['doc_41', 'doc_24', 'doc_18', 'doc_22', 'doc_23']",1.0,1,5,66
56d4e17f2ccc5a1400d832e2,Beyoncé,doc_41,"['doc_41', 'doc_22', 'doc_5', 'doc_39', 'doc_1']",1.0,1,5,66
56d4e17f2ccc5a1400d832e3,Beyoncé,doc_41,"['doc_41', 'doc_1', 'doc_21', 'doc_39', 'doc_14']",1.0,1,5,66
56d4e17f2ccc5a1400d832e4,Beyoncé,doc_41,"['doc_41', 'doc_5', 'doc_47', 'doc_34', 'doc_8']",1.0,1,5,66
56d4e17f2ccc5a1400d832e5,Beyoncé,doc_41,"['doc_41', 'doc_5', 'doc_6', 'doc_8', 'doc_11']",1.0,1,5,66
56bec3303aeaaa14008c9391,Beyoncé,doc_42,"['doc_2', 'doc_42', 'doc_34', 'doc_50', 'doc_53']",0.5,1,5,66
56bec3303aeaaa14008c9393,Beyoncé,doc_42,"['doc_42', 'doc_50', 'doc_2', 'doc_18', 'doc_53']",1.0,1,5,66
56bfc281a10cfb14005512b5,Beyoncé,doc_42,"['doc_42', 'doc_2', 'doc_34', 'doc_50', 'doc_24']",1.0,1,5,66
56bfc281a10cfb14005512b6,Beyoncé,doc_42,"['doc_42', 'doc_50', 'doc_2', 'doc_53', 'doc_45']",1.0,1,5,66
56bfc281a10cfb14005512b8,Beyoncé,doc_42,"['doc_35', 'doc_7', 'doc_5', 'doc_36', 'doc_34']",0.0,0,5,66
56bfc281a10cfb14005512b9,Beyoncé,doc_42,"['doc_43', 'doc_30', 'doc_38', 'doc_34', 'doc_40']",0.0,0,5,66
56d4e2142ccc5a1400d832ec,Beyoncé,doc_42,"['doc_42', 'doc_2', 'doc_50', 'doc_52', 'doc_53']",1.0,1,5,66
56d4e2142ccc5a1400d832ed,Beyoncé,doc_42,"['doc_42', 'doc_50', 'doc_2', 'doc_53', 'doc_45']",1.0,1,5,66
56bec3ea3aeaaa14008c939f,Beyoncé,doc_43,"['doc_43', 'doc_1', 'doc_2', 'doc_39', 'doc_0']",1.0,1,5,66
56bec3ea3aeaaa14008c93a0,Beyoncé,doc_43,"['doc_43', 'doc_1', 'doc_14', 'doc_39', 'doc_0']",1.0,1,5,66
56bec3ea3aeaaa14008c93a2,Beyoncé,doc_43,"['doc_43', 'doc_1', 'doc_14', 'doc_39', 'doc_48']",1.0,1,5,66
56bec3ea3aeaaa14008c93a3,Beyoncé,doc_43,"['doc_43', 'doc_14', 'doc_1', 'doc_48', 'doc_39']",1.0,1,5,66
56bfc420a10cfb14005512c0,Beyoncé,doc_43,"['doc_43', 'doc_1', 'doc_14', 'doc_40', 'doc_39']",1.0,1,5,66
56bfc420a10cfb14005512c2,Beyoncé,doc_43,"['doc_43', 'doc_14', 'doc_1', 'doc_39', 'doc_40']",1.0,1,5,66
56d4e2e12ccc5a1400d832f0,Beyoncé,doc_43,"['doc_43', 'doc_1', 'doc_48', 'doc_0', 'doc_47']",1.0,1,5,66
56d4e2e12ccc5a1400d832f1,Beyoncé,doc_43,"['doc_43', 'doc_1', 'doc_14', 'doc_39', 'doc_52']",1.0,1,5,66
56d4e2e12ccc5a1400d832f2,Beyoncé,doc_43,"['doc_43', 'doc_14', 'doc_1', 'doc_39', 'doc_16']",1.0,1,5,66
56d4e2e12ccc5a1400d832f3,Beyoncé,doc_43,"['doc_43', 'doc_1', 'doc_14', 'doc_7', 'doc_48']",1.0,1,5,66
56bec4de3aeaaa14008c93bb,Beyoncé,doc_44,"['doc_44', 'doc_34', 'doc_43', 'doc_2', 'doc_45']",1.0,1,5,66
56bec4de3aeaaa14008c93bc,Beyoncé,doc_44,"['doc_44', 'doc_50', 'doc_2', 'doc_24', 'doc_34']",1.0,1,5,66
56bec4de3aeaaa14008c93bd,Beyoncé,doc_44,"['doc_44', 'doc_52', 'doc_47', 'doc_2', 'doc_14']",1.0,1,5,66
56bec4de3aeaaa14008c93be,Beyoncé,doc_44,"['doc_44', 'doc_8', 'doc_1', 'doc_52', 'doc_5']",1.0,1,5,66
56bec4de3aeaaa14008c93bf,Beyoncé,doc_44,"['doc_44', 'doc_52', 'doc_50', 'doc_2', 'doc_24']",1.0,1,5,66
56bfc563a10cfb14005512ca,Beyoncé,doc_44,"['doc_44', 'doc_2', 'doc_47', 'doc_34', 'doc_42']",1.0,1,5,66
56bfc563a10cfb14005512cc,Beyoncé,doc_44,"['doc_44', 'doc_47', 'doc_50', 'doc_60', 'doc_30']",1.0,1,5,66
56d4e5022ccc5a1400d832fa,Beyoncé,doc_44,"['doc_44', 'doc_45', 'doc_50', 'doc_46', 'doc_2']",1.0,1,5,66
56d4e5022ccc5a1400d832fb,Beyoncé,doc_44,"['doc_44', 'doc_52', 'doc_34', 'doc_46', 'doc_2']",1.0,1,5,66
56d4e5022ccc5a1400d832fc,Beyoncé,doc_44,"['doc_44', 'doc_11', 'doc_52', 'doc_21', 'doc_6']",1.0,1,5,66
56d4e5022ccc5a1400d832fd,Beyoncé,doc_44,"['doc_46', 'doc_43', 'doc_44', 'doc_42', 'doc_48']",0.3333333333333333,1,5,66
56bec5d53aeaaa14008c93d9,Beyoncé,doc_45,"['doc_1', 'doc_17', 'doc_2', 'doc_24', 'doc_13']",0.0,0,5,66
56bec5d53aeaaa14008c93da,Beyoncé,doc_45,"['doc_45', 'doc_46', 'doc_48', 'doc_13', 'doc_61']",1.0,1,5,66
56bec5d53aeaaa14008c93db,Beyoncé,doc_45,"['doc_45', 'doc_50', 'doc_24', 'doc_46', 'doc_33']",1.0,1,5,66
56bec5d53aeaaa14008c93dc,Beyoncé,doc_45,"['doc_45', 'doc_46', 'doc_24', 'doc_48', 'doc_50']",1.0,1,5,66
56bec5d53aeaaa14008c93dd,Beyoncé,doc_45,"['doc_45', 'doc_50', 'doc_2', 'doc_33', 'doc_53']",1.0,1,5,66
56bfc6a6a10cfb14005512d3,Beyoncé,doc_45,"['doc_45', 'doc_50', 'doc_42', 'doc_2', 'doc_46']",1.0,1,5,66
56bfc6a6a10cfb14005512d4,Beyoncé,doc_45,"['doc_50', 'doc_45', 'doc_2', 'doc_53', 'doc_42']",0.5,1,5,66
56bfc6a6a10cfb14005512d5,Beyoncé,doc_45,"['doc_45', 'doc_46', 'doc_48', 'doc_24', 'doc_50']",1.0,1,5,66
56bfc6a6a10cfb14005512d6,Beyoncé,doc_45,"['doc_45', 'doc_50', 'doc_53', 'doc_2', 'doc_52']",1.0,1,5,66
56d4e5922ccc5a1400d83302,Beyoncé,doc_45,"['doc_45', 'doc_46', 'doc_48', 'doc_56', 'doc_62']",1.0,1,5,66
56d4e5922ccc5a1400d83303,Beyoncé,doc_45,"['doc_45', 'doc_50', 'doc_46', 'doc_33', 'doc_48']",1.0,1,5,66
56d4e5922ccc5a1400d83304,Beyoncé,doc_45,"['doc_2', 'doc_24', 'doc_53', 'doc_14', 'doc_50']",0.0,0,5,66
56d4e5922ccc5a1400d83306,Beyoncé,doc_45,"['doc_45', 'doc_52', 'doc_48', 'doc_46', 'doc_15']",1.0,1,5,66
56bec6763aeaaa14008c93f4,Beyoncé,doc_46,"['doc_36', 'doc_5', 'doc_28', 'doc_26', 'doc_46']",0.2,1,5,66
56bec6763aeaaa14008c93f7,Beyoncé,doc_46,"['doc_46', 'doc_45', 'doc_49', 'doc_24', 'doc_37']",1.0,1,5,66
56bfc87ca10cfb14005512dd,Beyoncé,doc_46,"['doc_1', 'doc_46', 'doc_21', 'doc_23', 'doc_5']",0.5,1,5,66
56bfc87ca10cfb14005512e0,Beyoncé,doc_46,"['doc_46', 'doc_45', 'doc_24', 'doc_48', 'doc_21']",1.0,1,5,66
56bfc87ca10cfb14005512e1,Beyoncé,doc_46,"['doc_24', 'doc_48', 'doc_37', 'doc_49', 'doc_46']",0.2,1,5,66
56d4e62e2ccc5a1400d8330f,Beyoncé,doc_46,"['doc_46', 'doc_24', 'doc_45', 'doc_48', 'doc_37']",1.0,1,5,66
56d4e62e2ccc5a1400d83310,Beyoncé,doc_46,"['doc_46', 'doc_45', 'doc_50', 'doc_42', 'doc_24']",1.0,1,5,66
56bec6de3aeaaa14008c9407,Beyoncé,doc_47,"['doc_47', 'doc_52', 'doc_44', 'doc_2', 'doc_34']",1.0,1,5,66
56bec6de3aeaaa14008c9408,Beyoncé,doc_47,"['doc_47', 'doc_52', 'doc_5', 'doc_14', 'doc_41']",1.0,1,5,66
56bec6de3aeaaa14008c9409,Beyoncé,doc_47,"['doc_47', 'doc_52', 'doc_59', 'doc_14', 'doc_2']",1.0,1,5,66
56bfcaf0a10cfb14005512e7,Beyoncé,doc_47,"['doc_47', 'doc_52', 'doc_2', 'doc_34', 'doc_0']",1.0,1,5,66
56bfcaf0a10cfb14005512e8,Beyoncé,doc_47,"['doc_47', 'doc_41', 'doc_52', 'doc_44', 'doc_5']",1.0,1,5,66
56d4e7eb2ccc5a1400d83316,Beyoncé,doc_47,"['doc_47', 'doc_44', 'doc_52', 'doc_2', 'doc_50']",1.0,1,5,66
56d4e7eb2ccc5a1400d83317,Beyoncé,doc_47,"['doc_47', 'doc_52', 'doc_44', 'doc_2', 'doc_5']",1.0,1,5,66
56d4e7eb2ccc5a1400d83318,Beyoncé,doc_47,"['doc_47', 'doc_52', 'doc_14', 'doc_44', 'doc_3']",1.0,1,5,66
56bec7b63aeaaa14008c9422,Beyoncé,doc_48,"['doc_61', 'doc_62', 'doc_60', 'doc_58', 'doc_46']",0.0,0,5,66
56bec7b63aeaaa14008c9423,Beyoncé,doc_48,"['doc_48', 'doc_46', 'doc_45', 'doc_24', 'doc_33']",1.0,1,5,66
56bec7b63aeaaa14008c9424,Beyoncé,doc_48,"['doc_48', 'doc_46', 'doc_49', 'doc_61', 'doc_44']",1.0,1,5,66
56bec7b63aeaaa14008c9425,Beyoncé,doc_48,"['doc_48', 'doc_55', 'doc_52', 'doc_65', 'doc_24']",1.0,1,5,66
56bfcd33a10cfb14005512f1,Beyoncé,doc_48,"['doc_48', 'doc_55', 'doc_49', 'doc_65', 'doc_18']",1.0,1,5,66
56bfcd33a10cfb14005512f2,Beyoncé,doc_48,"['doc_48', 'doc_49', 'doc_46', 'doc_45', 'doc_57']",1.0,1,5,66
56bfcd33a10cfb14005512f4,Beyoncé,doc_48,"['doc_48', 'doc_46', 'doc_45', 'doc_61', 'doc_49']",1.0,1,5,66
56d4e8472ccc5a1400d8331f,Beyoncé,doc_48,"['doc_48', 'doc_49', 'doc_46', 'doc_45', 'doc_24']",1.0,1,5,66
56d4e8472ccc5a1400d83320,Beyoncé,doc_48,"['doc_48', 'doc_49', 'doc_61', 'doc_64', 'doc_46']",1.0,1,5,66
56d4e8472ccc5a1400d83321,Beyoncé,doc_48,"['doc_48', 'doc_46', 'doc_60', 'doc_61', 'doc_45']",1.0,1,5,66
56bec8a13aeaaa14008c943f,Beyoncé,doc_49,"['doc_49', 'doc_48', 'doc_24', 'doc_2', 'doc_51']",1.0,1,5,66
56bec8a13aeaaa14008c9440,Beyoncé,doc_49,"['doc_49', 'doc_48', 'doc_52', 'doc_24', 'doc_55']",1.0,1,5,66
56bec8a13aeaaa14008c9441,Beyoncé,doc_49,"['doc_49', 'doc_48', 'doc_57', 'doc_55', 'doc_24']",1.0,1,5,66
56bfcf98a10cfb14005512fd,Beyoncé,doc_49,"['doc_46', 'doc_48', 'doc_49', 'doc_45', 'doc_65']",0.3333333333333333,1,5,66
56bfcf98a10cfb14005512fe,Beyoncé,doc_49,"['doc_49', 'doc_48', 'doc_57', 'doc_55', 'doc_65']",1.0,1,5,66
56d4e8512ccc5a1400d83326,Beyoncé,doc_49,"['doc_49', 'doc_48', 'doc_34', 'doc_24', 'doc_2']",1.0,1,5,66
56d4e8512ccc5a1400d83327,Beyoncé,doc_49,"['doc_49', 'doc_48', 'doc_50', 'doc_37', 'doc_15']",1.0,1,5,66
56d4e8512ccc5a1400d83328,Beyoncé,doc_49,"['doc_49', 'doc_48', 'doc_55', 'doc_57', 'doc_24']",1.0,1,5,66
56d4e8512ccc5a1400d83329,Beyoncé,doc_49,"['doc_49', 'doc_55', 'doc_48', 'doc_57', 'doc_24']",1.0,1,5,66
56d4e8512ccc5a1400d8332a,Beyoncé,doc_49,"['doc_49', 'doc_48', 'doc_46', 'doc_65', 'doc_55']",1.0,1,5,66
56bec94f3aeaaa14008c944f,Beyoncé,doc_50,"['doc_50', 'doc_2', 'doc_45', 'doc_53', 'doc_24']",1.0,1,5,66
56bec94f3aeaaa14008c9450,Beyoncé,doc_50,"['doc_50', 'doc_45', 'doc_2', 'doc_53', 'doc_33']",1.0,1,5,66
56bec94f3aeaaa14008c9451,Beyoncé,doc_50,"['doc_50', 'doc_45', 'doc_2', 'doc_33', 'doc_53']",1.0,1,5,66
56bfd14ba10cfb1400551306,Beyoncé,doc_50,"['doc_43', 'doc_65', 'doc_50', 'doc_1', 'doc_42']",0.3333333333333333,1,5,66
56bfd14ba10cfb1400551307,Beyoncé,doc_50,"['doc_50', 'doc_45', 'doc_2', 'doc_33', 'doc_53']",1.0,1,5,66
56bfd14ba10cfb1400551308,Beyoncé,doc_50,"['doc_50', 'doc_45', 'doc_65', 'doc_24', 'doc_33']",1.0,1,5,66
56bfd14ba10cfb1400551309,Beyoncé,doc_50,"['doc_42', 'doc_34', 'doc_50', 'doc_21', 'doc_30']",0.3333333333333333,1,5,66
56d4e91b2ccc5a1400d83330,Beyoncé,doc_50,"['doc_50', 'doc_2', 'doc_42', 'doc_53', 'doc_45']",1.0,1,5,66
56d4e91b2ccc5a1400d83331,Beyoncé,doc_50,"['doc_50', 'doc_53', 'doc_2', 'doc_45', 'doc_24']",1.0,1,5,66
56d4e91b2ccc5a1400d83332,Beyoncé,doc_50,"['doc_1', 'doc_23', 'doc_21', 'doc_2', 'doc_24']",0.0,0,5,66
56d4e91b2ccc5a1400d83333,Beyoncé,doc_50,"['doc_50', 'doc_42', 'doc_2', 'doc_34', 'doc_40']",1.0,1,5,66
56d4e91b2ccc5a1400d83334,Beyoncé,doc_50,"['doc_50', 'doc_45', 'doc_24', 'doc_2', 'doc_33']",1.0,1,5,66
56bec9f13aeaaa14008c9467,Beyoncé,doc_51,"['doc_39', 'doc_1', 'doc_51', 'doc_24', 'doc_41']",0.3333333333333333,1,5,66
56bec9f13aeaaa14008c9468,Beyoncé,doc_51,"['doc_51', 'doc_15', 'doc_13', 'doc_9', 'doc_52']",1.0,1,5,66
56bec9f13aeaaa14008c9469,Beyoncé,doc_51,"['doc_55', 'doc_51', 'doc_24', 'doc_56', 'doc_65']",0.5,1,5,66
56bfd351a10cfb1400551310,Beyoncé,doc_51,"['doc_55', 'doc_51', 'doc_65', 'doc_24', 'doc_48']",0.5,1,5,66
56bfd351a10cfb1400551311,Beyoncé,doc_51,"['doc_39', 'doc_51', 'doc_24', 'doc_40', 'doc_41']",0.5,1,5,66
56bfd351a10cfb1400551312,Beyoncé,doc_51,"['doc_51', 'doc_38', 'doc_2', 'doc_40', 'doc_42']",1.0,1,5,66
56bfd351a10cfb1400551313,Beyoncé,doc_51,"['doc_15', 'doc_13', 'doc_51', 'doc_9', 'doc_1']",0.3333333333333333,1,5,66
56d4e9d12ccc5a1400d8333a,Beyoncé,doc_51,"['doc_51', 'doc_39', 'doc_40', 'doc_52', 'doc_24']",1.0,1,5,66
56d4e9d12ccc5a1400d8333b,Beyoncé,doc_51,"['doc_6', 'doc_51', 'doc_5', 'doc_8', 'doc_35']",0.5,1,5,66
56d4e9d12ccc5a1400d8333c,Beyoncé,doc_51,"['doc_15', 'doc_51', 'doc_52', 'doc_24', 'doc_41']",0.5,1,5,66
56d4e9d12ccc5a1400d8333d,Beyoncé,doc_51,"['doc_13', 'doc_15', 'doc_9', 'doc_1', 'doc_51']",0.2,1,5,66
56d4e9d12ccc5a1400d8333e,Beyoncé,doc_51,"['doc_55', 'doc_51', 'doc_65', 'doc_24', 'doc_56']",0.5,1,5,66
56beca973aeaaa14008c9477,Beyoncé,doc_52,"['doc_50', 'doc_52', 'doc_53', 'doc_14', 'doc_2']",0.5,1,5,66
56beca973aeaaa14008c9478,Beyoncé,doc_52,"['doc_54', 'doc_53', 'doc_16', 'doc_14', 'doc_52']",0.2,1,5,66
56beca973aeaaa14008c9479,Beyoncé,doc_52,"['doc_53', 'doc_52', 'doc_14', 'doc_23', 'doc_10']",0.5,1,5,66
56beca973aeaaa14008c947a,Beyoncé,doc_52,"['doc_52', 'doc_24', 'doc_47', 'doc_48', 'doc_2']",1.0,1,5,66
56beca973aeaaa14008c947b,Beyoncé,doc_52,"['doc_24', 'doc_52', 'doc_2', 'doc_1', 'doc_16']",0.5,1,5,66
56bfd565a10cfb1400551319,Beyoncé,doc_52,"['doc_52', 'doc_50', 'doc_53', 'doc_2', 'doc_16']",1.0,1,5,66
56bfd565a10cfb140055131a,Beyoncé,doc_52,"['doc_54', 'doc_53', 'doc_16', 'doc_14', 'doc_52']",0.2,1,5,66
56bfd565a10cfb140055131b,Beyoncé,doc_52,"['doc_10', 'doc_14', 'doc_53', 'doc_23', 'doc_52']",0.2,1,5,66
56bfd565a10cfb140055131c,Beyoncé,doc_52,"['doc_52', 'doc_5', 'doc_14', 'doc_23', 'doc_21']",1.0,1,5,66
56d4eaca2ccc5a1400d83345,Beyoncé,doc_52,"['doc_50', 'doc_53', 'doc_52', 'doc_2', 'doc_23']",0.3333333333333333,1,5,66
56d4eaca2ccc5a1400d83347,Beyoncé,doc_52,"['doc_52', 'doc_21', 'doc_14', 'doc_5', 'doc_24']",1.0,1,5,66
56d4eaca2ccc5a1400d83348,Beyoncé,doc_52,"['doc_52', 'doc_1', 'doc_47', 'doc_39', 'doc_14']",1.0,1,5,66
56becb8d3aeaaa14008c9495,Beyoncé,doc_53,"['doc_53', 'doc_23', 'doc_19', 'doc_12', 'doc_2']",1.0,1,5,66
56becb8d3aeaaa14008c9496,Beyoncé,doc_53,"['doc_53', 'doc_2', 'doc_23', 'doc_33', 'doc_14']",1.0,1,5,66
56becb8d3aeaaa14008c9497,Beyoncé,doc_53,"['doc_53', 'doc_2', 'doc_23', 'doc_54', 'doc_24']",1.0,1,5,66
56becb8d3aeaaa14008c9498,Beyoncé,doc_53,"['doc_11', 'doc_1', 'doc_8', 'doc_6', 'doc_53']",0.2,1,5,66
56becb8d3aeaaa14008c9499,Beyoncé,doc_53,"['doc_37', 'doc_54', 'doc_38', 'doc_53', 'doc_2']",0.25,1,5,66
56bfd6f7a10cfb1400551323,Beyoncé,doc_53,"['doc_53', 'doc_23', 'doc_2', 'doc_10', 'doc_12']",1.0,1,5,66
56bfd6f7a10cfb1400551324,Beyoncé,doc_53,"['doc_53', 'doc_2', 'doc_23', 'doc_33', 'doc_13']",1.0,1,5,66
56bfd6f7a10cfb1400551325,Beyoncé,doc_53,"['doc_11', 'doc_8', 'doc_6', 'doc_2', 'doc_53']",0.2,1,5,66
56bfd6f7a10cfb1400551326,Beyoncé,doc_53,"['doc_54', 'doc_21', 'doc_53', 'doc_24', 'doc_18']",0.3333333333333333,1,5,66
56bfd6f7a10cfb1400551327,Beyoncé,doc_53,"['doc_53', 'doc_2', 'doc_54', 'doc_50', 'doc_37']",1.0,1,5,66
56d4eb762ccc5a1400d8334e,Beyoncé,doc_53,"['doc_53', 'doc_2', 'doc_23', 'doc_33', 'doc_12']",1.0,1,5,66
56d4eb762ccc5a1400d8334f,Beyoncé,doc_53,"['doc_53', 'doc_2', 'doc_23', 'doc_33', 'doc_14']",1.0,1,5,66
56d4eb762ccc5a1400d83350,Beyoncé,doc_53,"['doc_53', 'doc_50', 'doc_2', 'doc_33', 'doc_52']",1.0,1,5,66
56d4eb762ccc5a1400d83351,Beyoncé,doc_53,"['doc_53', 'doc_2', 'doc_23', 'doc_54', 'doc_1']",1.0,1,5,66
56d4eb762ccc5a1400d83352,Beyoncé,doc_53,"['doc_24', 'doc_21', 'doc_2', 'doc_53', 'doc_54']",0.25,1,5,66
56becc903aeaaa14008c949f,Beyoncé,doc_54,"['doc_54', 'doc_2', 'doc_1', 'doc_53', 'doc_11']",1.0,1,5,66
56becc903aeaaa14008c94a0,Beyoncé,doc_54,"['doc_54', 'doc_16', 'doc_37', 'doc_2', 'doc_53']",1.0,1,5,66
56becc903aeaaa14008c94a1,Beyoncé,doc_54,"['doc_16', 'doc_54', 'doc_24', 'doc_2', 'doc_53']",0.5,1,5,66
56becc903aeaaa14008c94a2,Beyoncé,doc_54,"['doc_54', 'doc_2', 'doc_53', 'doc_23', 'doc_37']",1.0,1,5,66
56becc903aeaaa14008c94a3,Beyoncé,doc_54,"['doc_54', 'doc_24', 'doc_1', 'doc_2', 'doc_16']",1.0,1,5,66
56bfd8bda10cfb140055132d,Beyoncé,doc_54,"['doc_54', 'doc_2', 'doc_16', 'doc_24', 'doc_53']",1.0,1,5,66
56bfd8bda10cfb140055132e,Beyoncé,doc_54,"['doc_16', 'doc_54', 'doc_24', 'doc_2', 'doc_53']",0.5,1,5,66
56bfd8bda10cfb140055132f,Beyoncé,doc_54,"['doc_54', 'doc_16', 'doc_24', 'doc_53', 'doc_2']",1.0,1,5,66
56bfd8bda10cfb1400551330,Beyoncé,doc_54,"['doc_54', 'doc_16', 'doc_24', 'doc_53', 'doc_2']",1.0,1,5,66
56d4ebea2ccc5a1400d83358,Beyoncé,doc_54,"['doc_54', 'doc_2', 'doc_24', 'doc_16', 'doc_53']",1.0,1,5,66
56d4ebea2ccc5a1400d8335a,Beyoncé,doc_54,"['doc_54', 'doc_16', 'doc_24', 'doc_2', 'doc_53']",1.0,1,5,66
56d4ebea2ccc5a1400d8335b,Beyoncé,doc_54,"['doc_16', 'doc_21', 'doc_52', 'doc_24', 'doc_50']",0.0,0,5,66
56d4ebea2ccc5a1400d8335c,Beyoncé,doc_54,"['doc_15', 'doc_24', 'doc_54', 'doc_16', 'doc_1']",0.3333333333333333,1,5,66
56bed07e3aeaaa14008c94a9,Beyoncé,doc_55,"['doc_55', 'doc_24', 'doc_61', 'doc_56', 'doc_1']",1.0,1,5,66
56bed07e3aeaaa14008c94aa,Beyoncé,doc_55,"['doc_55', 'doc_33', 'doc_24', 'doc_57', 'doc_13']",1.0,1,5,66
56bed07e3aeaaa14008c94ab,Beyoncé,doc_55,"['doc_55', 'doc_65', 'doc_24', 'doc_57', 'doc_31']",1.0,1,5,66
56bed07e3aeaaa14008c94ad,Beyoncé,doc_55,"['doc_55', 'doc_24', 'doc_33', 'doc_51', 'doc_57']",1.0,1,5,66
56bfda91a10cfb1400551337,Beyoncé,doc_55,"['doc_55', 'doc_24', 'doc_13', 'doc_1', 'doc_56']",1.0,1,5,66
56bfda91a10cfb1400551338,Beyoncé,doc_55,"['doc_55', 'doc_52', 'doc_65', 'doc_24', 'doc_1']",1.0,1,5,66
56bfda91a10cfb1400551339,Beyoncé,doc_55,"['doc_57', 'doc_65', 'doc_55', 'doc_18', 'doc_33']",0.3333333333333333,1,5,66
56bfda91a10cfb140055133a,Beyoncé,doc_55,"['doc_55', 'doc_57', 'doc_65', 'doc_31', 'doc_51']",1.0,1,5,66
56d4ec422ccc5a1400d83362,Beyoncé,doc_55,"['doc_55', 'doc_24', 'doc_61', 'doc_56', 'doc_57']",1.0,1,5,66
56d4ec422ccc5a1400d83363,Beyoncé,doc_55,"['doc_55', 'doc_57', 'doc_33', 'doc_23', 'doc_24']",1.0,1,5,66
56d4ec422ccc5a1400d83364,Beyoncé,doc_55,"['doc_55', 'doc_57', 'doc_65', 'doc_49', 'doc_51']",1.0,1,5,66
56d4ec422ccc5a1400d83365,Beyoncé,doc_55,"['doc_55', 'doc_24', 'doc_51', 'doc_65', 'doc_52']",1.0,1,5,66
56bed1243aeaaa14008c94b3,Beyoncé,doc_56,"['doc_56', 'doc_55', 'doc_1', 'doc_9', 'doc_61']",1.0,1,5,66
56bed1243aeaaa14008c94b4,Beyoncé,doc_56,"['doc_56', 'doc_33', 'doc_53', 'doc_45', 'doc_55']",1.0,1,5,66
56bed1243aeaaa14008c94b5,Beyoncé,doc_56,"['doc_56', 'doc_1', 'doc_61', 'doc_12', 'doc_13']",1.0,1,5,66
56bed1243aeaaa14008c94b6,Beyoncé,doc_56,"['doc_22', 'doc_1', 'doc_23', 'doc_12', 'doc_56']",0.2,1,5,66
56bed1243aeaaa14008c94b7,Beyoncé,doc_56,"['doc_56', 'doc_22', 'doc_13', 'doc_23', 'doc_33']",1.0,1,5,66
56bfdbf2a10cfb1400551341,Beyoncé,doc_56,"['doc_56', 'doc_1', 'doc_55', 'doc_23', 'doc_61']",1.0,1,5,66
56bfdbf2a10cfb1400551342,Beyoncé,doc_56,"['doc_56', 'doc_12', 'doc_1', 'doc_61', 'doc_11']",1.0,1,5,66
56bfdbf2a10cfb1400551343,Beyoncé,doc_56,"['doc_56', 'doc_1', 'doc_39', 'doc_12', 'doc_19']",1.0,1,5,66
56bfdbf2a10cfb1400551344,Beyoncé,doc_56,"['doc_56', 'doc_19', 'doc_23', 'doc_57', 'doc_61']",1.0,1,5,66
56d4ee342ccc5a1400d8336d,Beyoncé,doc_56,"['doc_56', 'doc_61', 'doc_55', 'doc_46', 'doc_1']",1.0,1,5,66
56d4ee342ccc5a1400d8336e,Beyoncé,doc_56,"['doc_56', 'doc_1', 'doc_61', 'doc_12', 'doc_23']",1.0,1,5,66
56d4ee342ccc5a1400d8336f,Beyoncé,doc_56,"['doc_56', 'doc_1', 'doc_13', 'doc_61', 'doc_12']",1.0,1,5,66
56d4ee342ccc5a1400d83370,Beyoncé,doc_56,"['doc_56', 'doc_19', 'doc_23', 'doc_12', 'doc_35']",1.0,1,5,66
56bed17a3aeaaa14008c94bd,Beyoncé,doc_57,"['doc_57', 'doc_55', 'doc_5', 'doc_1', 'doc_13']",1.0,1,5,66
56bed17a3aeaaa14008c94be,Beyoncé,doc_57,"['doc_57', 'doc_52', 'doc_14', 'doc_1', 'doc_23']",1.0,1,5,66
56bfdd3fa10cfb140055134b,Beyoncé,doc_57,"['doc_55', 'doc_61', 'doc_1', 'doc_62', 'doc_58']",0.0,0,5,66
56bfdd3fa10cfb140055134d,Beyoncé,doc_57,"['doc_57', 'doc_7', 'doc_33', 'doc_14', 'doc_23']",1.0,1,5,66
56bfdd3fa10cfb140055134e,Beyoncé,doc_57,"['doc_57', 'doc_49', 'doc_32', 'doc_8', 'doc_46']",1.0,1,5,66
56bfdd3fa10cfb140055134f,Beyoncé,doc_57,"['doc_57', 'doc_52', 'doc_14', 'doc_6', 'doc_5']",1.0,1,5,66
56d4efd92ccc5a1400d83376,Beyoncé,doc_57,"['doc_57', 'doc_1', 'doc_15', 'doc_23', 'doc_21']",1.0,1,5,66
56d4efd92ccc5a1400d83377,Beyoncé,doc_57,"['doc_57', 'doc_61', 'doc_5', 'doc_58', 'doc_65']",1.0,1,5,66
56d4efd92ccc5a1400d83378,Beyoncé,doc_57,"['doc_57', 'doc_7', 'doc_55', 'doc_33', 'doc_59']",1.0,1,5,66
56d4efd92ccc5a1400d83379,Beyoncé,doc_57,"['doc_57', 'doc_32', 'doc_7', 'doc_49', 'doc_55']",1.0,1,5,66
56bed22d3aeaaa14008c94c1,Beyoncé,doc_58,"['doc_59', 'doc_58', 'doc_5', 'doc_1', 'doc_57']",0.5,1,5,66
56bed22d3aeaaa14008c94c2,Beyoncé,doc_58,"['doc_58', 'doc_62', 'doc_61', 'doc_60', 'doc_5']",1.0,1,5,66
56bed22d3aeaaa14008c94c3,Beyoncé,doc_58,"['doc_62', 'doc_58', 'doc_61', 'doc_60', 'doc_46']",0.5,1,5,66
56bed22d3aeaaa14008c94c4,Beyoncé,doc_58,"['doc_62', 'doc_58', 'doc_61', 'doc_57', 'doc_11']",0.5,1,5,66
56bfdecca10cfb1400551355,Beyoncé,doc_58,"['doc_58', 'doc_24', 'doc_14', 'doc_26', 'doc_23']",1.0,1,5,66
56bfdecca10cfb1400551359,Beyoncé,doc_58,"['doc_62', 'doc_58', 'doc_61', 'doc_25', 'doc_60']",0.5,1,5,66
56d4f5d32ccc5a1400d83380,Beyoncé,doc_58,"['doc_47', 'doc_5', 'doc_1', 'doc_58', 'doc_59']",0.25,1,5,66
56d4f5d32ccc5a1400d83381,Beyoncé,doc_58,"['doc_58', 'doc_62', 'doc_57', 'doc_5', 'doc_55']",1.0,1,5,66
56d4f5d32ccc5a1400d83382,Beyoncé,doc_58,"['doc_58', 'doc_62', 'doc_61', 'doc_60', 'doc_45']",1.0,1,5,66
56d4f5d32ccc5a1400d83383,Beyoncé,doc_58,"['doc_58', 'doc_62', 'doc_61', 'doc_60', 'doc_59']",1.0,1,5,66
56bed2993aeaaa14008c94c9,Beyoncé,doc_59,"['doc_59', 'doc_25', 'doc_23', 'doc_5', 'doc_1']",1.0,1,5,66
56bed2993aeaaa14008c94cb,Beyoncé,doc_59,"['doc_59', 'doc_58', 'doc_25', 'doc_5', 'doc_57']",1.0,1,5,66
56bfe0a9a10cfb140055135f,Beyoncé,doc_59,"['doc_59', 'doc_25', 'doc_23', 'doc_58', 'doc_57']",1.0,1,5,66
56bfe0a9a10cfb1400551361,Beyoncé,doc_59,"['doc_59', 'doc_25', 'doc_47', 'doc_5', 'doc_22']",1.0,1,5,66
56bfe0a9a10cfb1400551363,Beyoncé,doc_59,"['doc_59', 'doc_49', 'doc_57', 'doc_15', 'doc_34']",1.0,1,5,66
56d4f63e2ccc5a1400d8338a,Beyoncé,doc_59,"['doc_59', 'doc_23', 'doc_2', 'doc_57', 'doc_52']",1.0,1,5,66
56d4f63e2ccc5a1400d8338c,Beyoncé,doc_59,"['doc_59', 'doc_58', 'doc_5', 'doc_57', 'doc_61']",1.0,1,5,66
56d4f63e2ccc5a1400d8338d,Beyoncé,doc_59,"['doc_59', 'doc_5', 'doc_58', 'doc_57', 'doc_23']",1.0,1,5,66
56d4f63e2ccc5a1400d8338e,Beyoncé,doc_59,"['doc_59', 'doc_57', 'doc_33', 'doc_49', 'doc_18']",1.0,1,5,66
56bed32f3aeaaa14008c94cf,Beyoncé,doc_60,"['doc_60', 'doc_61', 'doc_3', 'doc_48', 'doc_5']",1.0,1,5,66
56bed32f3aeaaa14008c94d0,Beyoncé,doc_60,"['doc_3', 'doc_5', 'doc_0', 'doc_41', 'doc_60']",0.2,1,5,66
56bed32f3aeaaa14008c94d1,Beyoncé,doc_60,"['doc_60', 'doc_5', 'doc_47', 'doc_61', 'doc_58']",1.0,1,5,66
56bed32f3aeaaa14008c94d2,Beyoncé,doc_60,"['doc_61', 'doc_46', 'doc_62', 'doc_60', 'doc_58']",0.25,1,5,66
56bed32f3aeaaa14008c94d3,Beyoncé,doc_60,"['doc_61', 'doc_62', 'doc_58', 'doc_46', 'doc_60']",0.2,1,5,66
56bfe2a2a10cfb1400551369,Beyoncé,doc_60,"['doc_61', 'doc_60', 'doc_58', 'doc_48', 'doc_62']",0.5,1,5,66
56bfe2a2a10cfb140055136a,Beyoncé,doc_60,"['doc_60', 'doc_61', 'doc_5', 'doc_48', 'doc_1']",1.0,1,5,66
56bfe2a2a10cfb140055136b,Beyoncé,doc_60,"['doc_3', 'doc_5', 'doc_60', 'doc_47', 'doc_0']",0.3333333333333333,1,5,66
56bfe2a2a10cfb140055136c,Beyoncé,doc_60,"['doc_61', 'doc_60', 'doc_46', 'doc_62', 'doc_58']",0.5,1,5,66
56d4f6922ccc5a1400d83394,Beyoncé,doc_60,"['doc_60', 'doc_61', 'doc_48', 'doc_58', 'doc_46']",1.0,1,5,66
56d4f6922ccc5a1400d83397,Beyoncé,doc_60,"['doc_60', 'doc_61', 'doc_48', 'doc_56', 'doc_46']",1.0,1,5,66
56bed38e3aeaaa14008c94d9,Beyoncé,doc_61,"['doc_61', 'doc_58', 'doc_62', 'doc_60', 'doc_55']",1.0,1,5,66
56bed38e3aeaaa14008c94da,Beyoncé,doc_61,"['doc_61', 'doc_60', 'doc_12', 'doc_23', 'doc_1']",1.0,1,5,66
56bed38e3aeaaa14008c94db,Beyoncé,doc_61,"['doc_61', 'doc_62', 'doc_58', 'doc_60', 'doc_46']",1.0,1,5,66
56bfe4dfa10cfb1400551374,Beyoncé,doc_61,"['doc_46', 'doc_61', 'doc_48', 'doc_52', 'doc_39']",0.5,1,5,66
56bfe4dfa10cfb1400551375,Beyoncé,doc_61,"['doc_65', 'doc_61', 'doc_60', 'doc_5', 'doc_64']",0.5,1,5,66
56bfe4dfa10cfb1400551377,Beyoncé,doc_61,"['doc_61', 'doc_46', 'doc_58', 'doc_62', 'doc_55']",1.0,1,5,66
56d4f6e02ccc5a1400d8339e,Beyoncé,doc_61,"['doc_61', 'doc_58', 'doc_62', 'doc_60', 'doc_46']",1.0,1,5,66
56d4f6e02ccc5a1400d8339f,Beyoncé,doc_61,"['doc_61', 'doc_57', 'doc_52', 'doc_46', 'doc_48']",1.0,1,5,66
56d4f6e02ccc5a1400d833a0,Beyoncé,doc_61,"['doc_61', 'doc_60', 'doc_46', 'doc_58', 'doc_62']",1.0,1,5,66
56d4f6e02ccc5a1400d833a1,Beyoncé,doc_61,"['doc_61', 'doc_46', 'doc_58', 'doc_48', 'doc_65']",1.0,1,5,66
56d4f6e02ccc5a1400d833a2,Beyoncé,doc_61,"['doc_61', 'doc_60', 'doc_48', 'doc_43', 'doc_58']",1.0,1,5,66
56bed3e63aeaaa14008c94e0,Beyoncé,doc_62,"['doc_58', 'doc_62', 'doc_61', 'doc_60', 'doc_64']",0.5,1,5,66
56bed3e63aeaaa14008c94e1,Beyoncé,doc_62,"['doc_62', 'doc_58', 'doc_61', 'doc_60', 'doc_23']",1.0,1,5,66
56bfe66ea10cfb140055137e,Beyoncé,doc_62,"['doc_58', 'doc_62', 'doc_61', 'doc_60', 'doc_47']",0.5,1,5,66
56bfe66ea10cfb1400551380,Beyoncé,doc_62,"['doc_59', 'doc_58', 'doc_57', 'doc_23', 'doc_36']",0.0,0,5,66
56bfe66ea10cfb1400551381,Beyoncé,doc_62,"['doc_62', 'doc_61', 'doc_58', 'doc_60', 'doc_11']",1.0,1,5,66
56d4f71e2ccc5a1400d833a8,Beyoncé,doc_62,"['doc_58', 'doc_62', 'doc_61', 'doc_55', 'doc_60']",0.5,1,5,66
56d4f71e2ccc5a1400d833a9,Beyoncé,doc_62,"['doc_58', 'doc_62', 'doc_61', 'doc_60', 'doc_46']",0.5,1,5,66
56d4f71e2ccc5a1400d833aa,Beyoncé,doc_62,"['doc_58', 'doc_62', 'doc_61', 'doc_46', 'doc_60']",0.5,1,5,66
56bed4553aeaaa14008c94e5,Beyoncé,doc_63,"['doc_63', 'doc_64', 'doc_65', 'doc_11', 'doc_8']",1.0,1,5,66
56bed4553aeaaa14008c94e7,Beyoncé,doc_63,"['doc_63', 'doc_57', 'doc_64', 'doc_65', 'doc_8']",1.0,1,5,66
56bed4553aeaaa14008c94e8,Beyoncé,doc_63,"['doc_63', 'doc_64', 'doc_65', 'doc_29', 'doc_18']",1.0,1,5,66
56bfe7eaa10cfb1400551387,Beyoncé,doc_63,"['doc_5', 'doc_63', 'doc_58', 'doc_61', 'doc_60']",0.5,1,5,66
56bfe7eaa10cfb1400551389,Beyoncé,doc_63,"['doc_63', 'doc_64', 'doc_65', 'doc_18', 'doc_33']",1.0,1,5,66
56bfe7eaa10cfb140055138a,Beyoncé,doc_63,"['doc_63', 'doc_65', 'doc_64', 'doc_30', 'doc_55']",1.0,1,5,66
56d4f7a22ccc5a1400d833ae,Beyoncé,doc_63,"['doc_63', 'doc_64', 'doc_65', 'doc_1', 'doc_48']",1.0,1,5,66
56d4f7a22ccc5a1400d833b0,Beyoncé,doc_63,"['doc_63', 'doc_64', 'doc_18', 'doc_65', 'doc_33']",1.0,1,5,66
56d4f7a22ccc5a1400d833b1,Beyoncé,doc_63,"['doc_63', 'doc_64', 'doc_65', 'doc_18', 'doc_24']",1.0,1,5,66
56bed4c23aeaaa14008c94ed,Beyoncé,doc_64,"['doc_64', 'doc_65', 'doc_63', 'doc_18', 'doc_24']",1.0,1,5,66
56bed4c23aeaaa14008c94ee,Beyoncé,doc_64,"['doc_64', 'doc_61', 'doc_58', 'doc_62', 'doc_3']",1.0,1,5,66
56bed4c23aeaaa14008c94ef,Beyoncé,doc_64,"['doc_64', 'doc_24', 'doc_21', 'doc_14', 'doc_18']",1.0,1,5,66
56bfeb09a10cfb1400551391,Beyoncé,doc_64,"['doc_33', 'doc_64', 'doc_23', 'doc_55', 'doc_52']",0.5,1,5,66
56bfeb09a10cfb1400551392,Beyoncé,doc_64,"['doc_5', 'doc_61', 'doc_60', 'doc_65', 'doc_41']",0.0,0,5,66
56bfeb09a10cfb1400551394,Beyoncé,doc_64,"['doc_64', 'doc_65', 'doc_18', 'doc_63', 'doc_29']",1.0,1,5,66
56bfeb09a10cfb1400551395,Beyoncé,doc_64,"['doc_65', 'doc_64', 'doc_13', 'doc_29', 'doc_15']",0.5,1,5,66
56d4f9112ccc5a1400d833b6,Beyoncé,doc_64,"['doc_64', 'doc_63', 'doc_65', 'doc_18', 'doc_29']",1.0,1,5,66
56d4f9112ccc5a1400d833b7,Beyoncé,doc_64,"['doc_63', 'doc_61', 'doc_64', 'doc_20', 'doc_60']",0.3333333333333333,1,5,66
56d4f9112ccc5a1400d833ba,Beyoncé,doc_64,"['doc_64', 'doc_21', 'doc_24', 'doc_18', 'doc_65']",1.0,1,5,66
56bed5983aeaaa14008c94f3,Beyoncé,doc_65,"['doc_65', 'doc_21', 'doc_11', 'doc_24', 'doc_14']",1.0,1,5,66
56bed5983aeaaa14008c94f4,Beyoncé,doc_65,"['doc_65', 'doc_64', 'doc_24', 'doc_21', 'doc_55']",1.0,1,5,66
56bed5983aeaaa14008c94f5,Beyoncé,doc_65,"['doc_65', 'doc_64', 'doc_55', 'doc_63', 'doc_24']",1.0,1,5,66
56bed5983aeaaa14008c94f6,Beyoncé,doc_65,"['doc_65', 'doc_18', 'doc_31', 'doc_64', 'doc_24']",1.0,1,5,66
56bed5983aeaaa14008c94f7,Beyoncé,doc_65,"['doc_40', 'doc_42', 'doc_65', 'doc_38', 'doc_2']",0.3333333333333333,1,5,66
56bfed855a85de14001c7864,Beyoncé,doc_65,"['doc_65', 'doc_64', 'doc_63', 'doc_11', 'doc_21']",1.0,1,5,66
56bfed855a85de14001c7866,Beyoncé,doc_65,"['doc_65', 'doc_31', 'doc_64', 'doc_55', 'doc_30']",1.0,1,5,66
56bfed855a85de14001c7868,Beyoncé,doc_65,"['doc_65', 'doc_18', 'doc_59', 'doc_63', 'doc_57']",1.0,1,5,66
56d4fa2e2ccc5a1400d833ca,Beyoncé,doc_65,"['doc_65', 'doc_64', 'doc_31', 'doc_55', 'doc_21']",1.0,1,5,66
56d4fa2e2ccc5a1400d833cb,Beyoncé,doc_65,"['doc_65', 'doc_64', 'doc_4', 'doc_63', 'doc_31']",1.0,1,5,66
56d4fa2e2ccc5a1400d833cc,Beyoncé,doc_65,"['doc_65', 'doc_64', 'doc_18', 'doc_24', 'doc_63']",1.0,1,5,66
56d4fa2e2ccc5a1400d833cd,Beyoncé,doc_65,"['doc_65', 'doc_55', 'doc_64', 'doc_24', 'doc_51']",1.0,1,5,66
5733bd9bd058e614000b6199,Montana,doc_0,"['doc_6', 'doc_3', 'doc_2', 'doc_0', 'doc_1']",0.25,1,5,44
5733bd9bd058e614000b619a,Montana,doc_0,"['doc_7', 'doc_0', 'doc_10', 'doc_4', 'doc_28']",0.5,1,5,44
5733bd9bd058e614000b619b,Montana,doc_0,"['doc_28', 'doc_35', 'doc_0', 'doc_4', 'doc_1']",0.3333333333333333,1,5,44
5733bd9bd058e614000b619c,Montana,doc_0,"['doc_8', 'doc_10', 'doc_9', 'doc_0', 'doc_18']",0.25,1,5,44
5733f0e34776f41900661573,Montana,doc_0,"['doc_6', 'doc_3', 'doc_2', 'doc_0', 'doc_1']",0.25,1,5,44
5733d7164776f4190066132e,Montana,doc_1,"['doc_1', 'doc_3', 'doc_2', 'doc_22', 'doc_11']",1.0,1,5,44
5733d7164776f4190066132f,Montana,doc_1,"['doc_1', 'doc_3', 'doc_2', 'doc_22', 'doc_11']",1.0,1,5,44
5733d7164776f41900661330,Montana,doc_1,"['doc_1', 'doc_3', 'doc_2', 'doc_23', 'doc_15']",1.0,1,5,44
5733d7164776f41900661331,Montana,doc_1,"['doc_23', 'doc_1', 'doc_0', 'doc_3', 'doc_22']",0.5,1,5,44
5733d7164776f41900661332,Montana,doc_1,"['doc_1', 'doc_3', 'doc_23', 'doc_22', 'doc_10']",1.0,1,5,44
5733d7fd4776f41900661342,Montana,doc_2,"['doc_2', 'doc_3', 'doc_1', 'doc_38', 'doc_17']",1.0,1,5,44
5733d858d058e614000b63c7,Montana,doc_3,"['doc_3', 'doc_0', 'doc_6', 'doc_2', 'doc_38']",1.0,1,5,44
5733d858d058e614000b63c8,Montana,doc_3,"['doc_3', 'doc_0', 'doc_6', 'doc_2', 'doc_38']",1.0,1,5,44
5733d858d058e614000b63c9,Montana,doc_3,"['doc_3', 'doc_1', 'doc_2', 'doc_38', 'doc_6']",1.0,1,5,44
5733d858d058e614000b63ca,Montana,doc_3,"['doc_3', 'doc_1', 'doc_2', 'doc_22', 'doc_38']",1.0,1,5,44
5733d858d058e614000b63cb,Montana,doc_3,"['doc_22', 'doc_3', 'doc_1', 'doc_0', 'doc_2']",0.5,1,5,44
5733e9864776f419006614cc,Montana,doc_4,"['doc_4', 'doc_28', 'doc_33', 'doc_11', 'doc_26']",1.0,1,5,44
5733eefe4776f4190066154b,Montana,doc_5,"['doc_5', 'doc_4', 'doc_0', 'doc_34', 'doc_7']",1.0,1,5,44
5733eefe4776f4190066154c,Montana,doc_5,"['doc_4', 'doc_34', 'doc_5', 'doc_28', 'doc_26']",0.3333333333333333,1,5,44
5733eefe4776f4190066154d,Montana,doc_5,"['doc_5', 'doc_4', 'doc_28', 'doc_34', 'doc_32']",1.0,1,5,44
5733f18ad058e614000b6643,Montana,doc_6,"['doc_6', 'doc_3', 'doc_0', 'doc_2', 'doc_10']",1.0,1,5,44
5733f18ad058e614000b6644,Montana,doc_6,"['doc_6', 'doc_0', 'doc_40', 'doc_9', 'doc_27']",1.0,1,5,44
5733f5d34776f419006615bb,Montana,doc_7,"['doc_7', 'doc_0', 'doc_34', 'doc_5', 'doc_8']",1.0,1,5,44
5733f5d34776f419006615bc,Montana,doc_7,"['doc_0', 'doc_7', 'doc_8', 'doc_38', 'doc_6']",0.5,1,5,44
5733f5d34776f419006615bd,Montana,doc_7,"['doc_7', 'doc_10', 'doc_8', 'doc_0', 'doc_19']",1.0,1,5,44
573408fed058e614000b6835,Montana,doc_8,"['doc_8', 'doc_10', 'doc_0', 'doc_9', 'doc_24']",1.0,1,5,44
573408fed058e614000b6836,Montana,doc_8,"['doc_40', 'doc_8', 'doc_28', 'doc_10', 'doc_19']",0.5,1,5,44
573409bed058e614000b6839,Montana,doc_9,"['doc_9', 'doc_20', 'doc_19', 'doc_18', 'doc_10']",1.0,1,5,44
573409bed058e614000b683a,Montana,doc_9,"['doc_9', 'doc_19', 'doc_20', 'doc_18', 'doc_21']",1.0,1,5,44
57340a0dd058e614000b6851,Montana,doc_10,"['doc_10', 'doc_8', 'doc_24', 'doc_9', 'doc_0']",1.0,1,5,44
57340a0dd058e614000b6852,Montana,doc_10,"['doc_10', 'doc_8', 'doc_0', 'doc_24', 'doc_21']",1.0,1,5,44
57340a0dd058e614000b6853,Montana,doc_10,"['doc_10', 'doc_24', 'doc_8', 'doc_9', 'doc_20']",1.0,1,5,44
57340bdf4776f419006617a3,Montana,doc_11,"['doc_11', 'doc_12', 'doc_5', 'doc_38', 'doc_28']",1.0,1,5,44
57340bdf4776f419006617a4,Montana,doc_11,"['doc_11', 'doc_12', 'doc_38', 'doc_35', 'doc_41']",1.0,1,5,44
57340bdf4776f419006617a6,Montana,doc_11,"['doc_11', 'doc_12', 'doc_8', 'doc_10', 'doc_38']",1.0,1,5,44
57340bdf4776f419006617a5,Montana,doc_11,"['doc_11', 'doc_12', 'doc_8', 'doc_10', 'doc_6']",1.0,1,5,44
57341184d058e614000b68da,Montana,doc_12,"['doc_12', 'doc_0', 'doc_38', 'doc_6', 'doc_8']",1.0,1,5,44
57341184d058e614000b68db,Montana,doc_12,"['doc_12', 'doc_11', 'doc_35', 'doc_38', 'doc_2']",1.0,1,5,44
57341184d058e614000b68dc,Montana,doc_12,"['doc_12', 'doc_11', 'doc_38', 'doc_34', 'doc_2']",1.0,1,5,44
57341184d058e614000b68dd,Montana,doc_12,"['doc_12', 'doc_11', 'doc_34', 'doc_38', 'doc_28']",1.0,1,5,44
573412ebd058e614000b68f0,Montana,doc_13,"['doc_13', 'doc_4', 'doc_0', 'doc_34', 'doc_14']",1.0,1,5,44
573412ebd058e614000b68f1,Montana,doc_13,"['doc_13', 'doc_4', 'doc_34', 'doc_14', 'doc_5']",1.0,1,5,44
573413594776f41900661803,Montana,doc_14,"['doc_14', 'doc_37', 'doc_10', 'doc_7', 'doc_20']",1.0,1,5,44
573413594776f41900661804,Montana,doc_14,"['doc_14', 'doc_37', 'doc_41', 'doc_31', 'doc_38']",1.0,1,5,44
573414644776f4190066180d,Montana,doc_15,"['doc_15', 'doc_23', 'doc_0', 'doc_16', 'doc_36']",1.0,1,5,44
573414644776f4190066180e,Montana,doc_15,"['doc_15', 'doc_23', 'doc_36', 'doc_16', 'doc_1']",1.0,1,5,44
573414644776f4190066180f,Montana,doc_15,"['doc_15', 'doc_23', 'doc_36', 'doc_16', 'doc_18']",1.0,1,5,44
57341539d058e614000b6906,Montana,doc_16,"['doc_16', 'doc_18', 'doc_23', 'doc_21', 'doc_15']",1.0,1,5,44
57341539d058e614000b6907,Montana,doc_16,"['doc_16', 'doc_18', 'doc_23', 'doc_15', 'doc_21']",1.0,1,5,44
57341539d058e614000b6908,Montana,doc_16,"['doc_16', 'doc_23', 'doc_18', 'doc_21', 'doc_15']",1.0,1,5,44
57341539d058e614000b6909,Montana,doc_16,"['doc_16', 'doc_40', 'doc_41', 'doc_24', 'doc_31']",1.0,1,5,44
5734161dd058e614000b690e,Montana,doc_17,"['doc_38', 'doc_6', 'doc_30', 'doc_0', 'doc_17']",0.2,1,5,44
5734161dd058e614000b690f,Montana,doc_17,"['doc_17', 'doc_1', 'doc_38', 'doc_39', 'doc_2']",1.0,1,5,44
5734161dd058e614000b6910,Montana,doc_17,"['doc_17', 'doc_40', 'doc_25', 'doc_24', 'doc_32']",1.0,1,5,44
5734161dd058e614000b6911,Montana,doc_17,"['doc_17', 'doc_38', 'doc_1', 'doc_2', 'doc_40']",1.0,1,5,44
573416974776f41900661835,Montana,doc_18,"['doc_18', 'doc_16', 'doc_21', 'doc_23', 'doc_20']",1.0,1,5,44
573416974776f41900661836,Montana,doc_18,"['doc_18', 'doc_21', 'doc_19', 'doc_20', 'doc_16']",1.0,1,5,44
573416974776f41900661837,Montana,doc_18,"['doc_9', 'doc_18', 'doc_19', 'doc_20', 'doc_8']",0.5,1,5,44
573416974776f41900661838,Montana,doc_18,"['doc_18', 'doc_20', 'doc_19', 'doc_16', 'doc_21']",1.0,1,5,44
5734173b4776f4190066184f,Montana,doc_19,"['doc_19', 'doc_18', 'doc_20', 'doc_21', 'doc_9']",1.0,1,5,44
5734173b4776f41900661850,Montana,doc_19,"['doc_19', 'doc_20', 'doc_18', 'doc_9', 'doc_8']",1.0,1,5,44
5734173b4776f41900661851,Montana,doc_19,"['doc_20', 'doc_9', 'doc_18', 'doc_19', 'doc_16']",0.25,1,5,44
5734173b4776f41900661852,Montana,doc_19,"['doc_19', 'doc_21', 'doc_16', 'doc_18', 'doc_20']",1.0,1,5,44
57341835d058e614000b693e,Montana,doc_20,"['doc_20', 'doc_9', 'doc_19', 'doc_18', 'doc_37']",1.0,1,5,44
57341835d058e614000b693f,Montana,doc_20,"['doc_20', 'doc_19', 'doc_18', 'doc_9', 'doc_21']",1.0,1,5,44
5734192ad058e614000b6942,Montana,doc_21,"['doc_21', 'doc_18', 'doc_23', 'doc_0', 'doc_5']",1.0,1,5,44
5734192ad058e614000b6943,Montana,doc_21,"['doc_21', 'doc_18', 'doc_16', 'doc_20', 'doc_10']",1.0,1,5,44
5734192ad058e614000b6944,Montana,doc_21,"['doc_21', 'doc_18', 'doc_10', 'doc_19', 'doc_20']",1.0,1,5,44
5734192ad058e614000b6945,Montana,doc_21,"['doc_19', 'doc_21', 'doc_18', 'doc_16', 'doc_20']",0.5,1,5,44
573419714776f41900661871,Montana,doc_22,"['doc_22', 'doc_7', 'doc_8', 'doc_24', 'doc_10']",1.0,1,5,44
57341b484776f41900661885,Montana,doc_23,"['doc_23', 'doc_16', 'doc_18', 'doc_21', 'doc_22']",1.0,1,5,44
57341b484776f41900661886,Montana,doc_23,"['doc_23', 'doc_28', 'doc_34', 'doc_4', 'doc_15']",1.0,1,5,44
57341b484776f41900661887,Montana,doc_23,"['doc_23', 'doc_0', 'doc_22', 'doc_28', 'doc_36']",1.0,1,5,44
57341b484776f41900661888,Montana,doc_23,"['doc_15', 'doc_23', 'doc_16', 'doc_18', 'doc_36']",0.5,1,5,44
57341c46d058e614000b6954,Montana,doc_24,"['doc_24', 'doc_18', 'doc_29', 'doc_10', 'doc_40']",1.0,1,5,44
57341c46d058e614000b6955,Montana,doc_24,"['doc_24', 'doc_23', 'doc_41', 'doc_18', 'doc_29']",1.0,1,5,44
57341c46d058e614000b6956,Montana,doc_24,"['doc_24', 'doc_29', 'doc_9', 'doc_10', 'doc_21']",1.0,1,5,44
57341cf4d058e614000b6964,Montana,doc_25,"['doc_25', 'doc_5', 'doc_0', 'doc_34', 'doc_4']",1.0,1,5,44
57341cf4d058e614000b6965,Montana,doc_25,"['doc_25', 'doc_34', 'doc_0', 'doc_4', 'doc_28']",1.0,1,5,44
57341cf4d058e614000b6966,Montana,doc_25,"['doc_25', 'doc_0', 'doc_34', 'doc_6', 'doc_4']",1.0,1,5,44
57341d964776f419006618b3,Montana,doc_26,"['doc_28', 'doc_26', 'doc_33', 'doc_32', 'doc_34']",0.5,1,5,44
57341d964776f419006618b4,Montana,doc_26,"['doc_42', 'doc_26', 'doc_36', 'doc_40', 'doc_30']",0.5,1,5,44
57341d964776f419006618b5,Montana,doc_26,"['doc_42', 'doc_40', 'doc_39', 'doc_41', 'doc_38']",0.0,0,5,44
57341d964776f419006618b6,Montana,doc_26,"['doc_26', 'doc_30', 'doc_31', 'doc_28', 'doc_11']",1.0,1,5,44
57341d964776f419006618b7,Montana,doc_26,"['doc_26', 'doc_28', 'doc_33', 'doc_32', 'doc_34']",1.0,1,5,44
57341fc9d058e614000b6974,Montana,doc_27,"['doc_27', 'doc_33', 'doc_28', 'doc_32', 'doc_26']",1.0,1,5,44
57341fc9d058e614000b6975,Montana,doc_27,"['doc_39', 'doc_17', 'doc_41', 'doc_3', 'doc_27']",0.2,1,5,44
5734205b4776f419006618e7,Montana,doc_28,"['doc_28', 'doc_26', 'doc_33', 'doc_32', 'doc_34']",1.0,1,5,44
5734205b4776f419006618e8,Montana,doc_28,"['doc_28', 'doc_26', 'doc_33', 'doc_27', 'doc_32']",1.0,1,5,44
5734205b4776f419006618e9,Montana,doc_28,"['doc_28', 'doc_34', 'doc_26', 'doc_33', 'doc_36']",1.0,1,5,44
573420e34776f419006618ed,Montana,doc_29,"['doc_29', 'doc_34', 'doc_38', 'doc_41', 'doc_4']",1.0,1,5,44
573420e34776f419006618ee,Montana,doc_29,"['doc_29', 'doc_24', 'doc_34', 'doc_43', 'doc_1']",1.0,1,5,44
573420e34776f419006618ef,Montana,doc_29,"['doc_29', 'doc_34', 'doc_36', 'doc_24', 'doc_23']",1.0,1,5,44
5734215f4776f419006618fb,Montana,doc_30,"['doc_30', 'doc_38', 'doc_42', 'doc_3', 'doc_41']",1.0,1,5,44
5734215f4776f419006618fc,Montana,doc_30,"['doc_30', 'doc_38', 'doc_42', 'doc_11', 'doc_9']",1.0,1,5,44
5734215f4776f419006618fd,Montana,doc_30,"['doc_38', 'doc_30', 'doc_42', 'doc_35', 'doc_17']",0.5,1,5,44
5734215f4776f419006618fe,Montana,doc_30,"['doc_30', 'doc_31', 'doc_38', 'doc_40', 'doc_42']",1.0,1,5,44
573421c4d058e614000b69aa,Montana,doc_31,"['doc_31', 'doc_17', 'doc_39', 'doc_43', 'doc_2']",1.0,1,5,44
573421c4d058e614000b69ab,Montana,doc_31,"['doc_31', 'doc_37', 'doc_39', 'doc_21', 'doc_19']",1.0,1,5,44
573421c4d058e614000b69ac,Montana,doc_31,"['doc_31', 'doc_36', 'doc_30', 'doc_37', 'doc_26']",1.0,1,5,44
573421c4d058e614000b69ad,Montana,doc_31,"['doc_31', 'doc_36', 'doc_37', 'doc_30', 'doc_15']",1.0,1,5,44
5734227dd058e614000b69bc,Montana,doc_32,"['doc_32', 'doc_0', 'doc_6', 'doc_28', 'doc_38']",1.0,1,5,44
5734227dd058e614000b69bd,Montana,doc_32,"['doc_32', 'doc_33', 'doc_28', 'doc_34', 'doc_27']",1.0,1,5,44
5734227dd058e614000b69be,Montana,doc_32,"['doc_32', 'doc_28', 'doc_33', 'doc_27', 'doc_0']",1.0,1,5,44
5734227dd058e614000b69bf,Montana,doc_32,"['doc_32', 'doc_33', 'doc_28', 'doc_11', 'doc_27']",1.0,1,5,44
5734227dd058e614000b69c0,Montana,doc_32,"['doc_32', 'doc_26', 'doc_28', 'doc_34', 'doc_33']",1.0,1,5,44
573422e44776f41900661927,Montana,doc_33,"['doc_33', 'doc_28', 'doc_32', 'doc_11', 'doc_26']",1.0,1,5,44
573422e44776f41900661928,Montana,doc_33,"['doc_28', 'doc_33', 'doc_26', 'doc_32', 'doc_27']",0.5,1,5,44
573422e44776f41900661929,Montana,doc_33,"['doc_33', 'doc_28', 'doc_32', 'doc_26', 'doc_34']",1.0,1,5,44
573424434776f41900661941,Montana,doc_34,"['doc_34', 'doc_28', 'doc_33', 'doc_32', 'doc_11']",1.0,1,5,44
573424434776f41900661942,Montana,doc_34,"['doc_34', 'doc_33', 'doc_28', 'doc_24', 'doc_32']",1.0,1,5,44
573424434776f41900661943,Montana,doc_34,"['doc_34', 'doc_28', 'doc_41', 'doc_33', 'doc_4']",1.0,1,5,44
573424434776f41900661944,Montana,doc_34,"['doc_34', 'doc_4', 'doc_28', 'doc_41', 'doc_27']",1.0,1,5,44
573424d74776f41900661949,Montana,doc_35,"['doc_35', 'doc_42', 'doc_43', 'doc_12', 'doc_31']",1.0,1,5,44
573424d74776f4190066194a,Montana,doc_35,"['doc_35', 'doc_12', 'doc_43', 'doc_42', 'doc_11']",1.0,1,5,44
573424d74776f4190066194b,Montana,doc_35,"['doc_43', 'doc_31', 'doc_35', 'doc_41', 'doc_42']",0.3333333333333333,1,5,44
573425624776f41900661959,Montana,doc_36,"['doc_36', 'doc_34', 'doc_26', 'doc_28', 'doc_31']",1.0,1,5,44
573425624776f4190066195a,Montana,doc_36,"['doc_36', 'doc_23', 'doc_26', 'doc_15', 'doc_38']",1.0,1,5,44
573425624776f4190066195b,Montana,doc_36,"['doc_36', 'doc_42', 'doc_15', 'doc_40', 'doc_38']",1.0,1,5,44
573425624776f4190066195c,Montana,doc_36,"['doc_36', 'doc_31', 'doc_42', 'doc_40', 'doc_41']",1.0,1,5,44
573425f84776f41900661969,Montana,doc_37,"['doc_37', 'doc_14', 'doc_19', 'doc_38', 'doc_6']",1.0,1,5,44
573425f84776f4190066196a,Montana,doc_37,"['doc_37', 'doc_14', 'doc_19', 'doc_6', 'doc_38']",1.0,1,5,44
573425f84776f4190066196b,Montana,doc_37,"['doc_37', 'doc_31', 'doc_30', 'doc_36', 'doc_26']",1.0,1,5,44
573425f84776f4190066196c,Montana,doc_37,"['doc_31', 'doc_36', 'doc_30', 'doc_37', 'doc_26']",0.25,1,5,44
573425f84776f4190066196d,Montana,doc_37,"['doc_37', 'doc_14', 'doc_38', 'doc_40', 'doc_41']",1.0,1,5,44
573426864776f4190066197d,Montana,doc_38,"['doc_38', 'doc_6', 'doc_2', 'doc_31', 'doc_30']",1.0,1,5,44
573426864776f4190066197e,Montana,doc_38,"['doc_38', 'doc_6', 'doc_17', 'doc_30', 'doc_2']",1.0,1,5,44
573426864776f4190066197f,Montana,doc_38,"['doc_38', 'doc_17', 'doc_2', 'doc_11', 'doc_42']",1.0,1,5,44
573426864776f41900661980,Montana,doc_38,"['doc_38', 'doc_2', 'doc_6', 'doc_3', 'doc_30']",1.0,1,5,44
573426864776f41900661981,Montana,doc_38,"['doc_38', 'doc_11', 'doc_1', 'doc_12', 'doc_3']",1.0,1,5,44
573426e6d058e614000b6a20,Montana,doc_39,"['doc_39', 'doc_41', 'doc_40', 'doc_38', 'doc_30']",1.0,1,5,44
573426e6d058e614000b6a21,Montana,doc_39,"['doc_39', 'doc_41', 'doc_40', 'doc_38', 'doc_30']",1.0,1,5,44
573426e6d058e614000b6a22,Montana,doc_39,"['doc_39', 'doc_41', 'doc_40', 'doc_17', 'doc_38']",1.0,1,5,44
57342785d058e614000b6a2e,Montana,doc_40,"['doc_40', 'doc_39', 'doc_41', 'doc_42', 'doc_38']",1.0,1,5,44
57342785d058e614000b6a2f,Montana,doc_40,"['doc_40', 'doc_39', 'doc_41', 'doc_7', 'doc_24']",1.0,1,5,44
57342785d058e614000b6a30,Montana,doc_40,"['doc_40', 'doc_17', 'doc_41', 'doc_39', 'doc_25']",1.0,1,5,44
57342802d058e614000b6a40,Montana,doc_41,"['doc_41', 'doc_39', 'doc_30', 'doc_40', 'doc_6']",1.0,1,5,44
57342802d058e614000b6a41,Montana,doc_41,"['doc_40', 'doc_41', 'doc_39', 'doc_42', 'doc_38']",0.5,1,5,44
57342802d058e614000b6a42,Montana,doc_41,"['doc_41', 'doc_39', 'doc_40', 'doc_42', 'doc_38']",1.0,1,5,44
57342802d058e614000b6a43,Montana,doc_41,"['doc_39', 'doc_41', 'doc_40', 'doc_38', 'doc_30']",0.5,1,5,44
5734288c4776f419006619bf,Montana,doc_42,"['doc_42', 'doc_35', 'doc_43', 'doc_37', 'doc_41']",1.0,1,5,44
5734288c4776f419006619c0,Montana,doc_42,"['doc_42', 'doc_35', 'doc_40', 'doc_38', 'doc_17']",1.0,1,5,44
5734288c4776f419006619c1,Montana,doc_42,"['doc_42', 'doc_40', 'doc_35', 'doc_41', 'doc_11']",1.0,1,5,44
5734288c4776f419006619c2,Montana,doc_42,"['doc_42', 'doc_38', 'doc_26', 'doc_39', 'doc_31']",1.0,1,5,44
5734288c4776f419006619c3,Montana,doc_42,"['doc_42', 'doc_38', 'doc_39', 'doc_26', 'doc_31']",1.0,1,5,44
5734296dd058e614000b6a6e,Montana,doc_43,"['doc_43', 'doc_31', 'doc_38', 'doc_39', 'doc_2']",1.0,1,5,44
5734296dd058e614000b6a6f,Montana,doc_43,"['doc_43', 'doc_31', 'doc_38', 'doc_34', 'doc_28']",1.0,1,5,44
5734296dd058e614000b6a70,Montana,doc_43,"['doc_43', 'doc_31', 'doc_38', 'doc_6', 'doc_34']",1.0,1,5,44
5734296dd058e614000b6a71,Montana,doc_43,"['doc_43', 'doc_31', 'doc_41', 'doc_17', 'doc_30']",1.0,1,5,44
5734296dd058e614000b6a72,Montana,doc_43,"['doc_43', 'doc_13', 'doc_31', 'doc_0', 'doc_8']",1.0,1,5,44
5733bdc4d058e614000b61a3,Genocide,doc_0,"['doc_1', 'doc_9', 'doc_0', 'doc_18', 'doc_4']",0.3333333333333333,1,5,26
5733bdc4d058e614000b61a4,Genocide,doc_0,"['doc_0', 'doc_8', 'doc_9', 'doc_1', 'doc_19']",1.0,1,5,26
5733bdc4d058e614000b61a1,Genocide,doc_0,"['doc_0', 'doc_17', 'doc_13', 'doc_3', 'doc_6']",1.0,1,5,26
5733bdc4d058e614000b61a2,Genocide,doc_0,"['doc_19', 'doc_21', 'doc_20', 'doc_0', 'doc_1']",0.25,1,5,26
5733bdc4d058e614000b61a5,Genocide,doc_0,"['doc_19', 'doc_8', 'doc_0', 'doc_1', 'doc_20']",0.3333333333333333,1,5,26
5733ba844776f41900661146,Genocide,doc_1,"['doc_3', 'doc_2', 'doc_13', 'doc_16', 'doc_0']",0.0,0,5,26
5733ba844776f41900661149,Genocide,doc_1,"['doc_2', 'doc_16', 'doc_14', 'doc_6', 'doc_7']",0.0,0,5,26
5733ba844776f41900661147,Genocide,doc_1,"['doc_1', 'doc_19', 'doc_4', 'doc_17', 'doc_18']",1.0,1,5,26
5733ba844776f41900661148,Genocide,doc_1,"['doc_4', 'doc_1', 'doc_16', 'doc_13', 'doc_9']",0.5,1,5,26
5733ba844776f41900661145,Genocide,doc_1,"['doc_1', 'doc_4', 'doc_19', 'doc_8', 'doc_0']",1.0,1,5,26
57335849d058e614000b589a,Genocide,doc_2,"['doc_2', 'doc_18', 'doc_6', 'doc_7', 'doc_17']",1.0,1,5,26
57335849d058e614000b5896,Genocide,doc_2,"['doc_18', 'doc_2', 'doc_7', 'doc_3', 'doc_6']",0.5,1,5,26
57335849d058e614000b5897,Genocide,doc_2,"['doc_2', 'doc_18', 'doc_6', 'doc_7', 'doc_3']",1.0,1,5,26
57335849d058e614000b5898,Genocide,doc_2,"['doc_10', 'doc_2', 'doc_3', 'doc_18', 'doc_7']",0.5,1,5,26
57335849d058e614000b5899,Genocide,doc_2,"['doc_2', 'doc_23', 'doc_17', 'doc_18', 'doc_6']",1.0,1,5,26
573392e24776f41900660d9c,Genocide,doc_3,"['doc_3', 'doc_10', 'doc_11', 'doc_0', 'doc_2']",1.0,1,5,26
573392e24776f41900660d9d,Genocide,doc_3,"['doc_3', 'doc_17', 'doc_10', 'doc_13', 'doc_0']",1.0,1,5,26
573392e24776f41900660d9f,Genocide,doc_3,"['doc_3', 'doc_13', 'doc_14', 'doc_6', 'doc_16']",1.0,1,5,26
573392e24776f41900660da0,Genocide,doc_3,"['doc_3', 'doc_12', 'doc_6', 'doc_2', 'doc_14']",1.0,1,5,26
573392e24776f41900660d9e,Genocide,doc_3,"['doc_3', 'doc_10', 'doc_0', 'doc_13', 'doc_17']",1.0,1,5,26
5733963c4776f41900660df7,Genocide,doc_4,"['doc_1', 'doc_4', 'doc_13', 'doc_16', 'doc_19']",0.5,1,5,26
5733963c4776f41900660df9,Genocide,doc_4,"['doc_1', 'doc_4', 'doc_9', 'doc_19', 'doc_13']",0.5,1,5,26
5733963c4776f41900660df6,Genocide,doc_4,"['doc_1', 'doc_19', 'doc_4', 'doc_0', 'doc_9']",0.3333333333333333,1,5,26
5733963c4776f41900660df8,Genocide,doc_4,"['doc_4', 'doc_1', 'doc_9', 'doc_16', 'doc_12']",1.0,1,5,26
573344334776f419006607d2,Genocide,doc_5,"['doc_5', 'doc_7', 'doc_6', 'doc_18', 'doc_15']",1.0,1,5,26
573344334776f419006607d3,Genocide,doc_5,"['doc_5', 'doc_16', 'doc_14', 'doc_7', 'doc_25']",1.0,1,5,26
573344334776f419006607d4,Genocide,doc_5,"['doc_5', 'doc_6', 'doc_2', 'doc_1', 'doc_7']",1.0,1,5,26
573344334776f419006607d5,Genocide,doc_5,"['doc_5', 'doc_12', 'doc_3', 'doc_14', 'doc_2']",1.0,1,5,26
573344334776f419006607d6,Genocide,doc_5,"['doc_5', 'doc_16', 'doc_14', 'doc_7', 'doc_15']",1.0,1,5,26
573206f1b9d445190005e73b,Genocide,doc_5,"['doc_5', 'doc_7', 'doc_14', 'doc_16', 'doc_4']",1.0,1,5,26
573206f1b9d445190005e73c,Genocide,doc_5,"['doc_5', 'doc_12', 'doc_11', 'doc_14', 'doc_25']",1.0,1,5,26
573206f1b9d445190005e73d,Genocide,doc_5,"['doc_25', 'doc_16', 'doc_13', 'doc_14', 'doc_5']",0.2,1,5,26
573350a0d058e614000b5840,Genocide,doc_6,"['doc_6', 'doc_12', 'doc_25', 'doc_14', 'doc_16']",1.0,1,5,26
573350a0d058e614000b5841,Genocide,doc_6,"['doc_6', 'doc_18', 'doc_5', 'doc_7', 'doc_16']",1.0,1,5,26
573350a0d058e614000b5842,Genocide,doc_6,"['doc_6', 'doc_16', 'doc_5', 'doc_15', 'doc_7']",1.0,1,5,26
573350a0d058e614000b5843,Genocide,doc_6,"['doc_0', 'doc_18', 'doc_17', 'doc_6', 'doc_9']",0.25,1,5,26
573350a0d058e614000b5844,Genocide,doc_6,"['doc_6', 'doc_2', 'doc_7', 'doc_18', 'doc_3']",1.0,1,5,26
57321200e17f3d140042265d,Genocide,doc_6,"['doc_6', 'doc_25', 'doc_14', 'doc_18', 'doc_17']",1.0,1,5,26
57321200e17f3d140042265e,Genocide,doc_6,"['doc_17', 'doc_10', 'doc_3', 'doc_4', 'doc_6']",0.2,1,5,26
57321200e17f3d140042265f,Genocide,doc_6,"['doc_10', 'doc_11', 'doc_18', 'doc_4', 'doc_17']",0.0,0,5,26
5731eb9bb9d445190005e697,Genocide,doc_7,"['doc_7', 'doc_6', 'doc_2', 'doc_5', 'doc_18']",1.0,1,5,26
5731eb9bb9d445190005e698,Genocide,doc_7,"['doc_7', 'doc_5', 'doc_15', 'doc_6', 'doc_14']",1.0,1,5,26
5731eb9bb9d445190005e699,Genocide,doc_7,"['doc_15', 'doc_7', 'doc_16', 'doc_5', 'doc_14']",0.5,1,5,26
5731eb9bb9d445190005e69a,Genocide,doc_7,"['doc_7', 'doc_6', 'doc_5', 'doc_18', 'doc_2']",1.0,1,5,26
5731eb9bb9d445190005e69b,Genocide,doc_7,"['doc_7', 'doc_18', 'doc_2', 'doc_6', 'doc_5']",1.0,1,5,26
5732c3e8cc179a14009dac46,Genocide,doc_7,"['doc_7', 'doc_6', 'doc_2', 'doc_18', 'doc_5']",1.0,1,5,26
5732c3e8cc179a14009dac47,Genocide,doc_7,"['doc_7', 'doc_18', 'doc_13', 'doc_3', 'doc_0']",1.0,1,5,26
5732c3e8cc179a14009dac48,Genocide,doc_7,"['doc_18', 'doc_7', 'doc_2', 'doc_6', 'doc_14']",0.5,1,5,26
5732c3e8cc179a14009dac49,Genocide,doc_7,"['doc_7', 'doc_6', 'doc_15', 'doc_5', 'doc_16']",1.0,1,5,26
5732c3e8cc179a14009dac4a,Genocide,doc_7,"['doc_25', 'doc_14', 'doc_6', 'doc_16', 'doc_5']",0.0,0,5,26
5733c3c7d058e614000b61ef,Genocide,doc_8,"['doc_8', 'doc_9', 'doc_11', 'doc_0', 'doc_4']",1.0,1,5,26
5733c3c7d058e614000b61f0,Genocide,doc_8,"['doc_8', 'doc_9', 'doc_0', 'doc_25', 'doc_13']",1.0,1,5,26
5733c3c7d058e614000b61f1,Genocide,doc_8,"['doc_9', 'doc_14', 'doc_13', 'doc_16', 'doc_6']",0.0,0,5,26
5733c3c7d058e614000b61f2,Genocide,doc_8,"['doc_8', 'doc_0', 'doc_9', 'doc_1', 'doc_22']",1.0,1,5,26
5733c6224776f419006611f4,Genocide,doc_9,"['doc_8', 'doc_9', 'doc_0', 'doc_1', 'doc_4']",0.5,1,5,26
5733c6224776f419006611f5,Genocide,doc_9,"['doc_9', 'doc_25', 'doc_0', 'doc_14', 'doc_8']",1.0,1,5,26
5733c6224776f419006611f6,Genocide,doc_9,"['doc_9', 'doc_8', 'doc_0', 'doc_4', 'doc_1']",1.0,1,5,26
5733c6224776f419006611f7,Genocide,doc_9,"['doc_9', 'doc_4', 'doc_16', 'doc_1', 'doc_13']",1.0,1,5,26
5733c6224776f419006611f8,Genocide,doc_9,"['doc_8', 'doc_9', 'doc_0', 'doc_13', 'doc_16']",0.5,1,5,26
5733ce494776f41900661298,Genocide,doc_10,"['doc_10', 'doc_2', 'doc_3', 'doc_18', 'doc_7']",1.0,1,5,26
5733ce494776f41900661299,Genocide,doc_10,"['doc_10', 'doc_3', 'doc_8', 'doc_11', 'doc_17']",1.0,1,5,26
5733ce494776f4190066129a,Genocide,doc_10,"['doc_10', 'doc_24', 'doc_17', 'doc_3', 'doc_11']",1.0,1,5,26
5733ce494776f4190066129b,Genocide,doc_10,"['doc_10', 'doc_11', 'doc_17', 'doc_3', 'doc_2']",1.0,1,5,26
5733ce494776f4190066129c,Genocide,doc_10,"['doc_10', 'doc_3', 'doc_11', 'doc_17', 'doc_2']",1.0,1,5,26
5733cf6a4776f419006612a2,Genocide,doc_11,"['doc_11', 'doc_17', 'doc_4', 'doc_13', 'doc_0']",1.0,1,5,26
5733cf6a4776f419006612a3,Genocide,doc_11,"['doc_11', 'doc_3', 'doc_0', 'doc_8', 'doc_15']",1.0,1,5,26
5733cf6a4776f419006612a4,Genocide,doc_11,"['doc_11', 'doc_17', 'doc_10', 'doc_3', 'doc_0']",1.0,1,5,26
5733cf6a4776f419006612a5,Genocide,doc_11,"['doc_12', 'doc_11', 'doc_25', 'doc_3', 'doc_4']",0.5,1,5,26
5733f7b64776f419006615e3,Genocide,doc_12,"['doc_12', 'doc_6', 'doc_16', 'doc_14', 'doc_13']",1.0,1,5,26
5733f7b64776f419006615e4,Genocide,doc_12,"['doc_12', 'doc_11', 'doc_25', 'doc_3', 'doc_16']",1.0,1,5,26
5733f7b64776f419006615e5,Genocide,doc_12,"['doc_12', 'doc_25', 'doc_6', 'doc_11', 'doc_18']",1.0,1,5,26
5733f7b64776f419006615e6,Genocide,doc_12,"['doc_12', 'doc_11', 'doc_14', 'doc_25', 'doc_18']",1.0,1,5,26
5733f7b64776f419006615e7,Genocide,doc_12,"['doc_12', 'doc_25', 'doc_18', 'doc_3', 'doc_2']",1.0,1,5,26
5733f9c64776f41900661615,Genocide,doc_13,"['doc_12', 'doc_13', 'doc_6', 'doc_9', 'doc_14']",0.5,1,5,26
5733f9c64776f41900661616,Genocide,doc_13,"['doc_13', 'doc_16', 'doc_12', 'doc_6', 'doc_14']",1.0,1,5,26
5733f9c64776f41900661617,Genocide,doc_13,"['doc_13', 'doc_9', 'doc_14', 'doc_16', 'doc_0']",1.0,1,5,26
5733f9c64776f41900661618,Genocide,doc_13,"['doc_12', 'doc_14', 'doc_25', 'doc_5', 'doc_16']",0.0,0,5,26
5733f9c64776f41900661619,Genocide,doc_13,"['doc_9', 'doc_16', 'doc_13', 'doc_12', 'doc_14']",0.3333333333333333,1,5,26
5733fb934776f41900661637,Genocide,doc_14,"['doc_14', 'doc_16', 'doc_13', 'doc_5', 'doc_6']",1.0,1,5,26
5733fb934776f41900661638,Genocide,doc_14,"['doc_14', 'doc_12', 'doc_4', 'doc_13', 'doc_15']",1.0,1,5,26
5733fb934776f41900661639,Genocide,doc_14,"['doc_14', 'doc_12', 'doc_6', 'doc_18', 'doc_16']",1.0,1,5,26
5733fb934776f4190066163a,Genocide,doc_14,"['doc_25', 'doc_14', 'doc_9', 'doc_13', 'doc_5']",0.5,1,5,26
5733fb934776f4190066163b,Genocide,doc_14,"['doc_14', 'doc_25', 'doc_5', 'doc_16', 'doc_12']",1.0,1,5,26
5733fcd5d058e614000b6717,Genocide,doc_15,"['doc_15', 'doc_7', 'doc_5', 'doc_6', 'doc_16']",1.0,1,5,26
5733fcd5d058e614000b6718,Genocide,doc_15,"['doc_15', 'doc_3', 'doc_14', 'doc_4', 'doc_12']",1.0,1,5,26
5733fcd5d058e614000b6719,Genocide,doc_15,"['doc_15', 'doc_2', 'doc_6', 'doc_5', 'doc_7']",1.0,1,5,26
5733fcd5d058e614000b671a,Genocide,doc_15,"['doc_11', 'doc_13', 'doc_4', 'doc_17', 'doc_16']",0.0,0,5,26
5733fcd5d058e614000b671b,Genocide,doc_15,"['doc_13', 'doc_4', 'doc_9', 'doc_14', 'doc_11']",0.0,0,5,26
57340136d058e614000b6783,Genocide,doc_16,"['doc_16', 'doc_25', 'doc_12', 'doc_3', 'doc_23']",1.0,1,5,26
57340136d058e614000b6784,Genocide,doc_16,"['doc_16', 'doc_14', 'doc_5', 'doc_13', 'doc_7']",1.0,1,5,26
57340136d058e614000b6785,Genocide,doc_16,"['doc_16', 'doc_8', 'doc_11', 'doc_12', 'doc_9']",1.0,1,5,26
57340136d058e614000b6786,Genocide,doc_16,"['doc_4', 'doc_16', 'doc_9', 'doc_18', 'doc_11']",0.5,1,5,26
57340136d058e614000b6787,Genocide,doc_16,"['doc_16', 'doc_14', 'doc_0', 'doc_5', 'doc_13']",1.0,1,5,26
573402a3d058e614000b6797,Genocide,doc_17,"['doc_17', 'doc_11', 'doc_13', 'doc_4', 'doc_3']",1.0,1,5,26
573402a3d058e614000b6798,Genocide,doc_17,"['doc_6', 'doc_18', 'doc_14', 'doc_9', 'doc_2']",0.0,0,5,26
573402a3d058e614000b6799,Genocide,doc_17,"['doc_17', 'doc_18', 'doc_9', 'doc_3', 'doc_6']",1.0,1,5,26
573402a3d058e614000b679a,Genocide,doc_17,"['doc_17', 'doc_6', 'doc_18', 'doc_3', 'doc_1']",1.0,1,5,26
573402a3d058e614000b679b,Genocide,doc_17,"['doc_17', 'doc_18', 'doc_3', 'doc_2', 'doc_19']",1.0,1,5,26
573404abd058e614000b67c9,Genocide,doc_18,"['doc_2', 'doc_18', 'doc_10', 'doc_6', 'doc_3']",0.5,1,5,26
573404abd058e614000b67ca,Genocide,doc_18,"['doc_18', 'doc_1', 'doc_2', 'doc_0', 'doc_20']",1.0,1,5,26
573404abd058e614000b67cb,Genocide,doc_18,"['doc_18', 'doc_14', 'doc_7', 'doc_5', 'doc_13']",1.0,1,5,26
573404abd058e614000b67cc,Genocide,doc_18,"['doc_18', 'doc_13', 'doc_4', 'doc_2', 'doc_17']",1.0,1,5,26
573404abd058e614000b67cd,Genocide,doc_18,"['doc_18', 'doc_7', 'doc_2', 'doc_12', 'doc_6']",1.0,1,5,26
573406d84776f41900661731,Genocide,doc_19,"['doc_19', 'doc_1', 'doc_20', 'doc_4', 'doc_21']",1.0,1,5,26
573406d84776f41900661732,Genocide,doc_19,"['doc_19', 'doc_1', 'doc_4', 'doc_20', 'doc_18']",1.0,1,5,26
573406d84776f41900661733,Genocide,doc_19,"['doc_19', 'doc_20', 'doc_1', 'doc_4', 'doc_21']",1.0,1,5,26
573406d84776f41900661734,Genocide,doc_19,"['doc_20', 'doc_19', 'doc_21', 'doc_4', 'doc_0']",0.5,1,5,26
573406d84776f41900661735,Genocide,doc_19,"['doc_19', 'doc_1', 'doc_20', 'doc_21', 'doc_0']",1.0,1,5,26
5734087f4776f4190066174d,Genocide,doc_20,"['doc_18', 'doc_6', 'doc_20', 'doc_7', 'doc_5']",0.3333333333333333,1,5,26
5734087f4776f4190066174e,Genocide,doc_20,"['doc_20', 'doc_19', 'doc_21', 'doc_0', 'doc_17']",1.0,1,5,26
5734087f4776f4190066174f,Genocide,doc_20,"['doc_20', 'doc_18', 'doc_19', 'doc_21', 'doc_0']",1.0,1,5,26
5734087f4776f41900661750,Genocide,doc_20,"['doc_20', 'doc_19', 'doc_21', 'doc_0', 'doc_1']",1.0,1,5,26
5734087f4776f41900661751,Genocide,doc_20,"['doc_20', 'doc_19', 'doc_21', 'doc_1', 'doc_0']",1.0,1,5,26
57340aae4776f41900661790,Genocide,doc_21,"['doc_21', 'doc_20', 'doc_19', 'doc_0', 'doc_22']",1.0,1,5,26
57340aae4776f41900661793,Genocide,doc_21,"['doc_21', 'doc_20', 'doc_19', 'doc_0', 'doc_22']",1.0,1,5,26
57340aae4776f41900661792,Genocide,doc_21,"['doc_21', 'doc_20', 'doc_19', 'doc_22', 'doc_1']",1.0,1,5,26
57340aae4776f41900661791,Genocide,doc_21,"['doc_21', 'doc_20', 'doc_19', 'doc_0', 'doc_1']",1.0,1,5,26
57340aae4776f4190066178f,Genocide,doc_21,"['doc_21', 'doc_20', 'doc_19', 'doc_22', 'doc_0']",1.0,1,5,26
57340c46d058e614000b6893,Genocide,doc_22,"['doc_22', 'doc_18', 'doc_1', 'doc_2', 'doc_6']",1.0,1,5,26
57340c46d058e614000b6894,Genocide,doc_22,"['doc_22', 'doc_21', 'doc_0', 'doc_19', 'doc_20']",1.0,1,5,26
57340c46d058e614000b6895,Genocide,doc_22,"['doc_22', 'doc_24', 'doc_10', 'doc_0', 'doc_21']",1.0,1,5,26
57340c46d058e614000b6896,Genocide,doc_22,"['doc_22', 'doc_21', 'doc_0', 'doc_18', 'doc_1']",1.0,1,5,26
57340c46d058e614000b6897,Genocide,doc_22,"['doc_22', 'doc_21', 'doc_20', 'doc_0', 'doc_19']",1.0,1,5,26
57340e5dd058e614000b68b9,Genocide,doc_23,"['doc_23', 'doc_24', 'doc_13', 'doc_14', 'doc_5']",1.0,1,5,26
57340e5dd058e614000b68ba,Genocide,doc_23,"['doc_23', 'doc_24', 'doc_16', 'doc_5', 'doc_14']",1.0,1,5,26
57340e5dd058e614000b68bb,Genocide,doc_23,"['doc_23', 'doc_24', 'doc_11', 'doc_17', 'doc_0']",1.0,1,5,26
57340e5dd058e614000b68bc,Genocide,doc_23,"['doc_24', 'doc_23', 'doc_17', 'doc_22', 'doc_10']",0.5,1,5,26
57340e5dd058e614000b68bd,Genocide,doc_23,"['doc_23', 'doc_24', 'doc_17', 'doc_3', 'doc_11']",1.0,1,5,26
57340f5bd058e614000b68cd,Genocide,doc_24,"['doc_24', 'doc_23', 'doc_10', 'doc_3', 'doc_17']",1.0,1,5,26
57340f5bd058e614000b68ce,Genocide,doc_24,"['doc_9', 'doc_0', 'doc_1', 'doc_18', 'doc_8']",0.0,0,5,26
57340f5bd058e614000b68cf,Genocide,doc_24,"['doc_24', 'doc_10', 'doc_17', 'doc_3', 'doc_23']",1.0,1,5,26
57340f5bd058e614000b68d0,Genocide,doc_24,"['doc_24', 'doc_0', 'doc_20', 'doc_1', 'doc_19']",1.0,1,5,26
573410864776f419006617e5,Genocide,doc_25,"['doc_25', 'doc_12', 'doc_14', 'doc_6', 'doc_5']",1.0,1,5,26
573410864776f419006617e6,Genocide,doc_25,"['doc_25', 'doc_5', 'doc_14', 'doc_6', 'doc_16']",1.0,1,5,26
573410864776f419006617e7,Genocide,doc_25,"['doc_25', 'doc_12', 'doc_3', 'doc_4', 'doc_11']",1.0,1,5,26
573410864776f419006617e8,Genocide,doc_25,"['doc_25', 'doc_6', 'doc_14', 'doc_12', 'doc_9']",1.0,1,5,26
573410864776f419006617e9,Genocide,doc_25,"['doc_25', 'doc_6', 'doc_5', 'doc_14', 'doc_7']",1.0,1,5,26
5733bc38d058e614000b6187,Antibiotics,doc_0,"['doc_4', 'doc_12', 'doc_0', 'doc_13', 'doc_6']",0.3333333333333333,1,5,26
5733bc38d058e614000b6188,Antibiotics,doc_0,"['doc_0', 'doc_12', 'doc_10', 'doc_4', 'doc_11']",1.0,1,5,26
5733bc38d058e614000b6189,Antibiotics,doc_0,"['doc_17', 'doc_21', 'doc_19', 'doc_0', 'doc_18']",0.25,1,5,26
5733bc38d058e614000b618a,Antibiotics,doc_0,"['doc_24', 'doc_2', 'doc_4', 'doc_0', 'doc_12']",0.25,1,5,26
5731c593e17f3d14004223c5,Antibiotics,doc_0,"['doc_0', 'doc_11', 'doc_10', 'doc_12', 'doc_4']",1.0,1,5,26
5731c593e17f3d14004223c6,Antibiotics,doc_0,"['doc_12', 'doc_13', 'doc_2', 'doc_25', 'doc_17']",0.0,0,5,26
5731c593e17f3d14004223c7,Antibiotics,doc_0,"['doc_0', 'doc_4', 'doc_11', 'doc_10', 'doc_17']",1.0,1,5,26
5731c593e17f3d14004223c8,Antibiotics,doc_0,"['doc_21', 'doc_14', 'doc_20', 'doc_15', 'doc_16']",0.0,0,5,26
5733b31dd058e614000b609f,Antibiotics,doc_1,"['doc_1', 'doc_2', 'doc_3', 'doc_0', 'doc_10']",1.0,1,5,26
5731bff5e17f3d1400422398,Antibiotics,doc_1,"['doc_14', 'doc_23', 'doc_0', 'doc_22', 'doc_11']",0.0,0,5,26
5731bff5e17f3d1400422397,Antibiotics,doc_1,"['doc_1', 'doc_2', 'doc_3', 'doc_10', 'doc_17']",1.0,1,5,26
5731bff5e17f3d1400422399,Antibiotics,doc_1,"['doc_1', 'doc_2', 'doc_3', 'doc_23', 'doc_10']",1.0,1,5,26
5731bff5e17f3d140042239a,Antibiotics,doc_1,"['doc_1', 'doc_2', 'doc_3', 'doc_10', 'doc_0']",1.0,1,5,26
5733b31dd058e614000b609e,Antibiotics,doc_1,"['doc_1', 'doc_0', 'doc_17', 'doc_25', 'doc_12']",1.0,1,5,26
5733b31dd058e614000b60a0,Antibiotics,doc_1,"['doc_1', 'doc_5', 'doc_25', 'doc_18', 'doc_8']",1.0,1,5,26
5733b4cf4776f419006610ca,Antibiotics,doc_2,"['doc_2', 'doc_3', 'doc_6', 'doc_1', 'doc_0']",1.0,1,5,26
5733b4cf4776f419006610cb,Antibiotics,doc_2,"['doc_2', 'doc_3', 'doc_24', 'doc_1', 'doc_0']",1.0,1,5,26
5733b4cf4776f419006610cc,Antibiotics,doc_2,"['doc_2', 'doc_3', 'doc_1', 'doc_6', 'doc_23']",1.0,1,5,26
5733b4cf4776f419006610cd,Antibiotics,doc_2,"['doc_2', 'doc_3', 'doc_23', 'doc_20', 'doc_24']",1.0,1,5,26
5731c1260fdd8d15006c6503,Antibiotics,doc_2,"['doc_2', 'doc_1', 'doc_3', 'doc_10', 'doc_17']",1.0,1,5,26
5731c1260fdd8d15006c6504,Antibiotics,doc_2,"['doc_2', 'doc_3', 'doc_23', 'doc_10', 'doc_22']",1.0,1,5,26
5731c1260fdd8d15006c6505,Antibiotics,doc_2,"['doc_2', 'doc_3', 'doc_22', 'doc_23', 'doc_10']",1.0,1,5,26
5731c1260fdd8d15006c6506,Antibiotics,doc_2,"['doc_24', 'doc_2', 'doc_4', 'doc_3', 'doc_17']",0.5,1,5,26
5733b4cf4776f419006610c9,Antibiotics,doc_2,"['doc_2', 'doc_3', 'doc_1', 'doc_24', 'doc_17']",1.0,1,5,26
5733b6a2d058e614000b6122,Antibiotics,doc_3,"['doc_3', 'doc_2', 'doc_17', 'doc_1', 'doc_4']",1.0,1,5,26
5733b6a2d058e614000b6123,Antibiotics,doc_3,"['doc_2', 'doc_3', 'doc_21', 'doc_18', 'doc_12']",0.5,1,5,26
5733b6a2d058e614000b6124,Antibiotics,doc_3,"['doc_3', 'doc_2', 'doc_17', 'doc_0', 'doc_20']",1.0,1,5,26
5733b6a2d058e614000b6125,Antibiotics,doc_3,"['doc_19', 'doc_3', 'doc_2', 'doc_24', 'doc_25']",0.5,1,5,26
5731c2fd0fdd8d15006c6515,Antibiotics,doc_3,"['doc_3', 'doc_2', 'doc_17', 'doc_25', 'doc_24']",1.0,1,5,26
5731c2fd0fdd8d15006c6516,Antibiotics,doc_3,"['doc_3', 'doc_1', 'doc_2', 'doc_10', 'doc_6']",1.0,1,5,26
5731c2fd0fdd8d15006c6517,Antibiotics,doc_3,"['doc_2', 'doc_3', 'doc_1', 'doc_6', 'doc_24']",0.5,1,5,26
5731c2fd0fdd8d15006c6518,Antibiotics,doc_3,"['doc_21', 'doc_3', 'doc_18', 'doc_0', 'doc_20']",0.5,1,5,26
573016fb947a6a140053d0b4,Antibiotics,doc_4,"['doc_4', 'doc_22', 'doc_24', 'doc_11', 'doc_17']",1.0,1,5,26
573016fb947a6a140053d0b5,Antibiotics,doc_4,"['doc_12', 'doc_13', 'doc_6', 'doc_4', 'doc_16']",0.25,1,5,26
573016fb947a6a140053d0b7,Antibiotics,doc_4,"['doc_4', 'doc_14', 'doc_11', 'doc_15', 'doc_24']",1.0,1,5,26
573016fb947a6a140053d0b6,Antibiotics,doc_4,"['doc_17', 'doc_4', 'doc_19', 'doc_20', 'doc_21']",0.5,1,5,26
573016fb947a6a140053d0b8,Antibiotics,doc_4,"['doc_6', 'doc_12', 'doc_13', 'doc_4', 'doc_16']",0.25,1,5,26
5730ba2f396df919000962ee,Antibiotics,doc_4,"['doc_16', 'doc_15', 'doc_17', 'doc_4', 'doc_6']",0.25,1,5,26
5730ba2f396df919000962ef,Antibiotics,doc_4,"['doc_4', 'doc_11', 'doc_14', 'doc_15', 'doc_24']",1.0,1,5,26
5730ba2f396df919000962ec,Antibiotics,doc_4,"['doc_4', 'doc_17', 'doc_0', 'doc_12', 'doc_2']",1.0,1,5,26
5730ba2f396df919000962f0,Antibiotics,doc_4,"['doc_12', 'doc_13', 'doc_4', 'doc_6', 'doc_14']",0.3333333333333333,1,5,26
5730ba2f396df919000962ed,Antibiotics,doc_4,"['doc_17', 'doc_4', 'doc_20', 'doc_11', 'doc_0']",0.5,1,5,26
5731bbe8e17f3d1400422341,Antibiotics,doc_4,"['doc_4', 'doc_17', 'doc_16', 'doc_0', 'doc_12']",1.0,1,5,26
5731bbe8e17f3d1400422342,Antibiotics,doc_4,"['doc_16', 'doc_4', 'doc_12', 'doc_15', 'doc_6']",0.5,1,5,26
5731bbe8e17f3d1400422343,Antibiotics,doc_4,"['doc_4', 'doc_14', 'doc_15', 'doc_16', 'doc_11']",1.0,1,5,26
5731bbe8e17f3d1400422344,Antibiotics,doc_4,"['doc_4', 'doc_11', 'doc_16', 'doc_14', 'doc_15']",1.0,1,5,26
5732843bb3a91d1900202df7,Antibiotics,doc_4,"['doc_17', 'doc_4', 'doc_21', 'doc_20', 'doc_19']",0.5,1,5,26
5732843bb3a91d1900202dfa,Antibiotics,doc_4,"['doc_13', 'doc_12', 'doc_4', 'doc_6', 'doc_0']",0.3333333333333333,1,5,26
5732843bb3a91d1900202df9,Antibiotics,doc_4,"['doc_13', 'doc_15', 'doc_14', 'doc_12', 'doc_16']",0.0,0,5,26
5732843bb3a91d1900202df8,Antibiotics,doc_4,"['doc_4', 'doc_0', 'doc_17', 'doc_12', 'doc_11']",1.0,1,5,26
573018d5947a6a140053d0e4,Antibiotics,doc_5,"['doc_5', 'doc_23', 'doc_17', 'doc_1', 'doc_0']",1.0,1,5,26
573018d5947a6a140053d0e5,Antibiotics,doc_5,"['doc_5', 'doc_17', 'doc_11', 'doc_3', 'doc_24']",1.0,1,5,26
573018d5947a6a140053d0e6,Antibiotics,doc_5,"['doc_5', 'doc_2', 'doc_12', 'doc_0', 'doc_3']",1.0,1,5,26
573018d5947a6a140053d0e7,Antibiotics,doc_5,"['doc_5', 'doc_17', 'doc_25', 'doc_0', 'doc_23']",1.0,1,5,26
573018d5947a6a140053d0e8,Antibiotics,doc_5,"['doc_5', 'doc_25', 'doc_24', 'doc_1', 'doc_21']",1.0,1,5,26
573288ce57eb1f1400fd2d82,Antibiotics,doc_5,"['doc_5', 'doc_17', 'doc_24', 'doc_11', 'doc_23']",1.0,1,5,26
573288ce57eb1f1400fd2d83,Antibiotics,doc_5,"['doc_5', 'doc_0', 'doc_17', 'doc_23', 'doc_25']",1.0,1,5,26
573288ce57eb1f1400fd2d84,Antibiotics,doc_5,"['doc_5', 'doc_17', 'doc_25', 'doc_15', 'doc_19']",1.0,1,5,26
57301a6b04bcaa1900d7719f,Antibiotics,doc_6,"['doc_6', 'doc_9', 'doc_8', 'doc_12', 'doc_13']",1.0,1,5,26
57301a6b04bcaa1900d771a0,Antibiotics,doc_6,"['doc_11', 'doc_6', 'doc_4', 'doc_12', 'doc_0']",0.5,1,5,26
57301a6b04bcaa1900d771a1,Antibiotics,doc_6,"['doc_6', 'doc_8', 'doc_9', 'doc_12', 'doc_4']",1.0,1,5,26
57301a6b04bcaa1900d771a2,Antibiotics,doc_6,"['doc_6', 'doc_9', 'doc_8', 'doc_12', 'doc_2']",1.0,1,5,26
57301a6b04bcaa1900d771a3,Antibiotics,doc_6,"['doc_6', 'doc_12', 'doc_13', 'doc_4', 'doc_9']",1.0,1,5,26
5730ee6405b4da19006bcc4e,Antibiotics,doc_6,"['doc_6', 'doc_2', 'doc_16', 'doc_24', 'doc_15']",1.0,1,5,26
5730ee6405b4da19006bcc4f,Antibiotics,doc_6,"['doc_25', 'doc_24', 'doc_6', 'doc_15', 'doc_16']",0.3333333333333333,1,5,26
5730ee6405b4da19006bcc50,Antibiotics,doc_6,"['doc_13', 'doc_6', 'doc_12', 'doc_2', 'doc_1']",0.5,1,5,26
5730ee6405b4da19006bcc51,Antibiotics,doc_6,"['doc_6', 'doc_9', 'doc_22', 'doc_13', 'doc_12']",1.0,1,5,26
5730ee6405b4da19006bcc52,Antibiotics,doc_6,"['doc_12', 'doc_4', 'doc_15', 'doc_13', 'doc_0']",0.0,0,5,26
57328a33b3a91d1900202e29,Antibiotics,doc_6,"['doc_6', 'doc_13', 'doc_12', 'doc_4', 'doc_16']",1.0,1,5,26
57328a33b3a91d1900202e2a,Antibiotics,doc_6,"['doc_6', 'doc_9', 'doc_13', 'doc_8', 'doc_12']",1.0,1,5,26
57328a33b3a91d1900202e2b,Antibiotics,doc_6,"['doc_6', 'doc_9', 'doc_8', 'doc_13', 'doc_12']",1.0,1,5,26
57328a33b3a91d1900202e2c,Antibiotics,doc_6,"['doc_6', 'doc_8', 'doc_1', 'doc_0', 'doc_13']",1.0,1,5,26
57328a33b3a91d1900202e2d,Antibiotics,doc_6,"['doc_6', 'doc_9', 'doc_8', 'doc_12', 'doc_13']",1.0,1,5,26
57301bfca23a5019007fcd81,Antibiotics,doc_7,"['doc_7', 'doc_12', 'doc_4', 'doc_6', 'doc_13']",1.0,1,5,26
57301bfca23a5019007fcd82,Antibiotics,doc_7,"['doc_25', 'doc_5', 'doc_14', 'doc_1', 'doc_24']",0.0,0,5,26
57301bfca23a5019007fcd83,Antibiotics,doc_7,"['doc_2', 'doc_24', 'doc_25', 'doc_3', 'doc_6']",0.0,0,5,26
57301bfca23a5019007fcd84,Antibiotics,doc_7,"['doc_7', 'doc_6', 'doc_13', 'doc_12', 'doc_4']",1.0,1,5,26
57301bfca23a5019007fcd85,Antibiotics,doc_7,"['doc_7', 'doc_13', 'doc_12', 'doc_15', 'doc_6']",1.0,1,5,26
57328cf2b3a91d1900202e33,Antibiotics,doc_7,"['doc_7', 'doc_6', 'doc_12', 'doc_4', 'doc_0']",1.0,1,5,26
57328cf2b3a91d1900202e34,Antibiotics,doc_7,"['doc_7', 'doc_0', 'doc_24', 'doc_5', 'doc_10']",1.0,1,5,26
57328cf2b3a91d1900202e35,Antibiotics,doc_7,"['doc_7', 'doc_6', 'doc_8', 'doc_9', 'doc_13']",1.0,1,5,26
57302106a23a5019007fcdf7,Antibiotics,doc_8,"['doc_8', 'doc_9', 'doc_6', 'doc_12', 'doc_13']",1.0,1,5,26
57302106a23a5019007fcdf8,Antibiotics,doc_8,"['doc_8', 'doc_13', 'doc_6', 'doc_12', 'doc_24']",1.0,1,5,26
57302106a23a5019007fcdf9,Antibiotics,doc_8,"['doc_6', 'doc_8', 'doc_9', 'doc_7', 'doc_0']",0.5,1,5,26
57302106a23a5019007fcdfa,Antibiotics,doc_8,"['doc_6', 'doc_7', 'doc_18', 'doc_25', 'doc_15']",0.0,0,5,26
57302106a23a5019007fcdfb,Antibiotics,doc_8,"['doc_9', 'doc_8', 'doc_13', 'doc_6', 'doc_25']",0.5,1,5,26
5731bd47e99e3014001e6236,Antibiotics,doc_8,"['doc_8', 'doc_9', 'doc_2', 'doc_6', 'doc_1']",1.0,1,5,26
5731bd47e99e3014001e6237,Antibiotics,doc_8,"['doc_8', 'doc_13', 'doc_24', 'doc_6', 'doc_25']",1.0,1,5,26
5731bd47e99e3014001e6238,Antibiotics,doc_8,"['doc_8', 'doc_6', 'doc_7', 'doc_9', 'doc_1']",1.0,1,5,26
5731bd47e99e3014001e6239,Antibiotics,doc_8,"['doc_1', 'doc_8', 'doc_2', 'doc_17', 'doc_6']",0.5,1,5,26
573296880342181400a2027d,Antibiotics,doc_8,"['doc_8', 'doc_9', 'doc_6', 'doc_13', 'doc_12']",1.0,1,5,26
573296880342181400a2027f,Antibiotics,doc_8,"['doc_8', 'doc_9', 'doc_6', 'doc_13', 'doc_12']",1.0,1,5,26
573296880342181400a2027e,Antibiotics,doc_8,"['doc_8', 'doc_12', 'doc_13', 'doc_6', 'doc_0']",1.0,1,5,26
57302230a23a5019007fce13,Antibiotics,doc_9,"['doc_9', 'doc_6', 'doc_8', 'doc_12', 'doc_13']",1.0,1,5,26
57302230a23a5019007fce14,Antibiotics,doc_9,"['doc_9', 'doc_8', 'doc_6', 'doc_12', 'doc_2']",1.0,1,5,26
57302230a23a5019007fce15,Antibiotics,doc_9,"['doc_9', 'doc_8', 'doc_6', 'doc_13', 'doc_12']",1.0,1,5,26
57302230a23a5019007fce16,Antibiotics,doc_9,"['doc_9', 'doc_13', 'doc_8', 'doc_12', 'doc_6']",1.0,1,5,26
5731be590fdd8d15006c64e1,Antibiotics,doc_9,"['doc_9', 'doc_6', 'doc_8', 'doc_12', 'doc_13']",1.0,1,5,26
5731be590fdd8d15006c64e2,Antibiotics,doc_9,"['doc_8', 'doc_9', 'doc_6', 'doc_0', 'doc_12']",0.5,1,5,26
5731be590fdd8d15006c64e3,Antibiotics,doc_9,"['doc_9', 'doc_15', 'doc_17', 'doc_13', 'doc_12']",1.0,1,5,26
573299421d5d2e14009ff861,Antibiotics,doc_9,"['doc_8', 'doc_9', 'doc_6', 'doc_13', 'doc_0']",0.5,1,5,26
573299421d5d2e14009ff862,Antibiotics,doc_9,"['doc_9', 'doc_6', 'doc_8', 'doc_2', 'doc_12']",1.0,1,5,26
573299421d5d2e14009ff863,Antibiotics,doc_9,"['doc_9', 'doc_8', 'doc_6', 'doc_13', 'doc_12']",1.0,1,5,26
5731c904b9d445190005e551,Antibiotics,doc_10,"['doc_10', 'doc_3', 'doc_23', 'doc_1', 'doc_0']",1.0,1,5,26
5731c904b9d445190005e554,Antibiotics,doc_10,"['doc_10', 'doc_0', 'doc_23', 'doc_11', 'doc_4']",1.0,1,5,26
5731c904b9d445190005e552,Antibiotics,doc_10,"['doc_10', 'doc_0', 'doc_3', 'doc_2', 'doc_23']",1.0,1,5,26
5731c904b9d445190005e553,Antibiotics,doc_10,"['doc_0', 'doc_10', 'doc_11', 'doc_4', 'doc_12']",0.5,1,5,26
5733c3f34776f419006611d4,Antibiotics,doc_10,"['doc_10', 'doc_0', 'doc_11', 'doc_12', 'doc_14']",1.0,1,5,26
5733c3f34776f419006611d5,Antibiotics,doc_10,"['doc_10', 'doc_0', 'doc_11', 'doc_4', 'doc_12']",1.0,1,5,26
5733c3f34776f419006611d6,Antibiotics,doc_10,"['doc_10', 'doc_23', 'doc_0', 'doc_11', 'doc_4']",1.0,1,5,26
5733c4ca4776f419006611e4,Antibiotics,doc_11,"['doc_11', 'doc_0', 'doc_10', 'doc_2', 'doc_12']",1.0,1,5,26
5733c4ca4776f419006611e5,Antibiotics,doc_11,"['doc_11', 'doc_4', 'doc_0', 'doc_24', 'doc_12']",1.0,1,5,26
5733c4ca4776f419006611e6,Antibiotics,doc_11,"['doc_11', 'doc_24', 'doc_4', 'doc_12', 'doc_14']",1.0,1,5,26
5733c4ca4776f419006611e7,Antibiotics,doc_11,"['doc_11', 'doc_14', 'doc_10', 'doc_4', 'doc_0']",1.0,1,5,26
5733c6d84776f41900661208,Antibiotics,doc_12,"['doc_10', 'doc_0', 'doc_12', 'doc_11', 'doc_14']",0.3333333333333333,1,5,26
5733c6d84776f41900661209,Antibiotics,doc_12,"['doc_13', 'doc_12', 'doc_14', 'doc_15', 'doc_16']",0.5,1,5,26
5733c6d84776f4190066120a,Antibiotics,doc_12,"['doc_0', 'doc_12', 'doc_13', 'doc_11', 'doc_15']",0.5,1,5,26
5733c81c4776f4190066121c,Antibiotics,doc_13,"['doc_13', 'doc_12', 'doc_4', 'doc_6', 'doc_15']",1.0,1,5,26
5733c81c4776f4190066121d,Antibiotics,doc_13,"['doc_13', 'doc_12', 'doc_7', 'doc_15', 'doc_16']",1.0,1,5,26
5733c81c4776f4190066121e,Antibiotics,doc_13,"['doc_13', 'doc_12', 'doc_15', 'doc_14', 'doc_6']",1.0,1,5,26
5733c81c4776f4190066121f,Antibiotics,doc_13,"['doc_6', 'doc_0', 'doc_12', 'doc_13', 'doc_17']",0.25,1,5,26
5733c81c4776f41900661220,Antibiotics,doc_13,"['doc_13', 'doc_5', 'doc_12', 'doc_0', 'doc_6']",1.0,1,5,26
5733cb484776f41900661256,Antibiotics,doc_14,"['doc_14', 'doc_15', 'doc_16', 'doc_25', 'doc_24']",1.0,1,5,26
5733cb484776f41900661257,Antibiotics,doc_14,"['doc_14', 'doc_25', 'doc_15', 'doc_24', 'doc_16']",1.0,1,5,26
5733cb484776f41900661258,Antibiotics,doc_14,"['doc_14', 'doc_16', 'doc_15', 'doc_4', 'doc_17']",1.0,1,5,26
5733cd2bd058e614000b62b3,Antibiotics,doc_15,"['doc_15', 'doc_16', 'doc_14', 'doc_25', 'doc_4']",1.0,1,5,26
5733cd2bd058e614000b62b4,Antibiotics,doc_15,"['doc_11', 'doc_15', 'doc_14', 'doc_4', 'doc_0']",0.5,1,5,26
5733cd2bd058e614000b62b5,Antibiotics,doc_15,"['doc_15', 'doc_16', 'doc_14', 'doc_24', 'doc_25']",1.0,1,5,26
5733cd2bd058e614000b62b6,Antibiotics,doc_15,"['doc_15', 'doc_16', 'doc_14', 'doc_25', 'doc_24']",1.0,1,5,26
5733cd2bd058e614000b62b7,Antibiotics,doc_15,"['doc_15', 'doc_14', 'doc_25', 'doc_24', 'doc_16']",1.0,1,5,26
5733d178d058e614000b6321,Antibiotics,doc_16,"['doc_13', 'doc_6', 'doc_12', 'doc_2', 'doc_4']",0.0,0,5,26
5733d178d058e614000b6322,Antibiotics,doc_16,"['doc_16', 'doc_15', 'doc_4', 'doc_0', 'doc_17']",1.0,1,5,26
5733d178d058e614000b6323,Antibiotics,doc_16,"['doc_16', 'doc_15', 'doc_25', 'doc_24', 'doc_14']",1.0,1,5,26
5733d2444776f419006612d8,Antibiotics,doc_17,"['doc_17', 'doc_4', 'doc_12', 'doc_3', 'doc_13']",1.0,1,5,26
5733d2444776f419006612d9,Antibiotics,doc_17,"['doc_17', 'doc_4', 'doc_20', 'doc_18', 'doc_19']",1.0,1,5,26
5733d2444776f419006612da,Antibiotics,doc_17,"['doc_17', 'doc_2', 'doc_3', 'doc_13', 'doc_12']",1.0,1,5,26
5733d2444776f419006612db,Antibiotics,doc_17,"['doc_17', 'doc_1', 'doc_2', 'doc_6', 'doc_0']",1.0,1,5,26
5733d2444776f419006612dc,Antibiotics,doc_17,"['doc_17', 'doc_20', 'doc_4', 'doc_19', 'doc_3']",1.0,1,5,26
5733d3334776f419006612e2,Antibiotics,doc_18,"['doc_17', 'doc_23', 'doc_5', 'doc_18', 'doc_24']",0.25,1,5,26
5733d3334776f419006612e3,Antibiotics,doc_18,"['doc_18', 'doc_17', 'doc_21', 'doc_1', 'doc_20']",1.0,1,5,26
5733d3334776f419006612e4,Antibiotics,doc_18,"['doc_18', 'doc_21', 'doc_17', 'doc_3', 'doc_20']",1.0,1,5,26
5733d3334776f419006612e5,Antibiotics,doc_18,"['doc_21', 'doc_18', 'doc_17', 'doc_20', 'doc_25']",0.5,1,5,26
5733d4364776f419006612f2,Antibiotics,doc_19,"['doc_17', 'doc_19', 'doc_20', 'doc_21', 'doc_4']",0.5,1,5,26
5733d4364776f419006612f3,Antibiotics,doc_19,"['doc_19', 'doc_21', 'doc_20', 'doc_18', 'doc_17']",1.0,1,5,26
5733d4364776f419006612f4,Antibiotics,doc_19,"['doc_19', 'doc_21', 'doc_25', 'doc_20', 'doc_18']",1.0,1,5,26
5733d4364776f419006612f5,Antibiotics,doc_19,"['doc_19', 'doc_21', 'doc_20', 'doc_18', 'doc_17']",1.0,1,5,26
5733d4c24776f41900661304,Antibiotics,doc_20,"['doc_17', 'doc_20', 'doc_3', 'doc_19', 'doc_21']",0.5,1,5,26
5733d4c24776f41900661305,Antibiotics,doc_20,"['doc_20', 'doc_21', 'doc_17', 'doc_19', 'doc_18']",1.0,1,5,26
5733d4c24776f41900661306,Antibiotics,doc_20,"['doc_20', 'doc_21', 'doc_19', 'doc_17', 'doc_18']",1.0,1,5,26
5733d4c24776f41900661307,Antibiotics,doc_20,"['doc_20', 'doc_21', 'doc_17', 'doc_19', 'doc_18']",1.0,1,5,26
5733d4c24776f41900661308,Antibiotics,doc_20,"['doc_20', 'doc_17', 'doc_21', 'doc_4', 'doc_19']",1.0,1,5,26
5733d5f24776f41900661314,Antibiotics,doc_21,"['doc_21', 'doc_18', 'doc_20', 'doc_19', 'doc_17']",1.0,1,5,26
5733d5f24776f41900661315,Antibiotics,doc_21,"['doc_21', 'doc_20', 'doc_18', 'doc_17', 'doc_24']",1.0,1,5,26
5733d5f24776f41900661316,Antibiotics,doc_21,"['doc_21', 'doc_18', 'doc_17', 'doc_20', 'doc_19']",1.0,1,5,26
5733d5f24776f41900661317,Antibiotics,doc_21,"['doc_21', 'doc_18', 'doc_17', 'doc_3', 'doc_20']",1.0,1,5,26
5733d5f24776f41900661318,Antibiotics,doc_21,"['doc_21', 'doc_18', 'doc_3', 'doc_20', 'doc_17']",1.0,1,5,26
5733d670d058e614000b6379,Antibiotics,doc_22,"['doc_22', 'doc_23', 'doc_1', 'doc_25', 'doc_4']",1.0,1,5,26
5733d670d058e614000b637a,Antibiotics,doc_22,"['doc_22', 'doc_4', 'doc_24', 'doc_17', 'doc_14']",1.0,1,5,26
5733d670d058e614000b637b,Antibiotics,doc_22,"['doc_22', 'doc_15', 'doc_24', 'doc_4', 'doc_23']",1.0,1,5,26
5733d6e64776f41900661328,Antibiotics,doc_23,"['doc_0', 'doc_23', 'doc_11', 'doc_24', 'doc_10']",0.5,1,5,26
5733d6e64776f41900661329,Antibiotics,doc_23,"['doc_23', 'doc_17', 'doc_5', 'doc_25', 'doc_21']",1.0,1,5,26
5733d6e64776f4190066132a,Antibiotics,doc_23,"['doc_23', 'doc_6', 'doc_22', 'doc_4', 'doc_15']",1.0,1,5,26
5733d88b4776f41900661344,Antibiotics,doc_24,"['doc_24', 'doc_3', 'doc_4', 'doc_17', 'doc_2']",1.0,1,5,26
5733d88b4776f41900661345,Antibiotics,doc_24,"['doc_24', 'doc_14', 'doc_11', 'doc_21', 'doc_20']",1.0,1,5,26
5733d88b4776f41900661346,Antibiotics,doc_24,"['doc_24', 'doc_15', 'doc_4', 'doc_16', 'doc_14']",1.0,1,5,26
5733d91e4776f4190066134a,Antibiotics,doc_25,"['doc_15', 'doc_25', 'doc_14', 'doc_16', 'doc_24']",0.5,1,5,26
5733d91e4776f4190066134b,Antibiotics,doc_25,"['doc_25', 'doc_24', 'doc_17', 'doc_14', 'doc_15']",1.0,1,5,26
5733d91e4776f4190066134c,Antibiotics,doc_25,"['doc_0', 'doc_10', 'doc_11', 'doc_23', 'doc_2']",0.0,0,5,26
5733d91e4776f4190066134d,Antibiotics,doc_25,"['doc_25', 'doc_14', 'doc_23', 'doc_15', 'doc_5']",1.0,1,5,26
56cbd2356d243a140015ed66,Frédéric_Chopin,doc_0,"['doc_16', 'doc_0', 'doc_5', 'doc_6', 'doc_1']",0.5,1,5,82
56cbd2356d243a140015ed67,Frédéric_Chopin,doc_0,"['doc_43', 'doc_0', 'doc_1', 'doc_6', 'doc_47']",0.5,1,5,82
56cbd2356d243a140015ed68,Frédéric_Chopin,doc_0,"['doc_7', 'doc_20', 'doc_2', 'doc_69', 'doc_75']",0.0,0,5,82
56cbd2356d243a140015ed69,Frédéric_Chopin,doc_0,"['doc_6', 'doc_4', 'doc_0', 'doc_5', 'doc_28']",0.3333333333333333,1,5,82
56cbd2356d243a140015ed6a,Frédéric_Chopin,doc_0,"['doc_16', 'doc_6', 'doc_5', 'doc_4', 'doc_0']",0.2,1,5,82
56ce0a3762d2951400fa69d6,Frédéric_Chopin,doc_0,"['doc_0', 'doc_4', 'doc_1', 'doc_9', 'doc_33']",1.0,1,5,82
56ce0a3762d2951400fa69d7,Frédéric_Chopin,doc_0,"['doc_0', 'doc_33', 'doc_1', 'doc_3', 'doc_34']",1.0,1,5,82
56ce0a3762d2951400fa69d8,Frédéric_Chopin,doc_0,"['doc_0', 'doc_4', 'doc_6', 'doc_10', 'doc_1']",1.0,1,5,82
56ce0a3762d2951400fa69d9,Frédéric_Chopin,doc_0,"['doc_2', 'doc_62', 'doc_54', 'doc_55', 'doc_69']",0.0,0,5,82
56ce0a3762d2951400fa69da,Frédéric_Chopin,doc_0,"['doc_1', 'doc_0', 'doc_16', 'doc_15', 'doc_10']",0.5,1,5,82
56cf54a2aab44d1400b89006,Frédéric_Chopin,doc_0,"['doc_0', 'doc_1', 'doc_49', 'doc_4', 'doc_31']",1.0,1,5,82
56cf54a2aab44d1400b89008,Frédéric_Chopin,doc_0,"['doc_0', 'doc_4', 'doc_1', 'doc_16', 'doc_12']",1.0,1,5,82
56cf54a2aab44d1400b89009,Frédéric_Chopin,doc_0,"['doc_2', 'doc_54', 'doc_62', 'doc_9', 'doc_0']",0.2,1,5,82
56cf54a2aab44d1400b8900a,Frédéric_Chopin,doc_0,"['doc_0', 'doc_33', 'doc_3', 'doc_34', 'doc_1']",1.0,1,5,82
56d1ca30e7d4791d009021a7,Frédéric_Chopin,doc_0,"['doc_0', 'doc_4', 'doc_1', 'doc_9', 'doc_33']",1.0,1,5,82
56d1ca30e7d4791d009021a8,Frédéric_Chopin,doc_0,"['doc_0', 'doc_4', 'doc_1', 'doc_6', 'doc_10']",1.0,1,5,82
56d1ca30e7d4791d009021a9,Frédéric_Chopin,doc_0,"['doc_0', 'doc_1', 'doc_16', 'doc_15', 'doc_10']",1.0,1,5,82
56d1ca30e7d4791d009021aa,Frédéric_Chopin,doc_0,"['doc_0', 'doc_2', 'doc_33', 'doc_3', 'doc_9']",1.0,1,5,82
56d1ca30e7d4791d009021ab,Frédéric_Chopin,doc_0,"['doc_0', 'doc_1', 'doc_4', 'doc_49', 'doc_31']",1.0,1,5,82
56cbd2f96d243a140015ed70,Frédéric_Chopin,doc_1,"['doc_43', 'doc_6', 'doc_47', 'doc_1', 'doc_28']",0.25,1,5,82
56cbd2f96d243a140015ed71,Frédéric_Chopin,doc_1,"['doc_20', 'doc_34', 'doc_43', 'doc_1', 'doc_46']",0.25,1,5,82
56cbd2f96d243a140015ed72,Frédéric_Chopin,doc_1,"['doc_16', 'doc_6', 'doc_43', 'doc_0', 'doc_1']",0.2,1,5,82
56cbd2f96d243a140015ed73,Frédéric_Chopin,doc_1,"['doc_33', 'doc_20', 'doc_30', 'doc_69', 'doc_63']",0.0,0,5,82
56cbd2f96d243a140015ed74,Frédéric_Chopin,doc_1,"['doc_50', 'doc_49', 'doc_48', 'doc_31', 'doc_1']",0.2,1,5,82
56ce0d8662d2951400fa69e8,Frédéric_Chopin,doc_1,"['doc_1', 'doc_11', 'doc_28', 'doc_45', 'doc_47']",1.0,1,5,82
56ce0d8662d2951400fa69e9,Frédéric_Chopin,doc_1,"['doc_46', 'doc_34', 'doc_20', 'doc_43', 'doc_1']",0.2,1,5,82
56ce0d8662d2951400fa69ea,Frédéric_Chopin,doc_1,"['doc_12', 'doc_80', 'doc_1', 'doc_24', 'doc_18']",0.3333333333333333,1,5,82
56ce0d8662d2951400fa69eb,Frédéric_Chopin,doc_1,"['doc_16', 'doc_43', 'doc_1', 'doc_28', 'doc_19']",0.3333333333333333,1,5,82
56ce0d8662d2951400fa69ec,Frédéric_Chopin,doc_1,"['doc_25', 'doc_32', 'doc_26', 'doc_1', 'doc_21']",0.25,1,5,82
56cf5734aab44d1400b89079,Frédéric_Chopin,doc_1,"['doc_1', 'doc_47', 'doc_0', 'doc_19', 'doc_16']",1.0,1,5,82
56cf5734aab44d1400b8907a,Frédéric_Chopin,doc_1,"['doc_20', 'doc_1', 'doc_34', 'doc_41', 'doc_19']",0.5,1,5,82
56cf5734aab44d1400b8907c,Frédéric_Chopin,doc_1,"['doc_16', 'doc_0', 'doc_1', 'doc_19', 'doc_4']",0.3333333333333333,1,5,82
56cf5734aab44d1400b8907d,Frédéric_Chopin,doc_1,"['doc_48', 'doc_1', 'doc_47', 'doc_45', 'doc_49']",0.5,1,5,82
56d1cd98e7d4791d009021e6,Frédéric_Chopin,doc_1,"['doc_16', 'doc_0', 'doc_1', 'doc_19', 'doc_4']",0.3333333333333333,1,5,82
56d1cd98e7d4791d009021e7,Frédéric_Chopin,doc_1,"['doc_1', 'doc_47', 'doc_19', 'doc_34', 'doc_53']",1.0,1,5,82
56d1cd98e7d4791d009021e8,Frédéric_Chopin,doc_1,"['doc_50', 'doc_49', 'doc_31', 'doc_1', 'doc_27']",0.25,1,5,82
56cbd4c56d243a140015ed7a,Frédéric_Chopin,doc_2,"['doc_2', 'doc_75', 'doc_70', 'doc_67', 'doc_71']",1.0,1,5,82
56cbd4c56d243a140015ed7b,Frédéric_Chopin,doc_2,"['doc_56', 'doc_71', 'doc_70', 'doc_0', 'doc_62']",0.0,0,5,82
56cbd4c56d243a140015ed7c,Frédéric_Chopin,doc_2,"['doc_55', 'doc_81', 'doc_80', 'doc_75', 'doc_17']",0.0,0,5,82
56cbd4c56d243a140015ed7d,Frédéric_Chopin,doc_2,"['doc_73', 'doc_75', 'doc_71', 'doc_79', 'doc_55']",0.0,0,5,82
56cbd4c56d243a140015ed7e,Frédéric_Chopin,doc_2,"['doc_17', 'doc_43', 'doc_19', 'doc_47', 'doc_1']",0.0,0,5,82
56ce0f42aab44d1400b8841e,Frédéric_Chopin,doc_2,"['doc_62', 'doc_2', 'doc_70', 'doc_68', 'doc_71']",0.5,1,5,82
56ce0f42aab44d1400b8841f,Frédéric_Chopin,doc_2,"['doc_2', 'doc_71', 'doc_62', 'doc_70', 'doc_55']",1.0,1,5,82
56ce0f42aab44d1400b88420,Frédéric_Chopin,doc_2,"['doc_73', 'doc_62', 'doc_71', 'doc_55', 'doc_2']",0.2,1,5,82
56ce0f42aab44d1400b88421,Frédéric_Chopin,doc_2,"['doc_55', 'doc_72', 'doc_2', 'doc_81', 'doc_76']",0.3333333333333333,1,5,82
56ce0f42aab44d1400b88422,Frédéric_Chopin,doc_2,"['doc_38', 'doc_2', 'doc_76', 'doc_0', 'doc_80']",0.5,1,5,82
56cf582eaab44d1400b8909b,Frédéric_Chopin,doc_2,"['doc_2', 'doc_54', 'doc_62', 'doc_65', 'doc_71']",1.0,1,5,82
56cf582eaab44d1400b8909c,Frédéric_Chopin,doc_2,"['doc_38', 'doc_2', 'doc_0', 'doc_76', 'doc_57']",0.5,1,5,82
56cf582eaab44d1400b8909d,Frédéric_Chopin,doc_2,"['doc_73', 'doc_71', 'doc_65', 'doc_62', 'doc_70']",0.0,0,5,82
56cf582eaab44d1400b8909e,Frédéric_Chopin,doc_2,"['doc_55', 'doc_72', 'doc_2', 'doc_81', 'doc_76']",0.3333333333333333,1,5,82
56d1cf80e7d4791d00902211,Frédéric_Chopin,doc_2,"['doc_2', 'doc_62', 'doc_54', 'doc_9', 'doc_55']",1.0,1,5,82
56d1cf80e7d4791d00902212,Frédéric_Chopin,doc_2,"['doc_2', 'doc_38', 'doc_57', 'doc_76', 'doc_80']",1.0,1,5,82
56d1cf80e7d4791d00902215,Frédéric_Chopin,doc_2,"['doc_20', 'doc_17', 'doc_13', 'doc_41', 'doc_19']",0.0,0,5,82
56cbd8c66d243a140015ed85,Frédéric_Chopin,doc_3,"['doc_43', 'doc_3', 'doc_1', 'doc_23', 'doc_47']",0.5,1,5,82
56cbd8c66d243a140015ed86,Frédéric_Chopin,doc_3,"['doc_3', 'doc_79', 'doc_1', 'doc_17', 'doc_43']",1.0,1,5,82
56cbd8c66d243a140015ed87,Frédéric_Chopin,doc_3,"['doc_3', 'doc_43', 'doc_0', 'doc_17', 'doc_19']",1.0,1,5,82
56cbd8c66d243a140015ed88,Frédéric_Chopin,doc_3,"['doc_38', 'doc_36', 'doc_17', 'doc_3', 'doc_35']",0.25,1,5,82
56ce1138aab44d1400b88428,Frédéric_Chopin,doc_3,"['doc_2', 'doc_55', 'doc_62', 'doc_0', 'doc_54']",0.0,0,5,82
56ce1138aab44d1400b88429,Frédéric_Chopin,doc_3,"['doc_0', 'doc_76', 'doc_16', 'doc_4', 'doc_38']",0.0,0,5,82
56ce1138aab44d1400b8842a,Frédéric_Chopin,doc_3,"['doc_50', 'doc_32', 'doc_24', 'doc_18', 'doc_79']",0.0,0,5,82
56ce1138aab44d1400b8842b,Frédéric_Chopin,doc_3,"['doc_0', 'doc_55', 'doc_3', 'doc_79', 'doc_2']",0.3333333333333333,1,5,82
56cf5a5aaab44d1400b890dd,Frédéric_Chopin,doc_3,"['doc_2', 'doc_0', 'doc_55', 'doc_3', 'doc_1']",0.25,1,5,82
56cf5a5aaab44d1400b890de,Frédéric_Chopin,doc_3,"['doc_55', 'doc_38', 'doc_80', 'doc_76', 'doc_0']",0.0,0,5,82
56cf5a5aaab44d1400b890df,Frédéric_Chopin,doc_3,"['doc_3', 'doc_78', 'doc_76', 'doc_77', 'doc_0']",1.0,1,5,82
56cbda8d6d243a140015ed8e,Frédéric_Chopin,doc_4,"['doc_4', 'doc_6', 'doc_5', 'doc_0', 'doc_28']",1.0,1,5,82
56cbda8d6d243a140015ed8f,Frédéric_Chopin,doc_4,"['doc_4', 'doc_0', 'doc_5', 'doc_6', 'doc_7']",1.0,1,5,82
56cbda8d6d243a140015ed90,Frédéric_Chopin,doc_4,"['doc_4', 'doc_26', 'doc_0', 'doc_49', 'doc_21']",1.0,1,5,82
56cbda8d6d243a140015ed91,Frédéric_Chopin,doc_4,"['doc_5', 'doc_0', 'doc_4', 'doc_6', 'doc_16']",0.3333333333333333,1,5,82
56cbda8d6d243a140015ed92,Frédéric_Chopin,doc_4,"['doc_4', 'doc_6', 'doc_10', 'doc_8', 'doc_5']",1.0,1,5,82
56ce1225aab44d1400b88430,Frédéric_Chopin,doc_4,"['doc_0', 'doc_4', 'doc_1', 'doc_10', 'doc_6']",0.5,1,5,82
56ce1225aab44d1400b88431,Frédéric_Chopin,doc_4,"['doc_8', 'doc_4', 'doc_6', 'doc_18', 'doc_10']",0.5,1,5,82
56ce1225aab44d1400b88432,Frédéric_Chopin,doc_4,"['doc_4', 'doc_0', 'doc_9', 'doc_40', 'doc_23']",1.0,1,5,82
56ce1225aab44d1400b88433,Frédéric_Chopin,doc_4,"['doc_4', 'doc_0', 'doc_3', 'doc_79', 'doc_19']",1.0,1,5,82
56ce1225aab44d1400b88434,Frédéric_Chopin,doc_4,"['doc_16', 'doc_38', 'doc_0', 'doc_12', 'doc_1']",0.0,0,5,82
56cf5b40aab44d1400b890fe,Frédéric_Chopin,doc_4,"['doc_8', 'doc_4', 'doc_6', 'doc_10', 'doc_5']",0.5,1,5,82
56cf5b40aab44d1400b890ff,Frédéric_Chopin,doc_4,"['doc_4', 'doc_0', 'doc_1', 'doc_16', 'doc_9']",1.0,1,5,82
56cf5b40aab44d1400b89100,Frédéric_Chopin,doc_4,"['doc_0', 'doc_4', 'doc_1', 'doc_19', 'doc_9']",0.5,1,5,82
56cf5b40aab44d1400b89101,Frédéric_Chopin,doc_4,"['doc_0', 'doc_16', 'doc_38', 'doc_1', 'doc_12']",0.0,0,5,82
56d1d330e7d4791d0090224d,Frédéric_Chopin,doc_4,"['doc_4', 'doc_10', 'doc_0', 'doc_6', 'doc_11']",1.0,1,5,82
56d1d330e7d4791d0090224e,Frédéric_Chopin,doc_4,"['doc_16', 'doc_0', 'doc_18', 'doc_4', 'doc_8']",0.25,1,5,82
56cbdbf36d243a140015ed99,Frédéric_Chopin,doc_5,"['doc_5', 'doc_6', 'doc_25', 'doc_48', 'doc_32']",1.0,1,5,82
56cbdbf36d243a140015ed9a,Frédéric_Chopin,doc_5,"['doc_4', 'doc_5', 'doc_51', 'doc_0', 'doc_6']",0.5,1,5,82
56cbdbf36d243a140015ed9c,Frédéric_Chopin,doc_5,"['doc_5', 'doc_6', 'doc_16', 'doc_28', 'doc_75']",1.0,1,5,82
56cf5bfcaab44d1400b89111,Frédéric_Chopin,doc_5,"['doc_0', 'doc_5', 'doc_6', 'doc_4', 'doc_16']",0.5,1,5,82
56cf5bfcaab44d1400b89112,Frédéric_Chopin,doc_5,"['doc_0', 'doc_4', 'doc_6', 'doc_5', 'doc_10']",0.25,1,5,82
56cf5bfcaab44d1400b89113,Frédéric_Chopin,doc_5,"['doc_25', 'doc_5', 'doc_6', 'doc_0', 'doc_1']",0.5,1,5,82
56cf5bfcaab44d1400b89114,Frédéric_Chopin,doc_5,"['doc_18', 'doc_5', 'doc_0', 'doc_12', 'doc_19']",0.5,1,5,82
56cf5bfcaab44d1400b89115,Frédéric_Chopin,doc_5,"['doc_12', 'doc_5', 'doc_11', 'doc_25', 'doc_0']",0.5,1,5,82
56d1d3fee7d4791d00902263,Frédéric_Chopin,doc_5,"['doc_0', 'doc_5', 'doc_6', 'doc_4', 'doc_16']",0.5,1,5,82
56d1d3fee7d4791d00902264,Frédéric_Chopin,doc_5,"['doc_16', 'doc_0', 'doc_1', 'doc_6', 'doc_4']",0.0,0,5,82
56d1d3fee7d4791d00902266,Frédéric_Chopin,doc_5,"['doc_12', 'doc_25', 'doc_5', 'doc_0', 'doc_18']",0.3333333333333333,1,5,82
56cbdcd16d243a140015eda2,Frédéric_Chopin,doc_6,"['doc_6', 'doc_4', 'doc_8', 'doc_10', 'doc_11']",1.0,1,5,82
56cbdcd16d243a140015eda3,Frédéric_Chopin,doc_6,"['doc_6', 'doc_8', 'doc_5', 'doc_10', 'doc_7']",1.0,1,5,82
56cbdcd16d243a140015eda4,Frédéric_Chopin,doc_6,"['doc_6', 'doc_10', 'doc_11', 'doc_8', 'doc_48']",1.0,1,5,82
56cbdcd16d243a140015eda5,Frédéric_Chopin,doc_6,"['doc_7', 'doc_6', 'doc_69', 'doc_75', 'doc_34']",0.5,1,5,82
56cbdcd16d243a140015eda6,Frédéric_Chopin,doc_6,"['doc_6', 'doc_31', 'doc_7', 'doc_50', 'doc_48']",1.0,1,5,82
56cf5e35aab44d1400b89147,Frédéric_Chopin,doc_6,"['doc_11', 'doc_6', 'doc_10', 'doc_4', 'doc_9']",0.5,1,5,82
56cf5e35aab44d1400b89148,Frédéric_Chopin,doc_6,"['doc_6', 'doc_19', 'doc_10', 'doc_1', 'doc_9']",1.0,1,5,82
56cf5e35aab44d1400b89149,Frédéric_Chopin,doc_6,"['doc_6', 'doc_2', 'doc_9', 'doc_0', 'doc_55']",1.0,1,5,82
56cf5e35aab44d1400b8914a,Frédéric_Chopin,doc_6,"['doc_67', 'doc_7', 'doc_55', 'doc_6', 'doc_81']",0.25,1,5,82
56d1d4d3e7d4791d00902275,Frédéric_Chopin,doc_6,"['doc_11', 'doc_6', 'doc_10', 'doc_4', 'doc_0']",0.5,1,5,82
56d1d4d3e7d4791d00902276,Frédéric_Chopin,doc_6,"['doc_6', 'doc_0', 'doc_5', 'doc_55', 'doc_67']",1.0,1,5,82
56d1d4d3e7d4791d00902277,Frédéric_Chopin,doc_6,"['doc_6', 'doc_2', 'doc_9', 'doc_69', 'doc_55']",1.0,1,5,82
56d1d4d3e7d4791d00902278,Frédéric_Chopin,doc_6,"['doc_6', 'doc_12', 'doc_67', 'doc_7', 'doc_55']",1.0,1,5,82
56d1d4d3e7d4791d00902279,Frédéric_Chopin,doc_6,"['doc_11', 'doc_6', 'doc_10', 'doc_48', 'doc_4']",0.5,1,5,82
56cbdea66d243a140015edac,Frédéric_Chopin,doc_7,"['doc_7', 'doc_75', 'doc_81', 'doc_55', 'doc_6']",1.0,1,5,82
56cbdea66d243a140015edad,Frédéric_Chopin,doc_7,"['doc_7', 'doc_23', 'doc_47', 'doc_75', 'doc_48']",1.0,1,5,82
56cbdea66d243a140015edae,Frédéric_Chopin,doc_7,"['doc_20', 'doc_43', 'doc_34', 'doc_19', 'doc_7']",0.2,1,5,82
56cbdea66d243a140015edaf,Frédéric_Chopin,doc_7,"['doc_33', 'doc_0', 'doc_29', 'doc_9', 'doc_20']",0.0,0,5,82
56cbdea66d243a140015edb0,Frédéric_Chopin,doc_7,"['doc_7', 'doc_0', 'doc_29', 'doc_69', 'doc_58']",1.0,1,5,82
56cf609aaab44d1400b89185,Frédéric_Chopin,doc_7,"['doc_81', 'doc_55', 'doc_12', 'doc_0', 'doc_9']",0.0,0,5,82
56cf609aaab44d1400b89186,Frédéric_Chopin,doc_7,"['doc_12', 'doc_1', 'doc_25', 'doc_21', 'doc_48']",0.0,0,5,82
56cf609aaab44d1400b89187,Frédéric_Chopin,doc_7,"['doc_19', 'doc_9', 'doc_0', 'doc_34', 'doc_14']",0.0,0,5,82
56cf609aaab44d1400b89188,Frédéric_Chopin,doc_7,"['doc_33', 'doc_0', 'doc_9', 'doc_14', 'doc_37']",0.0,0,5,82
56cf609aaab44d1400b89189,Frédéric_Chopin,doc_7,"['doc_7', 'doc_10', 'doc_12', 'doc_9', 'doc_6']",1.0,1,5,82
56d20a6ae7d4791d00902618,Frédéric_Chopin,doc_7,"['doc_81', 'doc_12', 'doc_18', 'doc_9', 'doc_55']",0.0,0,5,82
56d20a6ae7d4791d00902619,Frédéric_Chopin,doc_7,"['doc_12', 'doc_48', 'doc_1', 'doc_25', 'doc_18']",0.0,0,5,82
56d20a6ae7d4791d0090261a,Frédéric_Chopin,doc_7,"['doc_19', 'doc_1', 'doc_9', 'doc_34', 'doc_0']",0.0,0,5,82
56d20a6ae7d4791d0090261b,Frédéric_Chopin,doc_7,"['doc_9', 'doc_58', 'doc_0', 'doc_14', 'doc_12']",0.0,0,5,82
56cbdfbf6d243a140015edb6,Frédéric_Chopin,doc_8,"['doc_8', 'doc_6', 'doc_44', 'doc_13', 'doc_45']",1.0,1,5,82
56cbdfbf6d243a140015edb7,Frédéric_Chopin,doc_8,"['doc_8', 'doc_6', 'doc_11', 'doc_10', 'doc_9']",1.0,1,5,82
56cbdfbf6d243a140015edb8,Frédéric_Chopin,doc_8,"['doc_6', 'doc_28', 'doc_48', 'doc_47', 'doc_11']",0.0,0,5,82
56cbdfbf6d243a140015edb9,Frédéric_Chopin,doc_8,"['doc_8', 'doc_6', 'doc_44', 'doc_43', 'doc_48']",1.0,1,5,82
56cbdfbf6d243a140015edba,Frédéric_Chopin,doc_8,"['doc_17', 'doc_34', 'doc_20', 'doc_3', 'doc_0']",0.0,0,5,82
56cf61d3aab44d1400b891a3,Frédéric_Chopin,doc_8,"['doc_8', 'doc_6', 'doc_44', 'doc_13', 'doc_11']",1.0,1,5,82
56cf61d3aab44d1400b891a4,Frédéric_Chopin,doc_8,"['doc_8', 'doc_6', 'doc_11', 'doc_10', 'doc_4']",1.0,1,5,82
56cf61d3aab44d1400b891a5,Frédéric_Chopin,doc_8,"['doc_19', 'doc_13', 'doc_12', 'doc_20', 'doc_0']",0.0,0,5,82
56cf61d3aab44d1400b891a6,Frédéric_Chopin,doc_8,"['doc_12', 'doc_9', 'doc_2', 'doc_0', 'doc_76']",0.0,0,5,82
56cf61d3aab44d1400b891a7,Frédéric_Chopin,doc_8,"['doc_76', 'doc_0', 'doc_3', 'doc_12', 'doc_38']",0.0,0,5,82
56d20bf6e7d4791d00902622,Frédéric_Chopin,doc_8,"['doc_6', 'doc_12', 'doc_13', 'doc_8', 'doc_10']",0.25,1,5,82
56d20bf6e7d4791d00902623,Frédéric_Chopin,doc_8,"['doc_12', 'doc_0', 'doc_18', 'doc_13', 'doc_6']",0.0,0,5,82
56d20bf6e7d4791d00902624,Frédéric_Chopin,doc_8,"['doc_58', 'doc_12', 'doc_2', 'doc_80', 'doc_9']",0.0,0,5,82
56d20bf6e7d4791d00902625,Frédéric_Chopin,doc_8,"['doc_0', 'doc_76', 'doc_19', 'doc_79', 'doc_38']",0.0,0,5,82
56cbe1996d243a140015edc0,Frédéric_Chopin,doc_9,"['doc_6', 'doc_8', 'doc_10', 'doc_9', 'doc_7']",0.25,1,5,82
56cbe1996d243a140015edc1,Frédéric_Chopin,doc_9,"['doc_7', 'doc_81', 'doc_75', 'doc_55', 'doc_9']",0.2,1,5,82
56cbe1996d243a140015edc2,Frédéric_Chopin,doc_9,"['doc_9', 'doc_29', 'doc_20', 'doc_43', 'doc_7']",1.0,1,5,82
56cbe1996d243a140015edc3,Frédéric_Chopin,doc_9,"['doc_43', 'doc_20', 'doc_34', 'doc_19', 'doc_29']",0.0,0,5,82
56cbe1996d243a140015edc4,Frédéric_Chopin,doc_9,"['doc_19', 'doc_43', 'doc_20', 'doc_29', 'doc_0']",0.0,0,5,82
56cf63b4aab44d1400b891bd,Frédéric_Chopin,doc_9,"['doc_9', 'doc_81', 'doc_29', 'doc_0', 'doc_55']",1.0,1,5,82
56cf63b4aab44d1400b891be,Frédéric_Chopin,doc_9,"['doc_12', 'doc_81', 'doc_47', 'doc_1', 'doc_67']",0.0,0,5,82
56cf63b4aab44d1400b891bf,Frédéric_Chopin,doc_9,"['doc_9', 'doc_76', 'doc_0', 'doc_44', 'doc_20']",1.0,1,5,82
56cf63b4aab44d1400b891c0,Frédéric_Chopin,doc_9,"['doc_9', 'doc_49', 'doc_76', 'doc_53', 'doc_1']",1.0,1,5,82
56cf63b4aab44d1400b891c1,Frédéric_Chopin,doc_9,"['doc_76', 'doc_3', 'doc_14', 'doc_57', 'doc_58']",0.0,0,5,82
56d22055e7d4791d00902683,Frédéric_Chopin,doc_9,"['doc_9', 'doc_81', 'doc_29', 'doc_0', 'doc_55']",1.0,1,5,82
56d22055e7d4791d00902684,Frédéric_Chopin,doc_9,"['doc_9', 'doc_12', 'doc_81', 'doc_47', 'doc_6']",1.0,1,5,82
56d22055e7d4791d00902685,Frédéric_Chopin,doc_9,"['doc_9', 'doc_0', 'doc_58', 'doc_14', 'doc_29']",1.0,1,5,82
56d22055e7d4791d00902686,Frédéric_Chopin,doc_9,"['doc_9', 'doc_76', 'doc_49', 'doc_19', 'doc_1']",1.0,1,5,82
56d22055e7d4791d00902687,Frédéric_Chopin,doc_9,"['doc_37', 'doc_58', 'doc_56', 'doc_9', 'doc_3']",0.25,1,5,82
56cbe2fd6d243a140015edcb,Frédéric_Chopin,doc_10,"['doc_10', 'doc_8', 'doc_6', 'doc_13', 'doc_43']",1.0,1,5,82
56cbe2fd6d243a140015edcc,Frédéric_Chopin,doc_10,"['doc_10', 'doc_7', 'doc_6', 'doc_4', 'doc_5']",1.0,1,5,82
56cbe2fd6d243a140015edcd,Frédéric_Chopin,doc_10,"['doc_10', 'doc_21', 'doc_6', 'doc_47', 'doc_12']",1.0,1,5,82
56cbe2fd6d243a140015edce,Frédéric_Chopin,doc_10,"['doc_17', 'doc_10', 'doc_20', 'doc_80', 'doc_43']",0.5,1,5,82
56cf64e34df3c31400b0d6f9,Frédéric_Chopin,doc_10,"['doc_10', 'doc_47', 'doc_21', 'doc_12', 'doc_1']",1.0,1,5,82
56cf64e34df3c31400b0d6fa,Frédéric_Chopin,doc_10,"['doc_10', 'doc_2', 'doc_76', 'doc_14', 'doc_9']",1.0,1,5,82
56d2211ae7d4791d00902693,Frédéric_Chopin,doc_10,"['doc_10', 'doc_13', 'doc_77', 'doc_12', 'doc_76']",1.0,1,5,82
56d2211ae7d4791d00902694,Frédéric_Chopin,doc_10,"['doc_10', 'doc_59', 'doc_58', 'doc_12', 'doc_80']",1.0,1,5,82
56d2211ae7d4791d00902695,Frédéric_Chopin,doc_10,"['doc_10', 'doc_47', 'doc_28', 'doc_21', 'doc_30']",1.0,1,5,82
56cbe5df6d243a140015edd4,Frédéric_Chopin,doc_11,"['doc_48', 'doc_5', 'doc_47', 'doc_6', 'doc_21']",0.0,0,5,82
56cbe5df6d243a140015edd5,Frédéric_Chopin,doc_11,"['doc_48', 'doc_28', 'doc_6', 'doc_51', 'doc_11']",0.2,1,5,82
56cbe5df6d243a140015edd6,Frédéric_Chopin,doc_11,"['doc_6', 'doc_8', 'doc_11', 'doc_10', 'doc_4']",0.3333333333333333,1,5,82
56cbe5df6d243a140015edd7,Frédéric_Chopin,doc_11,"['doc_11', 'doc_19', 'doc_6', 'doc_41', 'doc_1']",1.0,1,5,82
56cbe5df6d243a140015edd8,Frédéric_Chopin,doc_11,"['doc_0', 'doc_17', 'doc_47', 'doc_19', 'doc_22']",0.0,0,5,82
56cf66734df3c31400b0d713,Frédéric_Chopin,doc_11,"['doc_1', 'doc_49', 'doc_21', 'doc_53', 'doc_0']",0.0,0,5,82
56cf66734df3c31400b0d714,Frédéric_Chopin,doc_11,"['doc_15', 'doc_10', 'doc_1', 'doc_0', 'doc_4']",0.0,0,5,82
56cf66734df3c31400b0d715,Frédéric_Chopin,doc_11,"['doc_11', 'doc_6', 'doc_19', 'doc_18', 'doc_28']",1.0,1,5,82
56cf66734df3c31400b0d717,Frédéric_Chopin,doc_11,"['doc_11', 'doc_0', 'doc_12', 'doc_1', 'doc_76']",1.0,1,5,82
56d3123b59d6e41400146204,Frédéric_Chopin,doc_11,"['doc_11', 'doc_48', 'doc_6', 'doc_1', 'doc_47']",1.0,1,5,82
56d3123b59d6e41400146205,Frédéric_Chopin,doc_11,"['doc_15', 'doc_10', 'doc_1', 'doc_0', 'doc_4']",0.0,0,5,82
56d3123b59d6e41400146206,Frédéric_Chopin,doc_11,"['doc_11', 'doc_6', 'doc_12', 'doc_44', 'doc_28']",1.0,1,5,82
56d3123b59d6e41400146207,Frédéric_Chopin,doc_11,"['doc_11', 'doc_1', 'doc_12', 'doc_19', 'doc_0']",1.0,1,5,82
56d3123b59d6e41400146208,Frédéric_Chopin,doc_11,"['doc_11', 'doc_6', 'doc_12', 'doc_48', 'doc_8']",1.0,1,5,82
56cbe9436d243a140015eddf,Frédéric_Chopin,doc_12,"['doc_48', 'doc_17', 'doc_47', 'doc_26', 'doc_23']",0.0,0,5,82
56cbe9436d243a140015ede0,Frédéric_Chopin,doc_12,"['doc_43', 'doc_17', 'doc_75', 'doc_25', 'doc_12']",0.2,1,5,82
56cf67c74df3c31400b0d72d,Frédéric_Chopin,doc_12,"['doc_12', 'doc_18', 'doc_6', 'doc_11', 'doc_10']",1.0,1,5,82
56cf67c74df3c31400b0d72e,Frédéric_Chopin,doc_12,"['doc_12', 'doc_1', 'doc_17', 'doc_0', 'doc_81']",1.0,1,5,82
56cf67c74df3c31400b0d72f,Frédéric_Chopin,doc_12,"['doc_12', 'doc_80', 'doc_38', 'doc_58', 'doc_53']",1.0,1,5,82
56cf67c74df3c31400b0d730,Frédéric_Chopin,doc_12,"['doc_34', 'doc_27', 'doc_9', 'doc_19', 'doc_12']",0.2,1,5,82
56d313b559d6e4140014620e,Frédéric_Chopin,doc_12,"['doc_17', 'doc_18', 'doc_12', 'doc_1', 'doc_47']",0.3333333333333333,1,5,82
56d313b559d6e4140014620f,Frédéric_Chopin,doc_12,"['doc_12', 'doc_25', 'doc_1', 'doc_47', 'doc_81']",1.0,1,5,82
56d313b559d6e41400146210,Frédéric_Chopin,doc_12,"['doc_12', 'doc_21', 'doc_1', 'doc_25', 'doc_24']",1.0,1,5,82
56d313b559d6e41400146211,Frédéric_Chopin,doc_12,"['doc_12', 'doc_80', 'doc_24', 'doc_25', 'doc_75']",1.0,1,5,82
56d313b559d6e41400146212,Frédéric_Chopin,doc_12,"['doc_12', 'doc_11', 'doc_1', 'doc_48', 'doc_18']",1.0,1,5,82
56cbeb396d243a140015ede8,Frédéric_Chopin,doc_13,"['doc_13', 'doc_43', 'doc_47', 'doc_21', 'doc_23']",1.0,1,5,82
56cbeb396d243a140015ede9,Frédéric_Chopin,doc_13,"['doc_13', 'doc_29', 'doc_75', 'doc_43', 'doc_22']",1.0,1,5,82
56cbeb396d243a140015edeb,Frédéric_Chopin,doc_13,"['doc_13', 'doc_43', 'doc_47', 'doc_21', 'doc_23']",1.0,1,5,82
56cbeb396d243a140015edec,Frédéric_Chopin,doc_13,"['doc_32', 'doc_53', 'doc_25', 'doc_42', 'doc_8']",0.0,0,5,82
56cf69144df3c31400b0d745,Frédéric_Chopin,doc_13,"['doc_13', 'doc_21', 'doc_47', 'doc_20', 'doc_1']",1.0,1,5,82
56cf69144df3c31400b0d746,Frédéric_Chopin,doc_13,"['doc_13', 'doc_21', 'doc_47', 'doc_17', 'doc_1']",1.0,1,5,82
56cf69144df3c31400b0d747,Frédéric_Chopin,doc_13,"['doc_13', 'doc_29', 'doc_17', 'doc_22', 'doc_21']",1.0,1,5,82
56cf69144df3c31400b0d748,Frédéric_Chopin,doc_13,"['doc_13', 'doc_21', 'doc_10', 'doc_1', 'doc_17']",1.0,1,5,82
56cf69144df3c31400b0d749,Frédéric_Chopin,doc_13,"['doc_58', 'doc_13', 'doc_12', 'doc_2', 'doc_9']",0.5,1,5,82
56d3148359d6e41400146218,Frédéric_Chopin,doc_13,"['doc_13', 'doc_21', 'doc_9', 'doc_1', 'doc_10']",1.0,1,5,82
56d3148359d6e41400146219,Frédéric_Chopin,doc_13,"['doc_13', 'doc_21', 'doc_17', 'doc_47', 'doc_1']",1.0,1,5,82
56d3148359d6e4140014621a,Frédéric_Chopin,doc_13,"['doc_13', 'doc_21', 'doc_17', 'doc_47', 'doc_1']",1.0,1,5,82
56d3148359d6e4140014621b,Frédéric_Chopin,doc_13,"['doc_13', 'doc_29', 'doc_23', 'doc_20', 'doc_75']",1.0,1,5,82
56d3148359d6e4140014621c,Frédéric_Chopin,doc_13,"['doc_13', 'doc_21', 'doc_47', 'doc_1', 'doc_20']",1.0,1,5,82
56cbedde6d243a140015edf2,Frédéric_Chopin,doc_14,"['doc_14', 'doc_56', 'doc_34', 'doc_70', 'doc_69']",1.0,1,5,82
56cbedde6d243a140015edf4,Frédéric_Chopin,doc_14,"['doc_43', 'doc_14', 'doc_13', 'doc_19', 'doc_15']",0.5,1,5,82
56cbedde6d243a140015edf5,Frédéric_Chopin,doc_14,"['doc_20', 'doc_14', 'doc_43', 'doc_44', 'doc_19']",0.5,1,5,82
56cbedde6d243a140015edf6,Frédéric_Chopin,doc_14,"['doc_14', 'doc_0', 'doc_69', 'doc_7', 'doc_29']",1.0,1,5,82
56cf6af94df3c31400b0d761,Frédéric_Chopin,doc_14,"['doc_14', 'doc_2', 'doc_76', 'doc_55', 'doc_33']",1.0,1,5,82
56cf6af94df3c31400b0d762,Frédéric_Chopin,doc_14,"['doc_19', 'doc_14', 'doc_9', 'doc_1', 'doc_20']",0.5,1,5,82
56cf6af94df3c31400b0d763,Frédéric_Chopin,doc_14,"['doc_14', 'doc_9', 'doc_10', 'doc_19', 'doc_13']",1.0,1,5,82
56cf6af94df3c31400b0d764,Frédéric_Chopin,doc_14,"['doc_10', 'doc_15', 'doc_47', 'doc_9', 'doc_4']",0.0,0,5,82
56cf6af94df3c31400b0d765,Frédéric_Chopin,doc_14,"['doc_73', 'doc_79', 'doc_77', 'doc_75', 'doc_71']",0.0,0,5,82
56d315d159d6e41400146222,Frédéric_Chopin,doc_14,"['doc_14', 'doc_9', 'doc_0', 'doc_12', 'doc_13']",1.0,1,5,82
56d315d159d6e41400146223,Frédéric_Chopin,doc_14,"['doc_19', 'doc_9', 'doc_14', 'doc_1', 'doc_0']",0.3333333333333333,1,5,82
56d315d159d6e41400146224,Frédéric_Chopin,doc_14,"['doc_19', 'doc_20', 'doc_9', 'doc_14', 'doc_34']",0.25,1,5,82
56d315d159d6e41400146225,Frédéric_Chopin,doc_14,"['doc_19', 'doc_9', 'doc_14', 'doc_34', 'doc_20']",0.3333333333333333,1,5,82
56cbef3a6d243a140015edfc,Frédéric_Chopin,doc_15,"['doc_43', 'doc_15', 'doc_16', 'doc_4', 'doc_28']",0.5,1,5,82
56cbef3a6d243a140015edfd,Frédéric_Chopin,doc_15,"['doc_43', 'doc_15', 'doc_28', 'doc_16', 'doc_6']",0.5,1,5,82
56cbef3a6d243a140015edfe,Frédéric_Chopin,doc_15,"['doc_15', 'doc_8', 'doc_10', 'doc_12', 'doc_4']",1.0,1,5,82
56cbef3a6d243a140015ee00,Frédéric_Chopin,doc_15,"['doc_18', 'doc_15', 'doc_6', 'doc_1', 'doc_16']",0.5,1,5,82
56cf6ca44df3c31400b0d777,Frédéric_Chopin,doc_15,"['doc_15', 'doc_1', 'doc_0', 'doc_16', 'doc_76']",1.0,1,5,82
56cf6ca44df3c31400b0d778,Frédéric_Chopin,doc_15,"['doc_21', 'doc_1', 'doc_15', 'doc_13', 'doc_47']",0.3333333333333333,1,5,82
56cf6ca44df3c31400b0d779,Frédéric_Chopin,doc_15,"['doc_15', 'doc_21', 'doc_1', 'doc_13', 'doc_47']",1.0,1,5,82
56cf6ca44df3c31400b0d77a,Frédéric_Chopin,doc_15,"['doc_15', 'doc_12', 'doc_10', 'doc_9', 'doc_6']",1.0,1,5,82
56d3171959d6e4140014622c,Frédéric_Chopin,doc_15,"['doc_15', 'doc_41', 'doc_10', 'doc_13', 'doc_1']",1.0,1,5,82
56d3171959d6e4140014622d,Frédéric_Chopin,doc_15,"['doc_15', 'doc_21', 'doc_1', 'doc_13', 'doc_18']",1.0,1,5,82
56d3171959d6e4140014622e,Frédéric_Chopin,doc_15,"['doc_4', 'doc_15', 'doc_8', 'doc_10', 'doc_9']",0.5,1,5,82
56d3171959d6e4140014622f,Frédéric_Chopin,doc_15,"['doc_10', 'doc_12', 'doc_21', 'doc_1', 'doc_47']",0.0,0,5,82
56d3171959d6e41400146230,Frédéric_Chopin,doc_15,"['doc_15', 'doc_0', 'doc_9', 'doc_4', 'doc_76']",1.0,1,5,82
56cbf12a6d243a140015ee06,Frédéric_Chopin,doc_16,"['doc_43', 'doc_47', 'doc_17', 'doc_22', 'doc_28']",0.0,0,5,82
56cbf12a6d243a140015ee07,Frédéric_Chopin,doc_16,"['doc_16', 'doc_5', 'doc_6', 'doc_0', 'doc_43']",1.0,1,5,82
56cbf12a6d243a140015ee08,Frédéric_Chopin,doc_16,"['doc_16', 'doc_0', 'doc_6', 'doc_4', 'doc_5']",1.0,1,5,82
56cbf12a6d243a140015ee09,Frédéric_Chopin,doc_16,"['doc_16', 'doc_18', 'doc_5', 'doc_78', 'doc_6']",1.0,1,5,82
56cbf12a6d243a140015ee0a,Frédéric_Chopin,doc_16,"['doc_16', 'doc_78', 'doc_76', 'doc_0', 'doc_77']",1.0,1,5,82
56cf6d3e4df3c31400b0d781,Frédéric_Chopin,doc_16,"['doc_47', 'doc_1', 'doc_17', 'doc_20', 'doc_19']",0.0,0,5,82
56cf6d3e4df3c31400b0d782,Frédéric_Chopin,doc_16,"['doc_16', 'doc_78', 'doc_15', 'doc_76', 'doc_3']",1.0,1,5,82
56cf6d3e4df3c31400b0d783,Frédéric_Chopin,doc_16,"['doc_16', 'doc_0', 'doc_1', 'doc_19', 'doc_4']",1.0,1,5,82
56cf6d3e4df3c31400b0d784,Frédéric_Chopin,doc_16,"['doc_38', 'doc_18', 'doc_12', 'doc_35', 'doc_1']",0.0,0,5,82
56d318f359d6e41400146236,Frédéric_Chopin,doc_16,"['doc_16', 'doc_1', 'doc_15', 'doc_10', 'doc_47']",1.0,1,5,82
56d318f359d6e41400146237,Frédéric_Chopin,doc_16,"['doc_16', 'doc_43', 'doc_1', 'doc_44', 'doc_21']",1.0,1,5,82
56d318f359d6e41400146238,Frédéric_Chopin,doc_16,"['doc_16', 'doc_1', 'doc_0', 'doc_38', 'doc_67']",1.0,1,5,82
56d318f359d6e41400146239,Frédéric_Chopin,doc_16,"['doc_16', 'doc_38', 'doc_1', 'doc_79', 'doc_76']",1.0,1,5,82
56d318f359d6e4140014623a,Frédéric_Chopin,doc_16,"['doc_16', 'doc_15', 'doc_78', 'doc_10', 'doc_3']",1.0,1,5,82
56cbf37e6d243a140015ee10,Frédéric_Chopin,doc_17,"['doc_43', 'doc_17', 'doc_19', 'doc_20', 'doc_3']",0.5,1,5,82
56cbf37e6d243a140015ee12,Frédéric_Chopin,doc_17,"['doc_18', 'doc_6', 'doc_8', 'doc_17', 'doc_5']",0.25,1,5,82
56cbf37e6d243a140015ee13,Frédéric_Chopin,doc_17,"['doc_38', 'doc_7', 'doc_53', 'doc_17', 'doc_78']",0.25,1,5,82
56cf6e0d4df3c31400b0d789,Frédéric_Chopin,doc_17,"['doc_38', 'doc_80', 'doc_17', 'doc_76', 'doc_2']",0.3333333333333333,1,5,82
56cf6e0d4df3c31400b0d78a,Frédéric_Chopin,doc_17,"['doc_17', 'doc_47', 'doc_1', 'doc_22', 'doc_20']",1.0,1,5,82
56d319d459d6e41400146240,Frédéric_Chopin,doc_17,"['doc_17', 'doc_1', 'doc_12', 'doc_47', 'doc_22']",1.0,1,5,82
56d319d459d6e41400146241,Frédéric_Chopin,doc_17,"['doc_17', 'doc_1', 'doc_47', 'doc_19', 'doc_20']",1.0,1,5,82
56cbf5106d243a140015ee18,Frédéric_Chopin,doc_18,"['doc_43', 'doc_18', 'doc_1', 'doc_47', 'doc_32']",0.5,1,5,82
56cbf5106d243a140015ee19,Frédéric_Chopin,doc_18,"['doc_18', 'doc_48', 'doc_43', 'doc_47', 'doc_17']",1.0,1,5,82
56cbf5106d243a140015ee1a,Frédéric_Chopin,doc_18,"['doc_18', 'doc_5', 'doc_6', 'doc_7', 'doc_49']",1.0,1,5,82
56cbf5106d243a140015ee1b,Frédéric_Chopin,doc_18,"['doc_18', 'doc_43', 'doc_47', 'doc_75', 'doc_17']",1.0,1,5,82
56cbf5106d243a140015ee1c,Frédéric_Chopin,doc_18,"['doc_18', 'doc_17', 'doc_23', 'doc_16', 'doc_43']",1.0,1,5,82
56cf6f874df3c31400b0d796,Frédéric_Chopin,doc_18,"['doc_18', 'doc_43', 'doc_17', 'doc_12', 'doc_47']",1.0,1,5,82
56d31b3759d6e41400146244,Frédéric_Chopin,doc_18,"['doc_18', 'doc_12', 'doc_1', 'doc_43', 'doc_32']",1.0,1,5,82
56d31b3759d6e41400146245,Frédéric_Chopin,doc_18,"['doc_19', 'doc_17', 'doc_1', 'doc_47', 'doc_20']",0.0,0,5,82
56d31b3759d6e41400146246,Frédéric_Chopin,doc_18,"['doc_18', 'doc_12', 'doc_1', 'doc_24', 'doc_48']",1.0,1,5,82
56d31b3759d6e41400146247,Frédéric_Chopin,doc_18,"['doc_18', 'doc_12', 'doc_47', 'doc_1', 'doc_49']",1.0,1,5,82
56d31b3759d6e41400146248,Frédéric_Chopin,doc_18,"['doc_12', 'doc_18', 'doc_23', 'doc_47', 'doc_17']",0.5,1,5,82
56cbf7d16d243a140015ee22,Frédéric_Chopin,doc_19,"['doc_19', 'doc_20', 'doc_79', 'doc_34', 'doc_75']",1.0,1,5,82
56cbf7d16d243a140015ee23,Frédéric_Chopin,doc_19,"['doc_20', 'doc_43', 'doc_19', 'doc_23', 'doc_29']",0.3333333333333333,1,5,82
56cbf7d16d243a140015ee24,Frédéric_Chopin,doc_19,"['doc_73', 'doc_34', 'doc_62', 'doc_20', 'doc_75']",0.0,0,5,82
56cbf7d16d243a140015ee25,Frédéric_Chopin,doc_19,"['doc_19', 'doc_1', 'doc_43', 'doc_18', 'doc_47']",1.0,1,5,82
56cf70c74df3c31400b0d799,Frédéric_Chopin,doc_19,"['doc_19', 'doc_12', 'doc_1', 'doc_9', 'doc_20']",1.0,1,5,82
56cf70c74df3c31400b0d79a,Frédéric_Chopin,doc_19,"['doc_19', 'doc_20', 'doc_14', 'doc_0', 'doc_9']",1.0,1,5,82
56cf70c74df3c31400b0d79c,Frédéric_Chopin,doc_19,"['doc_19', 'doc_12', 'doc_1', 'doc_18', 'doc_6']",1.0,1,5,82
56d31bfb59d6e4140014624e,Frédéric_Chopin,doc_19,"['doc_19', 'doc_9', 'doc_21', 'doc_1', 'doc_80']",1.0,1,5,82
56d31bfb59d6e41400146250,Frédéric_Chopin,doc_19,"['doc_20', 'doc_73', 'doc_19', 'doc_34', 'doc_62']",0.3333333333333333,1,5,82
56d31bfb59d6e41400146252,Frédéric_Chopin,doc_19,"['doc_19', 'doc_20', 'doc_34', 'doc_1', 'doc_47']",1.0,1,5,82
56cbfa0e6d243a140015ee2d,Frédéric_Chopin,doc_20,"['doc_20', 'doc_73', 'doc_43', 'doc_29', 'doc_47']",1.0,1,5,82
56cbfa0e6d243a140015ee2e,Frédéric_Chopin,doc_20,"['doc_29', 'doc_20', 'doc_43', 'doc_23', 'doc_9']",0.5,1,5,82
56cf75794df3c31400b0d7d1,Frédéric_Chopin,doc_20,"['doc_20', 'doc_34', 'doc_41', 'doc_33', 'doc_47']",1.0,1,5,82
56cf75794df3c31400b0d7d2,Frédéric_Chopin,doc_20,"['doc_80', 'doc_24', 'doc_23', 'doc_22', 'doc_33']",0.0,0,5,82
56cf75794df3c31400b0d7d3,Frédéric_Chopin,doc_20,"['doc_61', 'doc_20', 'doc_19', 'doc_9', 'doc_1']",0.5,1,5,82
56cf75794df3c31400b0d7d4,Frédéric_Chopin,doc_20,"['doc_12', 'doc_81', 'doc_18', 'doc_1', 'doc_34']",0.0,0,5,82
56d31dcb59d6e41400146259,Frédéric_Chopin,doc_20,"['doc_20', 'doc_19', 'doc_47', 'doc_1', 'doc_44']",1.0,1,5,82
56d31dcb59d6e4140014625b,Frédéric_Chopin,doc_20,"['doc_20', 'doc_13', 'doc_0', 'doc_19', 'doc_29']",1.0,1,5,82
56d31dcb59d6e4140014625c,Frédéric_Chopin,doc_20,"['doc_61', 'doc_20', 'doc_19', 'doc_9', 'doc_1']",0.5,1,5,82
56cbfbdd6d243a140015ee36,Frédéric_Chopin,doc_21,"['doc_21', 'doc_43', 'doc_23', 'doc_22', 'doc_13']",1.0,1,5,82
56cbfbdd6d243a140015ee37,Frédéric_Chopin,doc_21,"['doc_13', 'doc_21', 'doc_23', 'doc_17', 'doc_43']",0.5,1,5,82
56cbfbdd6d243a140015ee38,Frédéric_Chopin,doc_21,"['doc_6', 'doc_43', 'doc_17', 'doc_21', 'doc_18']",0.25,1,5,82
56cbfbdd6d243a140015ee39,Frédéric_Chopin,doc_21,"['doc_28', 'doc_48', 'doc_6', 'doc_47', 'doc_21']",0.2,1,5,82
56cf7b8a4df3c31400b0d81f,Frédéric_Chopin,doc_21,"['doc_21', 'doc_23', 'doc_13', 'doc_22', 'doc_17']",1.0,1,5,82
56cf7b8a4df3c31400b0d820,Frédéric_Chopin,doc_21,"['doc_21', 'doc_13', 'doc_12', 'doc_47', 'doc_20']",1.0,1,5,82
56cf7b8a4df3c31400b0d821,Frédéric_Chopin,doc_21,"['doc_21', 'doc_10', 'doc_6', 'doc_47', 'doc_13']",1.0,1,5,82
56cf7b8a4df3c31400b0d822,Frédéric_Chopin,doc_21,"['doc_25', 'doc_21', 'doc_1', 'doc_12', 'doc_9']",0.5,1,5,82
56cf7b8a4df3c31400b0d823,Frédéric_Chopin,doc_21,"['doc_25', 'doc_32', 'doc_21', 'doc_26', 'doc_5']",0.3333333333333333,1,5,82
56d31f8a59d6e41400146262,Frédéric_Chopin,doc_21,"['doc_17', 'doc_22', 'doc_1', 'doc_21', 'doc_47']",0.25,1,5,82
56d31f8a59d6e41400146263,Frédéric_Chopin,doc_21,"['doc_21', 'doc_47', 'doc_17', 'doc_28', 'doc_26']",1.0,1,5,82
56d31f8a59d6e41400146264,Frédéric_Chopin,doc_21,"['doc_13', 'doc_1', 'doc_19', 'doc_6', 'doc_21']",0.2,1,5,82
56d31f8a59d6e41400146266,Frédéric_Chopin,doc_21,"['doc_25', 'doc_12', 'doc_21', 'doc_1', 'doc_0']",0.3333333333333333,1,5,82
56cbfcda6d243a140015ee40,Frédéric_Chopin,doc_22,"['doc_47', 'doc_43', 'doc_48', 'doc_21', 'doc_27']",0.0,0,5,82
56cbfcda6d243a140015ee41,Frédéric_Chopin,doc_22,"['doc_12', 'doc_22', 'doc_21', 'doc_18', 'doc_25']",0.5,1,5,82
56cbfcda6d243a140015ee42,Frédéric_Chopin,doc_22,"['doc_20', 'doc_22', 'doc_43', 'doc_23', 'doc_29']",0.5,1,5,82
56cf75c64df3c31400b0d7d9,Frédéric_Chopin,doc_22,"['doc_22', 'doc_23', 'doc_24', 'doc_1', 'doc_20']",1.0,1,5,82
56d3202159d6e4140014626d,Frédéric_Chopin,doc_22,"['doc_24', 'doc_23', 'doc_80', 'doc_22', 'doc_12']",0.25,1,5,82
56d3202159d6e4140014626f,Frédéric_Chopin,doc_22,"['doc_20', 'doc_19', 'doc_23', 'doc_9', 'doc_47']",0.0,0,5,82
56cbff116d243a140015ee46,Frédéric_Chopin,doc_23,"['doc_47', 'doc_28', 'doc_48', 'doc_43', 'doc_6']",0.0,0,5,82
56cbff116d243a140015ee47,Frédéric_Chopin,doc_23,"['doc_23', 'doc_24', 'doc_22', 'doc_1', 'doc_47']",1.0,1,5,82
56cbff116d243a140015ee48,Frédéric_Chopin,doc_23,"['doc_23', 'doc_22', 'doc_24', 'doc_20', 'doc_1']",1.0,1,5,82
56cbff116d243a140015ee49,Frédéric_Chopin,doc_23,"['doc_43', 'doc_44', 'doc_23', 'doc_20', 'doc_19']",0.3333333333333333,1,5,82
56cbff116d243a140015ee4a,Frédéric_Chopin,doc_23,"['doc_43', 'doc_23', 'doc_44', 'doc_20', 'doc_46']",0.5,1,5,82
56cf7c234df3c31400b0d832,Frédéric_Chopin,doc_23,"['doc_23', 'doc_22', 'doc_24', 'doc_20', 'doc_80']",1.0,1,5,82
56cf7c234df3c31400b0d834,Frédéric_Chopin,doc_23,"['doc_23', 'doc_24', 'doc_46', 'doc_20', 'doc_22']",1.0,1,5,82
56cf7c234df3c31400b0d835,Frédéric_Chopin,doc_23,"['doc_23', 'doc_24', 'doc_22', 'doc_20', 'doc_1']",1.0,1,5,82
56d320bf59d6e41400146274,Frédéric_Chopin,doc_23,"['doc_23', 'doc_1', 'doc_24', 'doc_22', 'doc_17']",1.0,1,5,82
56d320bf59d6e41400146276,Frédéric_Chopin,doc_23,"['doc_23', 'doc_24', 'doc_22', 'doc_20', 'doc_1']",1.0,1,5,82
56d320bf59d6e41400146277,Frédéric_Chopin,doc_23,"['doc_23', 'doc_22', 'doc_20', 'doc_24', 'doc_19']",1.0,1,5,82
56cc02376d243a140015ee50,Frédéric_Chopin,doc_24,"['doc_24', 'doc_23', 'doc_80', 'doc_22', 'doc_75']",1.0,1,5,82
56cc02376d243a140015ee51,Frédéric_Chopin,doc_24,"['doc_22', 'doc_24', 'doc_80', 'doc_23', 'doc_75']",0.5,1,5,82
56cc02376d243a140015ee52,Frédéric_Chopin,doc_24,"['doc_23', 'doc_24', 'doc_22', 'doc_56', 'doc_80']",0.5,1,5,82
56cc02376d243a140015ee53,Frédéric_Chopin,doc_24,"['doc_22', 'doc_23', 'doc_24', 'doc_80', 'doc_1']",0.3333333333333333,1,5,82
56cfdb3e234ae51400d9bf7d,Frédéric_Chopin,doc_24,"['doc_80', 'doc_24', 'doc_23', 'doc_22', 'doc_29']",0.5,1,5,82
56cfdb3e234ae51400d9bf7f,Frédéric_Chopin,doc_24,"['doc_24', 'doc_23', 'doc_22', 'doc_1', 'doc_80']",1.0,1,5,82
56d3227259d6e4140014627e,Frédéric_Chopin,doc_24,"['doc_81', 'doc_12', 'doc_67', 'doc_0', 'doc_24']",0.2,1,5,82
56d3227259d6e4140014627f,Frédéric_Chopin,doc_24,"['doc_76', 'doc_24', 'doc_80', 'doc_77', 'doc_70']",0.5,1,5,82
56d3227259d6e41400146280,Frédéric_Chopin,doc_24,"['doc_24', 'doc_23', 'doc_22', 'doc_1', 'doc_80']",1.0,1,5,82
56d3227259d6e41400146281,Frédéric_Chopin,doc_24,"['doc_31', 'doc_24', 'doc_34', 'doc_12', 'doc_76']",0.5,1,5,82
56d3227259d6e41400146282,Frédéric_Chopin,doc_24,"['doc_24', 'doc_23', 'doc_1', 'doc_22', 'doc_80']",1.0,1,5,82
56cc06496d243a140015ee5a,Frédéric_Chopin,doc_25,"['doc_26', 'doc_32', 'doc_25', 'doc_28', 'doc_43']",0.3333333333333333,1,5,82
56cc06496d243a140015ee5d,Frédéric_Chopin,doc_25,"['doc_25', 'doc_26', 'doc_21', 'doc_32', 'doc_28']",1.0,1,5,82
56cc06496d243a140015ee5e,Frédéric_Chopin,doc_25,"['doc_25', 'doc_32', 'doc_26', 'doc_28', 'doc_1']",1.0,1,5,82
56cfdc7f234ae51400d9bf8b,Frédéric_Chopin,doc_25,"['doc_25', 'doc_17', 'doc_1', 'doc_47', 'doc_21']",1.0,1,5,82
56cfdc7f234ae51400d9bf8e,Frédéric_Chopin,doc_25,"['doc_25', 'doc_21', 'doc_1', 'doc_12', 'doc_15']",1.0,1,5,82
56cfdc7f234ae51400d9bf8f,Frédéric_Chopin,doc_25,"['doc_21', 'doc_12', 'doc_27', 'doc_25', 'doc_53']",0.25,1,5,82
56d3234159d6e41400146288,Frédéric_Chopin,doc_25,"['doc_26', 'doc_28', 'doc_25', 'doc_1', 'doc_32']",0.3333333333333333,1,5,82
56d3234159d6e41400146289,Frédéric_Chopin,doc_25,"['doc_25', 'doc_21', 'doc_12', 'doc_1', 'doc_15']",1.0,1,5,82
56d3234159d6e4140014628b,Frédéric_Chopin,doc_25,"['doc_21', 'doc_12', 'doc_25', 'doc_27', 'doc_10']",0.3333333333333333,1,5,82
56d3234159d6e4140014628c,Frédéric_Chopin,doc_25,"['doc_32', 'doc_25', 'doc_26', 'doc_28', 'doc_1']",0.5,1,5,82
56cc07886d243a140015ee64,Frédéric_Chopin,doc_26,"['doc_43', 'doc_47', 'doc_28', 'doc_21', 'doc_26']",0.2,1,5,82
56cc07886d243a140015ee65,Frédéric_Chopin,doc_26,"['doc_43', 'doc_47', 'doc_51', 'doc_28', 'doc_48']",0.0,0,5,82
56cc07886d243a140015ee66,Frédéric_Chopin,doc_26,"['doc_32', 'doc_26', 'doc_25', 'doc_28', 'doc_1']",0.5,1,5,82
56cc07886d243a140015ee67,Frédéric_Chopin,doc_26,"['doc_26', 'doc_28', 'doc_32', 'doc_25', 'doc_47']",1.0,1,5,82
56cc07886d243a140015ee68,Frédéric_Chopin,doc_26,"['doc_26', 'doc_28', 'doc_32', 'doc_25', 'doc_1']",1.0,1,5,82
56cfdd64234ae51400d9bf97,Frédéric_Chopin,doc_26,"['doc_44', 'doc_47', 'doc_1', 'doc_48', 'doc_21']",0.0,0,5,82
56cfdd64234ae51400d9bf98,Frédéric_Chopin,doc_26,"['doc_44', 'doc_45', 'doc_43', 'doc_26', 'doc_6']",0.25,1,5,82
56cfdd64234ae51400d9bf99,Frédéric_Chopin,doc_26,"['doc_26', 'doc_32', 'doc_25', 'doc_28', 'doc_1']",1.0,1,5,82
56cfdd64234ae51400d9bf9a,Frédéric_Chopin,doc_26,"['doc_26', 'doc_28', 'doc_32', 'doc_25', 'doc_1']",1.0,1,5,82
56cfdd64234ae51400d9bf9b,Frédéric_Chopin,doc_26,"['doc_26', 'doc_28', 'doc_32', 'doc_25', 'doc_1']",1.0,1,5,82
56d323fb59d6e41400146292,Frédéric_Chopin,doc_26,"['doc_26', 'doc_32', 'doc_25', 'doc_28', 'doc_1']",1.0,1,5,82
56d323fb59d6e41400146293,Frédéric_Chopin,doc_26,"['doc_28', 'doc_26', 'doc_47', 'doc_1', 'doc_32']",0.5,1,5,82
56d323fb59d6e41400146294,Frédéric_Chopin,doc_26,"['doc_26', 'doc_28', 'doc_32', 'doc_25', 'doc_1']",1.0,1,5,82
56d323fb59d6e41400146295,Frédéric_Chopin,doc_26,"['doc_26', 'doc_28', 'doc_32', 'doc_25', 'doc_1']",1.0,1,5,82
56d323fb59d6e41400146296,Frédéric_Chopin,doc_26,"['doc_26', 'doc_28', 'doc_32', 'doc_1', 'doc_25']",1.0,1,5,82
56cc08eb6d243a140015ee6e,Frédéric_Chopin,doc_27,"['doc_27', 'doc_48', 'doc_47', 'doc_51', 'doc_31']",1.0,1,5,82
56cc08eb6d243a140015ee6f,Frédéric_Chopin,doc_27,"['doc_31', 'doc_27', 'doc_34', 'doc_47', 'doc_75']",0.5,1,5,82
56cc08eb6d243a140015ee70,Frédéric_Chopin,doc_27,"['doc_27', 'doc_31', 'doc_47', 'doc_28', 'doc_75']",1.0,1,5,82
56cfddc4234ae51400d9bfa1,Frédéric_Chopin,doc_27,"['doc_47', 'doc_27', 'doc_31', 'doc_1', 'doc_12']",0.5,1,5,82
56cfddc4234ae51400d9bfa2,Frédéric_Chopin,doc_27,"['doc_27', 'doc_47', 'doc_0', 'doc_21', 'doc_9']",1.0,1,5,82
56d347fb59d6e4140014629c,Frédéric_Chopin,doc_27,"['doc_76', 'doc_73', 'doc_71', 'doc_31', 'doc_79']",0.0,0,5,82
56d347fb59d6e4140014629d,Frédéric_Chopin,doc_27,"['doc_27', 'doc_26', 'doc_1', 'doc_28', 'doc_47']",1.0,1,5,82
56d347fb59d6e4140014629f,Frédéric_Chopin,doc_27,"['doc_27', 'doc_28', 'doc_26', 'doc_47', 'doc_44']",1.0,1,5,82
56d347fb59d6e414001462a0,Frédéric_Chopin,doc_27,"['doc_12', 'doc_27', 'doc_81', 'doc_21', 'doc_1']",0.5,1,5,82
56cc0d816d243a140015ee78,Frédéric_Chopin,doc_28,"['doc_48', 'doc_31', 'doc_50', 'doc_47', 'doc_28']",0.2,1,5,82
56cc0d816d243a140015ee79,Frédéric_Chopin,doc_28,"['doc_28', 'doc_26', 'doc_32', 'doc_25', 'doc_1']",1.0,1,5,82
56cc0d816d243a140015ee7a,Frédéric_Chopin,doc_28,"['doc_43', 'doc_28', 'doc_47', 'doc_48', 'doc_51']",0.5,1,5,82
56cc0d816d243a140015ee7b,Frédéric_Chopin,doc_28,"['doc_28', 'doc_26', 'doc_32', 'doc_25', 'doc_10']",1.0,1,5,82
56cc0d816d243a140015ee7c,Frédéric_Chopin,doc_28,"['doc_28', 'doc_26', 'doc_32', 'doc_25', 'doc_23']",1.0,1,5,82
56cfde92234ae51400d9bfb7,Frédéric_Chopin,doc_28,"['doc_28', 'doc_26', 'doc_32', 'doc_25', 'doc_1']",1.0,1,5,82
56cfde92234ae51400d9bfb8,Frédéric_Chopin,doc_28,"['doc_28', 'doc_43', 'doc_26', 'doc_51', 'doc_13']",1.0,1,5,82
56cfde92234ae51400d9bfb9,Frédéric_Chopin,doc_28,"['doc_26', 'doc_32', 'doc_28', 'doc_25', 'doc_10']",0.3333333333333333,1,5,82
56cfde92234ae51400d9bfba,Frédéric_Chopin,doc_28,"['doc_47', 'doc_28', 'doc_48', 'doc_1', 'doc_11']",0.5,1,5,82
56cfde92234ae51400d9bfbb,Frédéric_Chopin,doc_28,"['doc_28', 'doc_26', 'doc_25', 'doc_32', 'doc_1']",1.0,1,5,82
56d34c7c59d6e414001462a6,Frédéric_Chopin,doc_28,"['doc_31', 'doc_1', 'doc_47', 'doc_27', 'doc_50']",0.0,0,5,82
56d34c7c59d6e414001462a7,Frédéric_Chopin,doc_28,"['doc_28', 'doc_26', 'doc_32', 'doc_25', 'doc_53']",1.0,1,5,82
56d34c7c59d6e414001462a8,Frédéric_Chopin,doc_28,"['doc_28', 'doc_43', 'doc_26', 'doc_21', 'doc_45']",1.0,1,5,82
56d34c7c59d6e414001462a9,Frédéric_Chopin,doc_28,"['doc_28', 'doc_26', 'doc_1', 'doc_25', 'doc_32']",1.0,1,5,82
56d34c7c59d6e414001462aa,Frédéric_Chopin,doc_28,"['doc_43', 'doc_28', 'doc_26', 'doc_10', 'doc_47']",0.5,1,5,82
56cc0f056d243a140015ee83,Frédéric_Chopin,doc_29,"['doc_26', 'doc_28', 'doc_32', 'doc_25', 'doc_1']",0.0,0,5,82
56cc0f056d243a140015ee84,Frédéric_Chopin,doc_29,"['doc_29', 'doc_26', 'doc_28', 'doc_32', 'doc_23']",1.0,1,5,82
56cfdf00234ae51400d9bfc7,Frédéric_Chopin,doc_29,"['doc_29', 'doc_52', 'doc_49', 'doc_53', 'doc_1']",1.0,1,5,82
56cfdf00234ae51400d9bfc8,Frédéric_Chopin,doc_29,"['doc_29', 'doc_52', 'doc_49', 'doc_53', 'doc_20']",1.0,1,5,82
56cfdf00234ae51400d9bfc9,Frédéric_Chopin,doc_29,"['doc_29', 'doc_52', 'doc_49', 'doc_20', 'doc_53']",1.0,1,5,82
56d34dea59d6e414001462b0,Frédéric_Chopin,doc_29,"['doc_29', 'doc_1', 'doc_49', 'doc_52', 'doc_0']",1.0,1,5,82
56d34dea59d6e414001462b1,Frédéric_Chopin,doc_29,"['doc_52', 'doc_29', 'doc_49', 'doc_53', 'doc_46']",0.5,1,5,82
56d34dea59d6e414001462b3,Frédéric_Chopin,doc_29,"['doc_29', 'doc_43', 'doc_42', 'doc_52', 'doc_51']",1.0,1,5,82
56d34dea59d6e414001462b4,Frédéric_Chopin,doc_29,"['doc_51', 'doc_29', 'doc_53', 'doc_58', 'doc_39']",0.5,1,5,82
56cc100b6d243a140015ee8a,Frédéric_Chopin,doc_30,"['doc_30', 'doc_28', 'doc_47', 'doc_56', 'doc_29']",1.0,1,5,82
56cc100b6d243a140015ee8c,Frédéric_Chopin,doc_30,"['doc_12', 'doc_81', 'doc_18', 'doc_47', 'doc_13']",0.0,0,5,82
56cc100b6d243a140015ee8d,Frédéric_Chopin,doc_30,"['doc_30', 'doc_47', 'doc_28', 'doc_43', 'doc_27']",1.0,1,5,82
56cfdf7b234ae51400d9bfd6,Frédéric_Chopin,doc_30,"['doc_30', 'doc_47', 'doc_12', 'doc_1', 'doc_17']",1.0,1,5,82
56d34ffe59d6e414001462bb,Frédéric_Chopin,doc_30,"['doc_30', 'doc_47', 'doc_17', 'doc_28', 'doc_12']",1.0,1,5,82
56d34ffe59d6e414001462bc,Frédéric_Chopin,doc_30,"['doc_71', 'doc_30', 'doc_19', 'doc_79', 'doc_55']",0.5,1,5,82
56d34ffe59d6e414001462bd,Frédéric_Chopin,doc_30,"['doc_30', 'doc_43', 'doc_28', 'doc_47', 'doc_26']",1.0,1,5,82
56cc12376d243a140015ee92,Frédéric_Chopin,doc_31,"['doc_31', 'doc_27', 'doc_33', 'doc_1', 'doc_47']",1.0,1,5,82
56cc12376d243a140015ee93,Frédéric_Chopin,doc_31,"['doc_31', 'doc_27', 'doc_47', 'doc_49', 'doc_1']",1.0,1,5,82
56cc12376d243a140015ee94,Frédéric_Chopin,doc_31,"['doc_31', 'doc_46', 'doc_27', 'doc_47', 'doc_1']",1.0,1,5,82
56cc12376d243a140015ee95,Frédéric_Chopin,doc_31,"['doc_20', 'doc_31', 'doc_9', 'doc_44', 'doc_19']",0.5,1,5,82
56cc12376d243a140015ee96,Frédéric_Chopin,doc_31,"['doc_31', 'doc_50', 'doc_79', 'doc_27', 'doc_1']",1.0,1,5,82
56cfe09e234ae51400d9bfd9,Frédéric_Chopin,doc_31,"['doc_31', 'doc_27', 'doc_1', 'doc_47', 'doc_46']",1.0,1,5,82
56cfe09e234ae51400d9bfda,Frédéric_Chopin,doc_31,"['doc_31', 'doc_34', 'doc_20', 'doc_46', 'doc_27']",1.0,1,5,82
56cfe09e234ae51400d9bfdb,Frédéric_Chopin,doc_31,"['doc_31', 'doc_50', 'doc_79', 'doc_1', 'doc_38']",1.0,1,5,82
56d3536159d6e414001462c2,Frédéric_Chopin,doc_31,"['doc_31', 'doc_27', 'doc_46', 'doc_47', 'doc_1']",1.0,1,5,82
56d3536159d6e414001462c3,Frédéric_Chopin,doc_31,"['doc_31', 'doc_47', 'doc_1', 'doc_27', 'doc_33']",1.0,1,5,82
56d3536159d6e414001462c4,Frédéric_Chopin,doc_31,"['doc_20', 'doc_47', 'doc_31', 'doc_1', 'doc_34']",0.3333333333333333,1,5,82
56d3536159d6e414001462c5,Frédéric_Chopin,doc_31,"['doc_47', 'doc_31', 'doc_1', 'doc_48', 'doc_10']",0.5,1,5,82
56d3536159d6e414001462c6,Frédéric_Chopin,doc_31,"['doc_31', 'doc_50', 'doc_27', 'doc_48', 'doc_1']",1.0,1,5,82
56cc13956d243a140015ee9c,Frédéric_Chopin,doc_32,"['doc_32', 'doc_25', 'doc_26', 'doc_28', 'doc_36']",1.0,1,5,82
56cc13956d243a140015ee9d,Frédéric_Chopin,doc_32,"['doc_32', 'doc_25', 'doc_26', 'doc_24', 'doc_28']",1.0,1,5,82
56cc13956d243a140015ee9e,Frédéric_Chopin,doc_32,"['doc_32', 'doc_31', 'doc_25', 'doc_28', 'doc_26']",1.0,1,5,82
56cc13956d243a140015ee9f,Frédéric_Chopin,doc_32,"['doc_32', 'doc_26', 'doc_25', 'doc_28', 'doc_36']",1.0,1,5,82
56cc13956d243a140015eea0,Frédéric_Chopin,doc_32,"['doc_32', 'doc_26', 'doc_25', 'doc_28', 'doc_1']",1.0,1,5,82
56cfe169234ae51400d9bfeb,Frédéric_Chopin,doc_32,"['doc_32', 'doc_26', 'doc_25', 'doc_28', 'doc_1']",1.0,1,5,82
56cfe169234ae51400d9bfec,Frédéric_Chopin,doc_32,"['doc_32', 'doc_26', 'doc_25', 'doc_28', 'doc_36']",1.0,1,5,82
56cfe169234ae51400d9bfed,Frédéric_Chopin,doc_32,"['doc_32', 'doc_26', 'doc_25', 'doc_28', 'doc_36']",1.0,1,5,82
56d354c659d6e414001462cd,Frédéric_Chopin,doc_32,"['doc_32', 'doc_26', 'doc_25', 'doc_28', 'doc_53']",1.0,1,5,82
56d354c659d6e414001462ce,Frédéric_Chopin,doc_32,"['doc_32', 'doc_25', 'doc_26', 'doc_28', 'doc_24']",1.0,1,5,82
56d354c659d6e414001462cf,Frédéric_Chopin,doc_32,"['doc_32', 'doc_26', 'doc_25', 'doc_28', 'doc_36']",1.0,1,5,82
56d354c659d6e414001462d0,Frédéric_Chopin,doc_32,"['doc_32', 'doc_26', 'doc_25', 'doc_28', 'doc_1']",1.0,1,5,82
56cc15956d243a140015eea8,Frédéric_Chopin,doc_33,"['doc_33', 'doc_58', 'doc_69', 'doc_43', 'doc_59']",1.0,1,5,82
56cc15956d243a140015eea9,Frédéric_Chopin,doc_33,"['doc_33', 'doc_69', 'doc_63', 'doc_79', 'doc_62']",1.0,1,5,82
56cfe1d7234ae51400d9bff7,Frédéric_Chopin,doc_33,"['doc_33', 'doc_59', 'doc_54', 'doc_0', 'doc_2']",1.0,1,5,82
56cfe1d7234ae51400d9bff8,Frédéric_Chopin,doc_33,"['doc_33', 'doc_59', 'doc_54', 'doc_69', 'doc_58']",1.0,1,5,82
56cfe1d7234ae51400d9bff9,Frédéric_Chopin,doc_33,"['doc_33', 'doc_58', 'doc_69', 'doc_59', 'doc_0']",1.0,1,5,82
56d3af3e2ccc5a1400d82e41,Frédéric_Chopin,doc_33,"['doc_33', 'doc_59', 'doc_54', 'doc_69', 'doc_0']",1.0,1,5,82
56d3af3e2ccc5a1400d82e42,Frédéric_Chopin,doc_33,"['doc_33', 'doc_59', 'doc_54', 'doc_9', 'doc_69']",1.0,1,5,82
56d3af3e2ccc5a1400d82e44,Frédéric_Chopin,doc_33,"['doc_33', 'doc_59', 'doc_54', 'doc_0', 'doc_2']",1.0,1,5,82
56cc16bb6d243a140015eeb1,Frédéric_Chopin,doc_34,"['doc_46', 'doc_34', 'doc_1', 'doc_47', 'doc_20']",0.5,1,5,82
56cc16bb6d243a140015eeb2,Frédéric_Chopin,doc_34,"['doc_1', 'doc_34', 'doc_20', 'doc_46', 'doc_47']",0.5,1,5,82
56cfe20f234ae51400d9c003,Frédéric_Chopin,doc_34,"['doc_34', 'doc_46', 'doc_20', 'doc_1', 'doc_47']",1.0,1,5,82
56cfe20f234ae51400d9c004,Frédéric_Chopin,doc_34,"['doc_1', 'doc_20', 'doc_34', 'doc_12', 'doc_47']",0.3333333333333333,1,5,82
56d3ae792ccc5a1400d82e3a,Frédéric_Chopin,doc_34,"['doc_34', 'doc_33', 'doc_1', 'doc_15', 'doc_12']",1.0,1,5,82
56d3ae792ccc5a1400d82e3b,Frédéric_Chopin,doc_34,"['doc_34', 'doc_20', 'doc_1', 'doc_47', 'doc_46']",1.0,1,5,82
56d3ae792ccc5a1400d82e3c,Frédéric_Chopin,doc_34,"['doc_34', 'doc_29', 'doc_20', 'doc_0', 'doc_7']",1.0,1,5,82
56cea7efaab44d1400b888f5,Frédéric_Chopin,doc_35,"['doc_35', 'doc_41', 'doc_39', 'doc_36', 'doc_38']",1.0,1,5,82
56cea7efaab44d1400b888f6,Frédéric_Chopin,doc_35,"['doc_35', 'doc_37', 'doc_36', 'doc_39', 'doc_12']",1.0,1,5,82
56cea7efaab44d1400b888f7,Frédéric_Chopin,doc_35,"['doc_35', 'doc_50', 'doc_40', 'doc_36', 'doc_58']",1.0,1,5,82
56cf4d7eaab44d1400b88f80,Frédéric_Chopin,doc_35,"['doc_35', 'doc_41', 'doc_39', 'doc_36', 'doc_40']",1.0,1,5,82
56cf4d7eaab44d1400b88f81,Frédéric_Chopin,doc_35,"['doc_35', 'doc_40', 'doc_50', 'doc_51', 'doc_36']",1.0,1,5,82
56cf4d7eaab44d1400b88f82,Frédéric_Chopin,doc_35,"['doc_35', 'doc_37', 'doc_36', 'doc_23', 'doc_18']",1.0,1,5,82
56d3ad7a2ccc5a1400d82e2f,Frédéric_Chopin,doc_35,"['doc_35', 'doc_37', 'doc_36', 'doc_38', 'doc_18']",1.0,1,5,82
56cf4e5faab44d1400b88f90,Frédéric_Chopin,doc_36,"['doc_36', 'doc_37', 'doc_35', 'doc_42', 'doc_38']",1.0,1,5,82
56cf4e5faab44d1400b88f91,Frédéric_Chopin,doc_36,"['doc_36', 'doc_39', 'doc_38', 'doc_0', 'doc_35']",1.0,1,5,82
56cf4e5faab44d1400b88f92,Frédéric_Chopin,doc_36,"['doc_36', 'doc_42', 'doc_34', 'doc_1', 'doc_29']",1.0,1,5,82
56cf4e5faab44d1400b88f93,Frédéric_Chopin,doc_36,"['doc_36', 'doc_62', 'doc_39', 'doc_0', 'doc_37']",1.0,1,5,82
56cf4e5faab44d1400b88f94,Frédéric_Chopin,doc_36,"['doc_36', 'doc_38', 'doc_18', 'doc_3', 'doc_12']",1.0,1,5,82
56d3ad1d2ccc5a1400d82e24,Frédéric_Chopin,doc_36,"['doc_36', 'doc_32', 'doc_26', 'doc_25', 'doc_28']",1.0,1,5,82
56d3ad1d2ccc5a1400d82e25,Frédéric_Chopin,doc_36,"['doc_36', 'doc_35', 'doc_52', 'doc_49', 'doc_3']",1.0,1,5,82
56d3ad1d2ccc5a1400d82e27,Frédéric_Chopin,doc_36,"['doc_36', 'doc_42', 'doc_1', 'doc_52', 'doc_47']",1.0,1,5,82
56d3ad1d2ccc5a1400d82e28,Frédéric_Chopin,doc_36,"['doc_36', 'doc_35', 'doc_39', 'doc_0', 'doc_37']",1.0,1,5,82
56cf4ee2aab44d1400b88fac,Frédéric_Chopin,doc_37,"['doc_37', 'doc_38', 'doc_36', 'doc_0', 'doc_76']",1.0,1,5,82
56cf4ee2aab44d1400b88fad,Frédéric_Chopin,doc_37,"['doc_37', 'doc_38', 'doc_36', 'doc_3', 'doc_76']",1.0,1,5,82
56cf4ee2aab44d1400b88fae,Frédéric_Chopin,doc_37,"['doc_37', 'doc_38', 'doc_36', 'doc_76', 'doc_18']",1.0,1,5,82
56d3ac8e2ccc5a1400d82e1a,Frédéric_Chopin,doc_37,"['doc_37', 'doc_38', 'doc_36', 'doc_76', 'doc_3']",1.0,1,5,82
56d3ac8e2ccc5a1400d82e1b,Frédéric_Chopin,doc_37,"['doc_36', 'doc_38', 'doc_37', 'doc_73', 'doc_79']",0.3333333333333333,1,5,82
56d3ac8e2ccc5a1400d82e1c,Frédéric_Chopin,doc_37,"['doc_38', 'doc_36', 'doc_37', 'doc_0', 'doc_76']",0.3333333333333333,1,5,82
56d3ac8e2ccc5a1400d82e1d,Frédéric_Chopin,doc_37,"['doc_37', 'doc_36', 'doc_38', 'doc_35', 'doc_42']",1.0,1,5,82
56d3ac8e2ccc5a1400d82e1e,Frédéric_Chopin,doc_37,"['doc_36', 'doc_37', 'doc_35', 'doc_38', 'doc_42']",0.5,1,5,82
56cf50b2aab44d1400b88fbd,Frédéric_Chopin,doc_38,"['doc_38', 'doc_0', 'doc_76', 'doc_12', 'doc_1']",1.0,1,5,82
56cf50b2aab44d1400b88fbe,Frédéric_Chopin,doc_38,"['doc_38', 'doc_32', 'doc_26', 'doc_28', 'doc_36']",1.0,1,5,82
56cf50b2aab44d1400b88fbf,Frédéric_Chopin,doc_38,"['doc_38', 'doc_76', 'doc_79', 'doc_0', 'doc_80']",1.0,1,5,82
56d3abf72ccc5a1400d82e02,Frédéric_Chopin,doc_38,"['doc_38', 'doc_10', 'doc_3', 'doc_76', 'doc_37']",1.0,1,5,82
56d3abf72ccc5a1400d82e03,Frédéric_Chopin,doc_38,"['doc_0', 'doc_38', 'doc_69', 'doc_29', 'doc_12']",0.5,1,5,82
56d3abf72ccc5a1400d82e04,Frédéric_Chopin,doc_38,"['doc_38', 'doc_76', 'doc_16', 'doc_3', 'doc_2']",1.0,1,5,82
56cf5187aab44d1400b88fc4,Frédéric_Chopin,doc_39,"['doc_41', 'doc_39', 'doc_20', 'doc_9', 'doc_10']",0.5,1,5,82
56cf5187aab44d1400b88fc5,Frédéric_Chopin,doc_39,"['doc_41', 'doc_10', 'doc_9', 'doc_39', 'doc_8']",0.25,1,5,82
56cf5187aab44d1400b88fc6,Frédéric_Chopin,doc_39,"['doc_39', 'doc_61', 'doc_40', 'doc_41', 'doc_76']",1.0,1,5,82
56d3ab7e2ccc5a1400d82dfc,Frédéric_Chopin,doc_39,"['doc_39', 'doc_41', 'doc_20', 'doc_40', 'doc_19']",1.0,1,5,82
56d3ab7e2ccc5a1400d82dfd,Frédéric_Chopin,doc_39,"['doc_39', 'doc_41', 'doc_20', 'doc_0', 'doc_19']",1.0,1,5,82
56d3ab7e2ccc5a1400d82dfe,Frédéric_Chopin,doc_39,"['doc_39', 'doc_41', 'doc_20', 'doc_76', 'doc_19']",1.0,1,5,82
56cf5284aab44d1400b88fca,Frédéric_Chopin,doc_40,"['doc_40', 'doc_9', 'doc_39', 'doc_0', 'doc_41']",1.0,1,5,82
56cf5284aab44d1400b88fcb,Frédéric_Chopin,doc_40,"['doc_40', 'doc_9', 'doc_37', 'doc_58', 'doc_14']",1.0,1,5,82
56cf5284aab44d1400b88fcc,Frédéric_Chopin,doc_40,"['doc_40', 'doc_39', 'doc_37', 'doc_9', 'doc_20']",1.0,1,5,82
56d3aab62ccc5a1400d82dea,Frédéric_Chopin,doc_40,"['doc_39', 'doc_40', 'doc_81', 'doc_41', 'doc_77']",0.5,1,5,82
56d3aab62ccc5a1400d82dec,Frédéric_Chopin,doc_40,"['doc_20', 'doc_40', 'doc_39', 'doc_14', 'doc_61']",0.5,1,5,82
56d3aab62ccc5a1400d82ded,Frédéric_Chopin,doc_40,"['doc_81', 'doc_40', 'doc_39', 'doc_55', 'doc_61']",0.5,1,5,82
56cf5376aab44d1400b88fd8,Frédéric_Chopin,doc_41,"['doc_41', 'doc_69', 'doc_9', 'doc_58', 'doc_20']",1.0,1,5,82
56cf5376aab44d1400b88fd9,Frédéric_Chopin,doc_41,"['doc_41', 'doc_9', 'doc_39', 'doc_0', 'doc_19']",1.0,1,5,82
56cf5376aab44d1400b88fda,Frédéric_Chopin,doc_41,"['doc_41', 'doc_39', 'doc_20', 'doc_0', 'doc_9']",1.0,1,5,82
56cf5376aab44d1400b88fdb,Frédéric_Chopin,doc_41,"['doc_41', 'doc_39', 'doc_20', 'doc_9', 'doc_0']",1.0,1,5,82
56cf5376aab44d1400b88fdc,Frédéric_Chopin,doc_41,"['doc_41', 'doc_39', 'doc_40', 'doc_54', 'doc_9']",1.0,1,5,82
56d3aa352ccc5a1400d82de2,Frédéric_Chopin,doc_41,"['doc_41', 'doc_9', 'doc_69', 'doc_39', 'doc_73']",1.0,1,5,82
56d3aa352ccc5a1400d82de3,Frédéric_Chopin,doc_41,"['doc_41', 'doc_9', 'doc_39', 'doc_0', 'doc_20']",1.0,1,5,82
56d3aa352ccc5a1400d82de4,Frédéric_Chopin,doc_41,"['doc_41', 'doc_76', 'doc_38', 'doc_3', 'doc_77']",1.0,1,5,82
56d3aa352ccc5a1400d82de5,Frédéric_Chopin,doc_41,"['doc_41', 'doc_54', 'doc_59', 'doc_33', 'doc_39']",1.0,1,5,82
56cf5433aab44d1400b88fee,Frédéric_Chopin,doc_42,"['doc_42', 'doc_58', 'doc_2', 'doc_57', 'doc_65']",1.0,1,5,82
56cf5433aab44d1400b88fef,Frédéric_Chopin,doc_42,"['doc_42', 'doc_2', 'doc_57', 'doc_12', 'doc_0']",1.0,1,5,82
56cf5433aab44d1400b88ff0,Frédéric_Chopin,doc_42,"['doc_60', 'doc_58', 'doc_42', 'doc_57', 'doc_10']",0.3333333333333333,1,5,82
56cf5433aab44d1400b88ff1,Frédéric_Chopin,doc_42,"['doc_42', 'doc_12', 'doc_37', 'doc_76', 'doc_73']",1.0,1,5,82
56cf5433aab44d1400b88ff2,Frédéric_Chopin,doc_42,"['doc_61', 'doc_9', 'doc_59', 'doc_37', 'doc_0']",0.0,0,5,82
56d3a9bb2ccc5a1400d82dda,Frédéric_Chopin,doc_42,"['doc_42', 'doc_37', 'doc_57', 'doc_36', 'doc_58']",1.0,1,5,82
56d3a9bb2ccc5a1400d82ddb,Frédéric_Chopin,doc_42,"['doc_42', 'doc_0', 'doc_12', 'doc_36', 'doc_73']",1.0,1,5,82
56d3a9bb2ccc5a1400d82ddc,Frédéric_Chopin,doc_42,"['doc_42', 'doc_12', 'doc_37', 'doc_76', 'doc_73']",1.0,1,5,82
56d3a9bb2ccc5a1400d82ddd,Frédéric_Chopin,doc_42,"['doc_42', 'doc_58', 'doc_63', 'doc_62', 'doc_69']",1.0,1,5,82
56cfe4a4234ae51400d9c015,Frédéric_Chopin,doc_43,"['doc_47', 'doc_15', 'doc_1', 'doc_10', 'doc_16']",0.0,0,5,82
56cfe4a4234ae51400d9c016,Frédéric_Chopin,doc_43,"['doc_43', 'doc_44', 'doc_51', 'doc_46', 'doc_20']",1.0,1,5,82
56d3711659d6e414001463ce,Frédéric_Chopin,doc_43,"['doc_47', 'doc_10', 'doc_21', 'doc_28', 'doc_1']",0.0,0,5,82
56d3711659d6e414001463cf,Frédéric_Chopin,doc_43,"['doc_43', 'doc_23', 'doc_22', 'doc_26', 'doc_13']",1.0,1,5,82
56d3711659d6e414001463d0,Frédéric_Chopin,doc_43,"['doc_13', 'doc_19', 'doc_1', 'doc_20', 'doc_10']",0.0,0,5,82
56d3711659d6e414001463d1,Frédéric_Chopin,doc_43,"['doc_43', 'doc_51', 'doc_47', 'doc_17', 'doc_28']",1.0,1,5,82
56d3711659d6e414001463d2,Frédéric_Chopin,doc_43,"['doc_45', 'doc_43', 'doc_53', 'doc_1', 'doc_78']",0.5,1,5,82
56cfe6cf234ae51400d9c03b,Frédéric_Chopin,doc_44,"['doc_44', 'doc_47', 'doc_1', 'doc_48', 'doc_28']",1.0,1,5,82
56cfe6cf234ae51400d9c03c,Frédéric_Chopin,doc_44,"['doc_44', 'doc_20', 'doc_19', 'doc_47', 'doc_1']",1.0,1,5,82
56cfe6cf234ae51400d9c03d,Frédéric_Chopin,doc_44,"['doc_9', 'doc_20', 'doc_19', 'doc_14', 'doc_1']",0.0,0,5,82
56cfe6cf234ae51400d9c03e,Frédéric_Chopin,doc_44,"['doc_44', 'doc_43', 'doc_23', 'doc_22', 'doc_19']",1.0,1,5,82
56cfe6cf234ae51400d9c03f,Frédéric_Chopin,doc_44,"['doc_43', 'doc_23', 'doc_29', 'doc_20', 'doc_22']",0.0,0,5,82
56d372e959d6e41400146401,Frédéric_Chopin,doc_44,"['doc_44', 'doc_47', 'doc_1', 'doc_48', 'doc_28']",1.0,1,5,82
56d372e959d6e41400146402,Frédéric_Chopin,doc_44,"['doc_44', 'doc_19', 'doc_20', 'doc_17', 'doc_1']",1.0,1,5,82
56d372e959d6e41400146403,Frédéric_Chopin,doc_44,"['doc_43', 'doc_44', 'doc_22', 'doc_23', 'doc_19']",0.5,1,5,82
56d372e959d6e41400146404,Frédéric_Chopin,doc_44,"['doc_44', 'doc_20', 'doc_19', 'doc_47', 'doc_17']",1.0,1,5,82
56d372e959d6e41400146405,Frédéric_Chopin,doc_44,"['doc_44', 'doc_20', 'doc_46', 'doc_47', 'doc_1']",1.0,1,5,82
56cfe792234ae51400d9c05b,Frédéric_Chopin,doc_45,"['doc_45', 'doc_1', 'doc_47', 'doc_21', 'doc_48']",1.0,1,5,82
56cfe792234ae51400d9c05c,Frédéric_Chopin,doc_45,"['doc_49', 'doc_50', 'doc_48', 'doc_31', 'doc_27']",0.0,0,5,82
56d3740c59d6e41400146423,Frédéric_Chopin,doc_45,"['doc_47', 'doc_10', 'doc_21', 'doc_13', 'doc_1']",0.0,0,5,82
56d3740c59d6e41400146426,Frédéric_Chopin,doc_45,"['doc_20', 'doc_13', 'doc_9', 'doc_46', 'doc_0']",0.0,0,5,82
56d3740c59d6e41400146427,Frédéric_Chopin,doc_45,"['doc_10', 'doc_12', 'doc_21', 'doc_47', 'doc_1']",0.0,0,5,82
56cfe7f4234ae51400d9c05f,Frédéric_Chopin,doc_46,"['doc_34', 'doc_46', 'doc_1', 'doc_20', 'doc_47']",0.5,1,5,82
56cfe7f4234ae51400d9c060,Frédéric_Chopin,doc_46,"['doc_46', 'doc_34', 'doc_20', 'doc_1', 'doc_47']",1.0,1,5,82
56d375b859d6e41400146468,Frédéric_Chopin,doc_46,"['doc_46', 'doc_43', 'doc_34', 'doc_20', 'doc_49']",1.0,1,5,82
56d375b859d6e41400146469,Frédéric_Chopin,doc_46,"['doc_31', 'doc_50', 'doc_27', 'doc_48', 'doc_47']",0.0,0,5,82
56d375b859d6e4140014646b,Frédéric_Chopin,doc_46,"['doc_46', 'doc_34', 'doc_20', 'doc_1', 'doc_47']",1.0,1,5,82
56cfe87e234ae51400d9c06d,Frédéric_Chopin,doc_47,"['doc_47', 'doc_1', 'doc_20', 'doc_19', 'doc_12']",1.0,1,5,82
56cfe87e234ae51400d9c06e,Frédéric_Chopin,doc_47,"['doc_1', 'doc_47', 'doc_11', 'doc_0', 'doc_10']",0.5,1,5,82
56cfe87e234ae51400d9c06f,Frédéric_Chopin,doc_47,"['doc_47', 'doc_1', 'doc_12', 'doc_19', 'doc_18']",1.0,1,5,82
56d381b459d6e41400146591,Frédéric_Chopin,doc_47,"['doc_47', 'doc_1', 'doc_16', 'doc_20', 'doc_19']",1.0,1,5,82
56d381b459d6e41400146592,Frédéric_Chopin,doc_47,"['doc_18', 'doc_47', 'doc_17', 'doc_23', 'doc_12']",0.5,1,5,82
56d381b459d6e41400146593,Frédéric_Chopin,doc_47,"['doc_11', 'doc_47', 'doc_1', 'doc_48', 'doc_12']",0.5,1,5,82
56d381b459d6e41400146594,Frédéric_Chopin,doc_47,"['doc_47', 'doc_1', 'doc_48', 'doc_19', 'doc_28']",1.0,1,5,82
56d381b459d6e41400146595,Frédéric_Chopin,doc_47,"['doc_47', 'doc_21', 'doc_1', 'doc_23', 'doc_13']",1.0,1,5,82
56cfe911234ae51400d9c085,Frédéric_Chopin,doc_48,"['doc_48', 'doc_47', 'doc_21', 'doc_1', 'doc_12']",1.0,1,5,82
56cfe911234ae51400d9c086,Frédéric_Chopin,doc_48,"['doc_47', 'doc_1', 'doc_28', 'doc_10', 'doc_21']",0.0,0,5,82
56d3823659d6e414001465b6,Frédéric_Chopin,doc_48,"['doc_43', 'doc_48', 'doc_47', 'doc_51', 'doc_28']",0.5,1,5,82
56d3823659d6e414001465b7,Frédéric_Chopin,doc_48,"['doc_48', 'doc_18', 'doc_47', 'doc_12', 'doc_1']",1.0,1,5,82
56d3823659d6e414001465b8,Frédéric_Chopin,doc_48,"['doc_47', 'doc_1', 'doc_48', 'doc_12', 'doc_19']",0.3333333333333333,1,5,82
56d3823659d6e414001465b9,Frédéric_Chopin,doc_48,"['doc_47', 'doc_20', 'doc_17', 'doc_48', 'doc_1']",0.25,1,5,82
56cfe9df234ae51400d9c0a1,Frédéric_Chopin,doc_49,"['doc_49', 'doc_53', 'doc_27', 'doc_31', 'doc_50']",1.0,1,5,82
56cfe9df234ae51400d9c0a3,Frédéric_Chopin,doc_49,"['doc_31', 'doc_27', 'doc_47', 'doc_79', 'doc_1']",0.0,0,5,82
56cfe9df234ae51400d9c0a4,Frédéric_Chopin,doc_49,"['doc_49', 'doc_53', 'doc_1', 'doc_36', 'doc_3']",1.0,1,5,82
56d38a4a59d6e414001466bb,Frédéric_Chopin,doc_49,"['doc_49', 'doc_50', 'doc_27', 'doc_53', 'doc_1']",1.0,1,5,82
56d38a4a59d6e414001466bf,Frédéric_Chopin,doc_49,"['doc_49', 'doc_53', 'doc_52', 'doc_36', 'doc_32']",1.0,1,5,82
56cfeaa3234ae51400d9c0b3,Frédéric_Chopin,doc_50,"['doc_50', 'doc_49', 'doc_31', 'doc_1', 'doc_27']",1.0,1,5,82
56cfeaa3234ae51400d9c0b4,Frédéric_Chopin,doc_50,"['doc_31', 'doc_47', 'doc_0', 'doc_1', 'doc_49']",0.0,0,5,82
56cfeaa3234ae51400d9c0b5,Frédéric_Chopin,doc_50,"['doc_50', 'doc_49', 'doc_53', 'doc_76', 'doc_46']",1.0,1,5,82
56d38ac959d6e414001466cf,Frédéric_Chopin,doc_50,"['doc_50', 'doc_49', 'doc_31', 'doc_1', 'doc_27']",1.0,1,5,82
56d38ac959d6e414001466d0,Frédéric_Chopin,doc_50,"['doc_31', 'doc_1', 'doc_47', 'doc_0', 'doc_48']",0.0,0,5,82
56d38ac959d6e414001466d1,Frédéric_Chopin,doc_50,"['doc_50', 'doc_31', 'doc_49', 'doc_1', 'doc_79']",1.0,1,5,82
56d38ac959d6e414001466d2,Frédéric_Chopin,doc_50,"['doc_50', 'doc_49', 'doc_53', 'doc_38', 'doc_31']",1.0,1,5,82
56cfeae2234ae51400d9c0b9,Frédéric_Chopin,doc_51,"['doc_52', 'doc_29', 'doc_49', 'doc_46', 'doc_53']",0.0,0,5,82
56cfeae2234ae51400d9c0ba,Frédéric_Chopin,doc_51,"['doc_49', 'doc_52', 'doc_29', 'doc_27', 'doc_51']",0.2,1,5,82
56cfeae2234ae51400d9c0bb,Frédéric_Chopin,doc_51,"['doc_52', 'doc_29', 'doc_49', 'doc_46', 'doc_51']",0.2,1,5,82
56d38ba459d6e414001466e7,Frédéric_Chopin,doc_51,"['doc_52', 'doc_29', 'doc_49', 'doc_46', 'doc_53']",0.0,0,5,82
56d38ba459d6e414001466e8,Frédéric_Chopin,doc_51,"['doc_49', 'doc_52', 'doc_29', 'doc_27', 'doc_51']",0.2,1,5,82
56d38ba459d6e414001466eb,Frédéric_Chopin,doc_51,"['doc_51', 'doc_43', 'doc_22', 'doc_26', 'doc_48']",1.0,1,5,82
56cfeb52234ae51400d9c0bf,Frédéric_Chopin,doc_52,"['doc_52', 'doc_29', 'doc_49', 'doc_53', 'doc_36']",1.0,1,5,82
56cfeb52234ae51400d9c0c0,Frédéric_Chopin,doc_52,"['doc_52', 'doc_29', 'doc_49', 'doc_9', 'doc_46']",1.0,1,5,82
56cfeb52234ae51400d9c0c1,Frédéric_Chopin,doc_52,"['doc_52', 'doc_49', 'doc_29', 'doc_53', 'doc_46']",1.0,1,5,82
56cfeb52234ae51400d9c0c2,Frédéric_Chopin,doc_52,"['doc_52', 'doc_29', 'doc_49', 'doc_53', 'doc_51']",1.0,1,5,82
56d38c2b59d6e41400146703,Frédéric_Chopin,doc_52,"['doc_52', 'doc_29', 'doc_49', 'doc_53', 'doc_58']",1.0,1,5,82
56d38c2b59d6e41400146704,Frédéric_Chopin,doc_52,"['doc_52', 'doc_29', 'doc_49', 'doc_9', 'doc_46']",1.0,1,5,82
56d38c2b59d6e41400146705,Frédéric_Chopin,doc_52,"['doc_53', 'doc_49', 'doc_1', 'doc_52', 'doc_4']",0.25,1,5,82
56d38c2b59d6e41400146706,Frédéric_Chopin,doc_52,"['doc_52', 'doc_51', 'doc_29', 'doc_49', 'doc_53']",1.0,1,5,82
56d38c2b59d6e41400146707,Frédéric_Chopin,doc_52,"['doc_52', 'doc_29', 'doc_49', 'doc_53', 'doc_58']",1.0,1,5,82
56cfec4b234ae51400d9c0cd,Frédéric_Chopin,doc_53,"['doc_53', 'doc_49', 'doc_52', 'doc_29', 'doc_0']",1.0,1,5,82
56cfec4b234ae51400d9c0ce,Frédéric_Chopin,doc_53,"['doc_53', 'doc_49', 'doc_1', 'doc_12', 'doc_58']",1.0,1,5,82
56cfec4b234ae51400d9c0cf,Frédéric_Chopin,doc_53,"['doc_53', 'doc_52', 'doc_49', 'doc_29', 'doc_46']",1.0,1,5,82
56cfec4b234ae51400d9c0d0,Frédéric_Chopin,doc_53,"['doc_53', 'doc_52', 'doc_49', 'doc_1', 'doc_29']",1.0,1,5,82
56cfec4b234ae51400d9c0d1,Frédéric_Chopin,doc_53,"['doc_53', 'doc_49', 'doc_48', 'doc_12', 'doc_1']",1.0,1,5,82
56d38cc659d6e4140014672b,Frédéric_Chopin,doc_53,"['doc_53', 'doc_49', 'doc_52', 'doc_0', 'doc_50']",1.0,1,5,82
56d38cc659d6e4140014672c,Frédéric_Chopin,doc_53,"['doc_53', 'doc_52', 'doc_49', 'doc_29', 'doc_46']",1.0,1,5,82
56d38cc659d6e4140014672d,Frédéric_Chopin,doc_53,"['doc_53', 'doc_52', 'doc_49', 'doc_1', 'doc_29']",1.0,1,5,82
56d38cc659d6e4140014672e,Frédéric_Chopin,doc_53,"['doc_15', 'doc_76', 'doc_12', 'doc_13', 'doc_18']",0.0,0,5,82
56d38cc659d6e4140014672f,Frédéric_Chopin,doc_53,"['doc_32', 'doc_26', 'doc_25', 'doc_28', 'doc_53']",0.2,1,5,82
56cfec7b234ae51400d9c0d7,Frédéric_Chopin,doc_54,"['doc_54', 'doc_59', 'doc_33', 'doc_2', 'doc_41']",1.0,1,5,82
56cfec7b234ae51400d9c0d8,Frédéric_Chopin,doc_54,"['doc_2', 'doc_62', 'doc_70', 'doc_67', 'doc_69']",0.0,0,5,82
56d38cfe59d6e4140014673b,Frédéric_Chopin,doc_54,"['doc_54', 'doc_59', 'doc_41', 'doc_33', 'doc_2']",1.0,1,5,82
56d38cfe59d6e4140014673c,Frédéric_Chopin,doc_54,"['doc_2', 'doc_54', 'doc_62', 'doc_57', 'doc_65']",0.5,1,5,82
56cfed0f234ae51400d9c0db,Frédéric_Chopin,doc_55,"['doc_71', 'doc_67', 'doc_55', 'doc_81', 'doc_2']",0.3333333333333333,1,5,82
56d38d6559d6e4140014674f,Frédéric_Chopin,doc_55,"['doc_71', 'doc_67', 'doc_55', 'doc_81', 'doc_73']",0.3333333333333333,1,5,82
56d38d6559d6e41400146750,Frédéric_Chopin,doc_55,"['doc_55', 'doc_72', 'doc_76', 'doc_2', 'doc_81']",1.0,1,5,82
56d38d6559d6e41400146751,Frédéric_Chopin,doc_55,"['doc_55', 'doc_81', 'doc_72', 'doc_12', 'doc_19']",1.0,1,5,82
56cfed8a234ae51400d9c0e1,Frédéric_Chopin,doc_56,"['doc_56', 'doc_66', 'doc_30', 'doc_70', 'doc_14']",1.0,1,5,82
56cfed8a234ae51400d9c0e2,Frédéric_Chopin,doc_56,"['doc_62', 'doc_56', 'doc_2', 'doc_20', 'doc_57']",0.5,1,5,82
56d38fa059d6e41400146771,Frédéric_Chopin,doc_56,"['doc_56', 'doc_66', 'doc_70', 'doc_73', 'doc_62']",1.0,1,5,82
56d38fa059d6e41400146772,Frédéric_Chopin,doc_56,"['doc_20', 'doc_62', 'doc_56', 'doc_57', 'doc_2']",0.3333333333333333,1,5,82
56d38fa059d6e41400146773,Frédéric_Chopin,doc_56,"['doc_70', 'doc_62', 'doc_71', 'doc_2', 'doc_55']",0.0,0,5,82
56d38fa059d6e41400146774,Frédéric_Chopin,doc_56,"['doc_56', 'doc_72', 'doc_70', 'doc_81', 'doc_55']",1.0,1,5,82
56cfee5d234ae51400d9c0f7,Frédéric_Chopin,doc_57,"['doc_59', 'doc_57', 'doc_33', 'doc_61', 'doc_54']",0.5,1,5,82
56cfee5d234ae51400d9c0f8,Frédéric_Chopin,doc_57,"['doc_59', 'doc_57', 'doc_33', 'doc_61', 'doc_54']",0.5,1,5,82
56cfee5d234ae51400d9c0f9,Frédéric_Chopin,doc_57,"['doc_76', 'doc_3', 'doc_2', 'doc_57', 'doc_78']",0.25,1,5,82
56cfee5d234ae51400d9c0fa,Frédéric_Chopin,doc_57,"['doc_57', 'doc_64', 'doc_65', 'doc_2', 'doc_63']",1.0,1,5,82
56d390b559d6e41400146789,Frédéric_Chopin,doc_57,"['doc_57', 'doc_2', 'doc_65', 'doc_42', 'doc_73']",1.0,1,5,82
56d390b559d6e4140014678a,Frédéric_Chopin,doc_57,"['doc_57', 'doc_65', 'doc_2', 'doc_73', 'doc_41']",1.0,1,5,82
56d390b559d6e4140014678b,Frédéric_Chopin,doc_57,"['doc_2', 'doc_3', 'doc_57', 'doc_76', 'doc_55']",0.3333333333333333,1,5,82
56d390b559d6e4140014678c,Frédéric_Chopin,doc_57,"['doc_59', 'doc_33', 'doc_57', 'doc_54', 'doc_61']",0.3333333333333333,1,5,82
56d390b559d6e4140014678d,Frédéric_Chopin,doc_57,"['doc_57', 'doc_2', 'doc_62', 'doc_73', 'doc_63']",1.0,1,5,82
56cfef3c234ae51400d9c10d,Frédéric_Chopin,doc_58,"['doc_58', 'doc_63', 'doc_69', 'doc_60', 'doc_59']",1.0,1,5,82
56cfef3c234ae51400d9c10e,Frédéric_Chopin,doc_58,"['doc_58', 'doc_2', 'doc_59', 'doc_67', 'doc_69']",1.0,1,5,82
56cfef3c234ae51400d9c10f,Frédéric_Chopin,doc_58,"['doc_58', 'doc_52', 'doc_29', 'doc_69', 'doc_68']",1.0,1,5,82
56d3913859d6e41400146793,Frédéric_Chopin,doc_58,"['doc_58', 'doc_2', 'doc_54', 'doc_59', 'doc_60']",1.0,1,5,82
56d3913859d6e41400146795,Frédéric_Chopin,doc_58,"['doc_58', 'doc_69', 'doc_63', 'doc_68', 'doc_67']",1.0,1,5,82
56d3913859d6e41400146796,Frédéric_Chopin,doc_58,"['doc_58', 'doc_69', 'doc_68', 'doc_63', 'doc_59']",1.0,1,5,82
56cff00f234ae51400d9c113,Frédéric_Chopin,doc_59,"['doc_59', 'doc_33', 'doc_60', 'doc_69', 'doc_34']",1.0,1,5,82
56cff00f234ae51400d9c115,Frédéric_Chopin,doc_59,"['doc_12', 'doc_81', 'doc_49', 'doc_18', 'doc_0']",0.0,0,5,82
56cff00f234ae51400d9c116,Frédéric_Chopin,doc_59,"['doc_59', 'doc_69', 'doc_33', 'doc_12', 'doc_60']",1.0,1,5,82
56cff00f234ae51400d9c117,Frédéric_Chopin,doc_59,"['doc_59', 'doc_57', 'doc_69', 'doc_65', 'doc_33']",1.0,1,5,82
56d3929359d6e4140014679d,Frédéric_Chopin,doc_59,"['doc_59', 'doc_60', 'doc_33', 'doc_69', 'doc_34']",1.0,1,5,82
56d3929359d6e4140014679f,Frédéric_Chopin,doc_59,"['doc_59', 'doc_61', 'doc_69', 'doc_60', 'doc_20']",1.0,1,5,82
56d3929359d6e414001467a1,Frédéric_Chopin,doc_59,"['doc_59', 'doc_69', 'doc_60', 'doc_33', 'doc_61']",1.0,1,5,82
56cff0c3234ae51400d9c123,Frédéric_Chopin,doc_60,"['doc_60', 'doc_8', 'doc_5', 'doc_11', 'doc_7']",1.0,1,5,82
56cff0c3234ae51400d9c124,Frédéric_Chopin,doc_60,"['doc_60', 'doc_59', 'doc_33', 'doc_61', 'doc_69']",1.0,1,5,82
56d3946659d6e414001467af,Frédéric_Chopin,doc_60,"['doc_60', 'doc_59', 'doc_33', 'doc_58', 'doc_69']",1.0,1,5,82
56d3946659d6e414001467b0,Frédéric_Chopin,doc_60,"['doc_55', 'doc_58', 'doc_76', 'doc_77', 'doc_2']",0.0,0,5,82
56d3946659d6e414001467b1,Frédéric_Chopin,doc_60,"['doc_60', 'doc_8', 'doc_5', 'doc_61', 'doc_11']",1.0,1,5,82
56d3946659d6e414001467b2,Frédéric_Chopin,doc_60,"['doc_60', 'doc_61', 'doc_5', 'doc_8', 'doc_7']",1.0,1,5,82
56cff179234ae51400d9c131,Frédéric_Chopin,doc_61,"['doc_61', 'doc_40', 'doc_59', 'doc_9', 'doc_60']",1.0,1,5,82
56cff179234ae51400d9c133,Frédéric_Chopin,doc_61,"['doc_61', 'doc_77', 'doc_38', 'doc_76', 'doc_18']",1.0,1,5,82
56d3971459d6e414001467cd,Frédéric_Chopin,doc_61,"['doc_81', 'doc_61', 'doc_80', 'doc_55', 'doc_20']",0.5,1,5,82
56d3971459d6e414001467ce,Frédéric_Chopin,doc_61,"['doc_55', 'doc_2', 'doc_3', 'doc_19', 'doc_76']",0.0,0,5,82
56d3971459d6e414001467cf,Frédéric_Chopin,doc_61,"['doc_61', 'doc_60', 'doc_59', 'doc_33', 'doc_38']",1.0,1,5,82
56d3971459d6e414001467d0,Frédéric_Chopin,doc_61,"['doc_61', 'doc_77', 'doc_18', 'doc_38', 'doc_8']",1.0,1,5,82
56cff256234ae51400d9c145,Frédéric_Chopin,doc_62,"['doc_62', 'doc_78', 'doc_55', 'doc_70', 'doc_71']",1.0,1,5,82
56cff256234ae51400d9c146,Frédéric_Chopin,doc_62,"['doc_62', 'doc_70', 'doc_71', 'doc_73', 'doc_79']",1.0,1,5,82
56d398a859d6e414001467e5,Frédéric_Chopin,doc_62,"['doc_62', 'doc_71', 'doc_70', 'doc_2', 'doc_78']",1.0,1,5,82
56d398a859d6e414001467e6,Frédéric_Chopin,doc_62,"['doc_62', 'doc_73', 'doc_70', 'doc_56', 'doc_71']",1.0,1,5,82
56d398a859d6e414001467e7,Frédéric_Chopin,doc_62,"['doc_79', 'doc_76', 'doc_55', 'doc_78', 'doc_80']",0.0,0,5,82
56cff2e0234ae51400d9c14b,Frédéric_Chopin,doc_63,"['doc_63', 'doc_72', 'doc_77', 'doc_73', 'doc_2']",1.0,1,5,82
56d3997e59d6e414001467ed,Frédéric_Chopin,doc_63,"['doc_63', 'doc_73', 'doc_79', 'doc_77', 'doc_76']",1.0,1,5,82
56d3997e59d6e414001467ef,Frédéric_Chopin,doc_63,"['doc_63', 'doc_62', 'doc_70', 'doc_55', 'doc_64']",1.0,1,5,82
56cff351234ae51400d9c14d,Frédéric_Chopin,doc_64,"['doc_64', 'doc_57', 'doc_65', 'doc_2', 'doc_63']",1.0,1,5,82
56d39a6a59d6e414001467f3,Frédéric_Chopin,doc_64,"['doc_64', 'doc_57', 'doc_65', 'doc_69', 'doc_2']",1.0,1,5,82
56d39a6a59d6e414001467f4,Frédéric_Chopin,doc_64,"['doc_64', 'doc_65', 'doc_77', 'doc_2', 'doc_57']",1.0,1,5,82
56d39a6a59d6e414001467f5,Frédéric_Chopin,doc_64,"['doc_64', 'doc_57', 'doc_65', 'doc_74', 'doc_69']",1.0,1,5,82
56d39a6a59d6e414001467f6,Frédéric_Chopin,doc_64,"['doc_64', 'doc_69', 'doc_67', 'doc_63', 'doc_65']",1.0,1,5,82
56cff390234ae51400d9c151,Frédéric_Chopin,doc_65,"['doc_65', 'doc_57', 'doc_2', 'doc_69', 'doc_59']",1.0,1,5,82
56d39abf59d6e414001467fd,Frédéric_Chopin,doc_65,"['doc_65', 'doc_81', 'doc_12', 'doc_77', 'doc_18']",1.0,1,5,82
56d39abf59d6e414001467fe,Frédéric_Chopin,doc_65,"['doc_65', 'doc_64', 'doc_57', 'doc_74', 'doc_67']",1.0,1,5,82
56d39abf59d6e414001467ff,Frédéric_Chopin,doc_65,"['doc_65', 'doc_67', 'doc_71', 'doc_70', 'doc_55']",1.0,1,5,82
56cff3f4234ae51400d9c153,Frédéric_Chopin,doc_66,"['doc_66', 'doc_59', 'doc_56', 'doc_33', 'doc_69']",1.0,1,5,82
56cff3f4234ae51400d9c154,Frédéric_Chopin,doc_66,"['doc_66', 'doc_63', 'doc_70', 'doc_73', 'doc_56']",1.0,1,5,82
56d39bdf59d6e41400146807,Frédéric_Chopin,doc_66,"['doc_66', 'doc_56', 'doc_65', 'doc_55', 'doc_67']",1.0,1,5,82
56d39bdf59d6e41400146808,Frédéric_Chopin,doc_66,"['doc_21', 'doc_47', 'doc_1', 'doc_22', 'doc_17']",0.0,0,5,82
56d39bdf59d6e41400146809,Frédéric_Chopin,doc_66,"['doc_63', 'doc_62', 'doc_67', 'doc_69', 'doc_64']",0.0,0,5,82
56cff427234ae51400d9c157,Frédéric_Chopin,doc_67,"['doc_67', 'doc_71', 'doc_55', 'doc_70', 'doc_2']",1.0,1,5,82
56d39c5359d6e4140014680d,Frédéric_Chopin,doc_67,"['doc_67', 'doc_65', 'doc_64', 'doc_55', 'doc_2']",1.0,1,5,82
56d39c5359d6e4140014680e,Frédéric_Chopin,doc_67,"['doc_67', 'doc_55', 'doc_2', 'doc_71', 'doc_65']",1.0,1,5,82
56cff49a234ae51400d9c161,Frédéric_Chopin,doc_68,"['doc_68', 'doc_55', 'doc_2', 'doc_70', 'doc_62']",1.0,1,5,82
56cff49a234ae51400d9c162,Frédéric_Chopin,doc_68,"['doc_68', 'doc_71', 'doc_73', 'doc_62', 'doc_77']",1.0,1,5,82
56d39cea59d6e41400146811,Frédéric_Chopin,doc_68,"['doc_68', 'doc_21', 'doc_80', 'doc_9', 'doc_69']",1.0,1,5,82
56d39cea59d6e41400146812,Frédéric_Chopin,doc_68,"['doc_68', 'doc_55', 'doc_56', 'doc_2', 'doc_62']",1.0,1,5,82
56d39cea59d6e41400146813,Frédéric_Chopin,doc_68,"['doc_68', 'doc_63', 'doc_62', 'doc_56', 'doc_70']",1.0,1,5,82
56d39cea59d6e41400146814,Frédéric_Chopin,doc_68,"['doc_69', 'doc_67', 'doc_68', 'doc_56', 'doc_58']",0.3333333333333333,1,5,82
56cff536234ae51400d9c165,Frédéric_Chopin,doc_69,"['doc_69', 'doc_64', 'doc_67', 'doc_63', 'doc_68']",1.0,1,5,82
56cff536234ae51400d9c166,Frédéric_Chopin,doc_69,"['doc_69', 'doc_63', 'doc_75', 'doc_23', 'doc_77']",1.0,1,5,82
56d39ed559d6e41400146825,Frédéric_Chopin,doc_69,"['doc_69', 'doc_64', 'doc_67', 'doc_63', 'doc_68']",1.0,1,5,82
56d39ed559d6e41400146826,Frédéric_Chopin,doc_69,"['doc_69', 'doc_80', 'doc_75', 'doc_63', 'doc_73']",1.0,1,5,82
56d39ed559d6e41400146827,Frédéric_Chopin,doc_69,"['doc_69', 'doc_55', 'doc_72', 'doc_63', 'doc_75']",1.0,1,5,82
56cff5a8234ae51400d9c173,Frédéric_Chopin,doc_70,"['doc_70', 'doc_55', 'doc_72', 'doc_2', 'doc_65']",1.0,1,5,82
56d39fa059d6e41400146831,Frédéric_Chopin,doc_70,"['doc_70', 'doc_71', 'doc_55', 'doc_2', 'doc_73']",1.0,1,5,82
56d39fa059d6e41400146832,Frédéric_Chopin,doc_70,"['doc_70', 'doc_38', 'doc_76', 'doc_73', 'doc_79']",1.0,1,5,82
56cff635234ae51400d9c184,Frédéric_Chopin,doc_71,"['doc_55', 'doc_2', 'doc_71', 'doc_70', 'doc_72']",0.3333333333333333,1,5,82
56d3a0d159d6e41400146835,Frédéric_Chopin,doc_71,"['doc_20', 'doc_76', 'doc_73', 'doc_19', 'doc_1']",0.0,0,5,82
56d3a0d159d6e41400146837,Frédéric_Chopin,doc_71,"['doc_71', 'doc_75', 'doc_67', 'doc_73', 'doc_55']",1.0,1,5,82
56cff6f3234ae51400d9c191,Frédéric_Chopin,doc_72,"['doc_72', 'doc_79', 'doc_63', 'doc_12', 'doc_0']",1.0,1,5,82
56cff6f3234ae51400d9c192,Frédéric_Chopin,doc_72,"['doc_55', 'doc_2', 'doc_72', 'doc_78', 'doc_3']",0.3333333333333333,1,5,82
56cff6f3234ae51400d9c193,Frédéric_Chopin,doc_72,"['doc_81', 'doc_72', 'doc_12', 'doc_9', 'doc_7']",0.5,1,5,82
56d3a9282ccc5a1400d82dc8,Frédéric_Chopin,doc_72,"['doc_72', 'doc_79', 'doc_12', 'doc_76', 'doc_77']",1.0,1,5,82
56d3a9282ccc5a1400d82dc9,Frédéric_Chopin,doc_72,"['doc_12', 'doc_81', 'doc_72', 'doc_0', 'doc_76']",0.3333333333333333,1,5,82
56d3a9282ccc5a1400d82dca,Frédéric_Chopin,doc_72,"['doc_81', 'doc_72', 'doc_12', 'doc_9', 'doc_55']",0.5,1,5,82
56cff817234ae51400d9c1a3,Frédéric_Chopin,doc_73,"['doc_73', 'doc_79', 'doc_20', 'doc_62', 'doc_24']",1.0,1,5,82
56cff817234ae51400d9c1a4,Frédéric_Chopin,doc_73,"['doc_73', 'doc_55', 'doc_62', 'doc_70', 'doc_77']",1.0,1,5,82
56cff817234ae51400d9c1a5,Frédéric_Chopin,doc_73,"['doc_76', 'doc_77', 'doc_79', 'doc_0', 'doc_3']",0.0,0,5,82
56d3a1e959d6e41400146841,Frédéric_Chopin,doc_73,"['doc_73', 'doc_62', 'doc_34', 'doc_71', 'doc_67']",1.0,1,5,82
56d3a1e959d6e41400146842,Frédéric_Chopin,doc_73,"['doc_76', 'doc_38', 'doc_77', 'doc_73', 'doc_12']",0.25,1,5,82
56d3a1e959d6e41400146843,Frédéric_Chopin,doc_73,"['doc_76', 'doc_73', 'doc_12', 'doc_78', 'doc_63']",0.5,1,5,82
56cff885234ae51400d9c1b3,Frédéric_Chopin,doc_74,"['doc_70', 'doc_65', 'doc_2', 'doc_67', 'doc_74']",0.2,1,5,82
56cff885234ae51400d9c1b4,Frédéric_Chopin,doc_74,"['doc_74', 'doc_75', 'doc_70', 'doc_62', 'doc_64']",1.0,1,5,82
56d3a2cd59d6e41400146849,Frédéric_Chopin,doc_74,"['doc_74', 'doc_62', 'doc_70', 'doc_64', 'doc_73']",1.0,1,5,82
56d3a2cd59d6e4140014684a,Frédéric_Chopin,doc_74,"['doc_74', 'doc_62', 'doc_73', 'doc_69', 'doc_70']",1.0,1,5,82
56cff905234ae51400d9c1b7,Frédéric_Chopin,doc_75,"['doc_74', 'doc_75', 'doc_65', 'doc_73', 'doc_71']",0.5,1,5,82
56d3a32259d6e4140014684f,Frédéric_Chopin,doc_75,"['doc_75', 'doc_71', 'doc_55', 'doc_81', 'doc_73']",1.0,1,5,82
56d3a32259d6e41400146851,Frédéric_Chopin,doc_75,"['doc_75', 'doc_71', 'doc_55', 'doc_73', 'doc_81']",1.0,1,5,82
56cffa2a234ae51400d9c1cf,Frédéric_Chopin,doc_76,"['doc_55', 'doc_57', 'doc_76', 'doc_2', 'doc_56']",0.3333333333333333,1,5,82
56cffa2a234ae51400d9c1d0,Frédéric_Chopin,doc_76,"['doc_20', 'doc_19', 'doc_69', 'doc_9', 'doc_14']",0.0,0,5,82
56cffa2a234ae51400d9c1d1,Frédéric_Chopin,doc_76,"['doc_80', 'doc_76', 'doc_21', 'doc_77', 'doc_79']",0.5,1,5,82
56cffa2a234ae51400d9c1d2,Frédéric_Chopin,doc_76,"['doc_76', 'doc_80', 'doc_77', 'doc_53', 'doc_78']",1.0,1,5,82
56cffa2a234ae51400d9c1d3,Frédéric_Chopin,doc_76,"['doc_24', 'doc_23', 'doc_76', 'doc_22', 'doc_1']",0.3333333333333333,1,5,82
56d3a3df59d6e4140014685f,Frédéric_Chopin,doc_76,"['doc_78', 'doc_76', 'doc_77', 'doc_57', 'doc_64']",0.5,1,5,82
56d3a3df59d6e41400146860,Frédéric_Chopin,doc_76,"['doc_76', 'doc_77', 'doc_79', 'doc_78', 'doc_38']",1.0,1,5,82
56d3a3df59d6e41400146861,Frédéric_Chopin,doc_76,"['doc_76', 'doc_80', 'doc_55', 'doc_63', 'doc_73']",1.0,1,5,82
56d3a3df59d6e41400146862,Frédéric_Chopin,doc_76,"['doc_24', 'doc_76', 'doc_38', 'doc_23', 'doc_1']",0.5,1,5,82
56cffb2b234ae51400d9c1e1,Frédéric_Chopin,doc_77,"['doc_77', 'doc_78', 'doc_76', 'doc_57', 'doc_79']",1.0,1,5,82
56cffb2b234ae51400d9c1e2,Frédéric_Chopin,doc_77,"['doc_77', 'doc_76', 'doc_78', 'doc_79', 'doc_80']",1.0,1,5,82
56d3a46a59d6e41400146869,Frédéric_Chopin,doc_77,"['doc_55', 'doc_77', 'doc_72', 'doc_76', 'doc_81']",0.5,1,5,82
56cffba5234ae51400d9c1f1,Frédéric_Chopin,doc_78,"['doc_78', 'doc_77', 'doc_76', 'doc_58', 'doc_15']",1.0,1,5,82
56d3a51459d6e41400146877,Frédéric_Chopin,doc_78,"['doc_78', 'doc_77', 'doc_76', 'doc_15', 'doc_3']",1.0,1,5,82
56d3a51459d6e41400146878,Frédéric_Chopin,doc_78,"['doc_78', 'doc_10', 'doc_16', 'doc_15', 'doc_8']",1.0,1,5,82
56cffc2b234ae51400d9c1ff,Frédéric_Chopin,doc_79,"['doc_79', 'doc_71', 'doc_73', 'doc_70', 'doc_55']",1.0,1,5,82
56cffc2b234ae51400d9c200,Frédéric_Chopin,doc_79,"['doc_12', 'doc_72', 'doc_81', 'doc_17', 'doc_55']",0.0,0,5,82
56d3a65259d6e41400146888,Frédéric_Chopin,doc_79,"['doc_44', 'doc_47', 'doc_19', 'doc_1', 'doc_79']",0.2,1,5,82
56d3a65259d6e4140014688a,Frédéric_Chopin,doc_79,"['doc_79', 'doc_77', 'doc_76', 'doc_24', 'doc_55']",1.0,1,5,82
56cffcf3234ae51400d9c20d,Frédéric_Chopin,doc_80,"['doc_80', 'doc_58', 'doc_69', 'doc_63', 'doc_76']",1.0,1,5,82
56cffcf3234ae51400d9c20e,Frédéric_Chopin,doc_80,"['doc_80', 'doc_29', 'doc_76', 'doc_21', 'doc_69']",1.0,1,5,82
56cffcf3234ae51400d9c20f,Frédéric_Chopin,doc_80,"['doc_80', 'doc_59', 'doc_2', 'doc_76', 'doc_54']",1.0,1,5,82
56cffcf3234ae51400d9c210,Frédéric_Chopin,doc_80,"['doc_12', 'doc_77', 'doc_76', 'doc_80', 'doc_17']",0.25,1,5,82
56d3a74159d6e414001468a1,Frédéric_Chopin,doc_80,"['doc_79', 'doc_19', 'doc_76', 'doc_3', 'doc_55']",0.0,0,5,82
56d3a74159d6e414001468a2,Frédéric_Chopin,doc_80,"['doc_80', 'doc_58', 'doc_68', 'doc_69', 'doc_76']",1.0,1,5,82
56d3a74159d6e414001468a3,Frédéric_Chopin,doc_80,"['doc_80', 'doc_29', 'doc_21', 'doc_76', 'doc_69']",1.0,1,5,82
56d3a74159d6e414001468a4,Frédéric_Chopin,doc_80,"['doc_55', 'doc_72', 'doc_80', 'doc_2', 'doc_81']",0.3333333333333333,1,5,82
56cffdaa234ae51400d9c226,Frédéric_Chopin,doc_81,"['doc_81', 'doc_14', 'doc_0', 'doc_67', 'doc_12']",1.0,1,5,82
56cffdaa234ae51400d9c227,Frédéric_Chopin,doc_81,"['doc_61', 'doc_20', 'doc_19', 'doc_59', 'doc_81']",0.2,1,5,82
56d3a85259d6e414001468aa,Frédéric_Chopin,doc_81,"['doc_81', 'doc_12', 'doc_40', 'doc_39', 'doc_55']",1.0,1,5,82
56d3a85259d6e414001468ac,Frédéric_Chopin,doc_81,"['doc_20', 'doc_81', 'doc_67', 'doc_2', 'doc_55']",0.5,1,5,82
56cc239e6d243a140015eeb7,Sino-Tibetan_relations_during_the_Ming_dynasty,doc_0,"['doc_52', 'doc_27', 'doc_18', 'doc_25', 'doc_42']",0.0,0,5,72
56cc27346d243a140015eeba,Sino-Tibetan_relations_during_the_Ming_dynasty,doc_1,"['doc_46', 'doc_0', 'doc_1', 'doc_47', 'doc_50']",0.3333333333333333,1,5,72
56cc27346d243a140015eebb,Sino-Tibetan_relations_during_the_Ming_dynasty,doc_1,"['doc_19', 'doc_8', 'doc_20', 'doc_7', 'doc_5']",0.0,0,5,72
56cc27346d243a140015eebc,Sino-Tibetan_relations_during_the_Ming_dynasty,doc_1,"['doc_37', 'doc_1', 'doc_33', 'doc_43', 'doc_11']",0.5,1,5,72
56cc27346d243a140015eebd,Sino-Tibetan_relations_during_the_Ming_dynasty,doc_1,"['doc_41', 'doc_39', 'doc_45', 'doc_42', 'doc_40']",0.0,0,5,72
56cc27346d243a140015eebe,Sino-Tibetan_relations_during_the_Ming_dynasty,doc_1,"['doc_1', 'doc_33', 'doc_18', 'doc_3', 'doc_56']",1.0,1,5,72
56cc306b6d243a140015eec5,Sino-Tibetan_relations_during_the_Ming_dynasty,doc_2,"['doc_49', 'doc_50', 'doc_2', 'doc_47', 'doc_46']",0.3333333333333333,1,5,72
56cc306b6d243a140015eec6,Sino-Tibetan_relations_during_the_Ming_dynasty,doc_2,"['doc_68', 'doc_2', 'doc_52', 'doc_61', 'doc_67']",0.5,1,5,72
56cc306b6d243a140015eec7,Sino-Tibetan_relations_during_the_Ming_dynasty,doc_2,"['doc_69', 'doc_20', 'doc_68', 'doc_56', 'doc_5']",0.0,0,5,72
56cc306b6d243a140015eec8,Sino-Tibetan_relations_during_the_Ming_dynasty,doc_2,"['doc_1', 'doc_48', 'doc_5', 'doc_2', 'doc_66']",0.25,1,5,72
56cc36926d243a140015eece,Sino-Tibetan_relations_during_the_Ming_dynasty,doc_3,"['doc_3', 'doc_54', 'doc_28', 'doc_70', 'doc_71']",1.0,1,5,72
56cc36926d243a140015eecf,Sino-Tibetan_relations_during_the_Ming_dynasty,doc_3,"['doc_3', 'doc_33', 'doc_17', 'doc_49', 'doc_4']",1.0,1,5,72
56cc36926d243a140015eed0,Sino-Tibetan_relations_during_the_Ming_dynasty,doc_3,"['doc_3', 'doc_0', 'doc_46', 'doc_50', 'doc_4']",1.0,1,5,72
56cc36926d243a140015eed1,Sino-Tibetan_relations_during_the_Ming_dynasty,doc_3,"['doc_3', 'doc_4', 'doc_50', 'doc_0', 'doc_5']",1.0,1,5,72
56cc36926d243a140015eed2,Sino-Tibetan_relations_during_the_Ming_dynasty,doc_3,"['doc_3', 'doc_0', 'doc_4', 'doc_71', 'doc_50']",1.0,1,5,72
56cc3ad16d243a140015eed8,Sino-Tibetan_relations_during_the_Ming_dynasty,doc_4,"['doc_4', 'doc_58', 'doc_8', 'doc_19', 'doc_70']",1.0,1,5,72
56cc3ad16d243a140015eed9,Sino-Tibetan_relations_during_the_Ming_dynasty,doc_4,"['doc_4', 'doc_8', 'doc_19', 'doc_10', 'doc_70']",1.0,1,5,72
56cc3ad16d243a140015eeda,Sino-Tibetan_relations_during_the_Ming_dynasty,doc_4,"['doc_50', 'doc_4', 'doc_24', 'doc_48', 'doc_33']",0.5,1,5,72
56cc3ad16d243a140015eedb,Sino-Tibetan_relations_during_the_Ming_dynasty,doc_4,"['doc_70', 'doc_19', 'doc_4', 'doc_20', 'doc_32']",0.3333333333333333,1,5,72
56cc3ad16d243a140015eedc,Sino-Tibetan_relations_during_the_Ming_dynasty,doc_4,"['doc_58', 'doc_19', 'doc_70', 'doc_17', 'doc_20']",0.0,0,5,72
56cc41416d243a140015eee2,Sino-Tibetan_relations_during_the_Ming_dynasty,doc_5,"['doc_5', 'doc_70', 'doc_32', 'doc_10', 'doc_20']",1.0,1,5,72
56cc41416d243a140015eee4,Sino-Tibetan_relations_during_the_Ming_dynasty,doc_5,"['doc_5', 'doc_20', 'doc_60', 'doc_7', 'doc_19']",1.0,1,5,72
56cc41416d243a140015eee5,Sino-Tibetan_relations_during_the_Ming_dynasty,doc_5,"['doc_5', 'doc_7', 'doc_19', 'doc_8', 'doc_48']",1.0,1,5,72
56cc41416d243a140015eee6,Sino-Tibetan_relations_during_the_Ming_dynasty,doc_5,"['doc_71', 'doc_2', 'doc_54', 'doc_49', 'doc_5']",0.2,1,5,72
56cc44b76d243a140015eeec,Sino-Tibetan_relations_during_the_Ming_dynasty,doc_6,"['doc_6', 'doc_61', 'doc_60', 'doc_5', 'doc_68']",1.0,1,5,72
56cc44b76d243a140015eeed,Sino-Tibetan_relations_during_the_Ming_dynasty,doc_6,"['doc_9', 'doc_6', 'doc_56', 'doc_7', 'doc_1']",0.5,1,5,72
56cc44b76d243a140015eeee,Sino-Tibetan_relations_during_the_Ming_dynasty,doc_6,"['doc_20', 'doc_19', 'doc_56', 'doc_6', 'doc_5']",0.25,1,5,72
56cc44b76d243a140015eeef,Sino-Tibetan_relations_during_the_Ming_dynasty,doc_6,"['doc_5', 'doc_6', 'doc_20', 'doc_56', 'doc_7']",0.5,1,5,72
56cc50756d243a140015eef6,Sino-Tibetan_relations_during_the_Ming_dynasty,doc_7,"['doc_14', 'doc_51', 'doc_13', 'doc_20', 'doc_56']",0.0,0,5,72
56cc50756d243a140015eef7,Sino-Tibetan_relations_during_the_Ming_dynasty,doc_7,"['doc_7', 'doc_20', 'doc_8', 'doc_19', 'doc_69']",1.0,1,5,72
56cc50756d243a140015eef8,Sino-Tibetan_relations_during_the_Ming_dynasty,doc_7,"['doc_7', 'doc_20', 'doc_8', 'doc_69', 'doc_56']",1.0,1,5,72
56cc50756d243a140015eef9,Sino-Tibetan_relations_during_the_Ming_dynasty,doc_7,"['doc_7', 'doc_53', 'doc_67', 'doc_62', 'doc_63']",1.0,1,5,72
56cc50756d243a140015eefa,Sino-Tibetan_relations_during_the_Ming_dynasty,doc_7,"['doc_20', 'doc_7', 'doc_1', 'doc_56', 'doc_8']",0.5,1,5,72
56cc52186d243a140015ef00,Sino-Tibetan_relations_during_the_Ming_dynasty,doc_8,"['doc_8', 'doc_19', 'doc_5', 'doc_20', 'doc_7']",1.0,1,5,72
56cc52186d243a140015ef01,Sino-Tibetan_relations_during_the_Ming_dynasty,doc_8,"['doc_19', 'doc_8', 'doc_10', 'doc_17', 'doc_54']",0.5,1,5,72
56cc52186d243a140015ef02,Sino-Tibetan_relations_during_the_Ming_dynasty,doc_8,"['doc_8', 'doc_19', 'doc_70', 'doc_57', 'doc_20']",1.0,1,5,72
56cc52186d243a140015ef03,Sino-Tibetan_relations_during_the_Ming_dynasty,doc_8,"['doc_20', 'doc_8', 'doc_7', 'doc_69', 'doc_56']",0.5,1,5,72
56cc52186d243a140015ef04,Sino-Tibetan_relations_during_the_Ming_dynasty,doc_8,"['doc_20', 'doc_8', 'doc_7', 'doc_1', 'doc_39']",0.5,1,5,72
56cc59cd6d243a140015ef34,Sino-Tibetan_relations_during_the_Ming_dynasty,doc_9,"['doc_9', 'doc_56', 'doc_6', 'doc_45', 'doc_14']",1.0,1,5,72
56cc59cd6d243a140015ef35,Sino-Tibetan_relations_during_the_Ming_dynasty,doc_9,"['doc_9', 'doc_56', 'doc_39', 'doc_14', 'doc_25']",1.0,1,5,72
56cc59cd6d243a140015ef36,Sino-Tibetan_relations_during_the_Ming_dynasty,doc_9,"['doc_9', 'doc_56', 'doc_14', 'doc_69', 'doc_35']",1.0,1,5,72
56cc59cd6d243a140015ef37,Sino-Tibetan_relations_during_the_Ming_dynasty,doc_9,"['doc_69', 'doc_28', 'doc_70', 'doc_67', 'doc_71']",0.0,0,5,72
56cc5e026d243a140015ef3c,Sino-Tibetan_relations_during_the_Ming_dynasty,doc_10,"['doc_10', 'doc_70', 'doc_32', 'doc_13', 'doc_17']",1.0,1,5,72
56cc5e026d243a140015ef3d,Sino-Tibetan_relations_during_the_Ming_dynasty,doc_10,"['doc_19', 'doc_70', 'doc_10', 'doc_8', 'doc_48']",0.3333333333333333,1,5,72
56cc5e026d243a140015ef3e,Sino-Tibetan_relations_during_the_Ming_dynasty,doc_10,"['doc_10', 'doc_11', 'doc_37', 'doc_12', 'doc_27']",1.0,1,5,72
56cc5e026d243a140015ef3f,Sino-Tibetan_relations_during_the_Ming_dynasty,doc_10,"['doc_10', 'doc_11', 'doc_37', 'doc_19', 'doc_12']",1.0,1,5,72
56cc5e026d243a140015ef40,Sino-Tibetan_relations_during_the_Ming_dynasty,doc_10,"['doc_11', 'doc_37', 'doc_10', 'doc_33', 'doc_38']",0.3333333333333333,1,5,72
56cc5fd66d243a140015ef50,Sino-Tibetan_relations_during_the_Ming_dynasty,doc_11,"['doc_67', 'doc_7', 'doc_65', 'doc_62', 'doc_53']",0.0,0,5,72
56cc5fd66d243a140015ef52,Sino-Tibetan_relations_during_the_Ming_dynasty,doc_11,"['doc_11', 'doc_37', 'doc_10', 'doc_53', 'doc_29']",1.0,1,5,72
56cc5fd66d243a140015ef53,Sino-Tibetan_relations_during_the_Ming_dynasty,doc_11,"['doc_11', 'doc_10', 'doc_58', 'doc_12', 'doc_37']",1.0,1,5,72
56cc5fd66d243a140015ef54,Sino-Tibetan_relations_during_the_Ming_dynasty,doc_11,"['doc_11', 'doc_39', 'doc_33', 'doc_40', 'doc_38']",1.0,1,5,72
56cccb3c62d2951400fa64be,Sino-Tibetan_relations_during_the_Ming_dynasty,doc_12,"['doc_12', 'doc_20', 'doc_21', 'doc_51', 'doc_59']",1.0,1,5,72
56cccb3c62d2951400fa64bf,Sino-Tibetan_relations_during_the_Ming_dynasty,doc_12,"['doc_37', 'doc_33', 'doc_40', 'doc_58', 'doc_10']",0.0,0,5,72
56cccb3c62d2951400fa64c0,Sino-Tibetan_relations_during_the_Ming_dynasty,doc_12,"['doc_1', 'doc_55', 'doc_0', 'doc_43', 'doc_56']",0.0,0,5,72
56ccd5bc62d2951400fa64c6,Sino-Tibetan_relations_during_the_Ming_dynasty,doc_13,"['doc_71', 'doc_70', 'doc_32', 'doc_19', 'doc_54']",0.0,0,5,72
56ccd5bc62d2951400fa64c7,Sino-Tibetan_relations_during_the_Ming_dynasty,doc_13,"['doc_15', 'doc_13', 'doc_35', 'doc_0', 'doc_10']",0.5,1,5,72
56ccd5bc62d2951400fa64c8,Sino-Tibetan_relations_during_the_Ming_dynasty,doc_13,"['doc_13', 'doc_32', 'doc_50', 'doc_58', 'doc_10']",1.0,1,5,72
56ccd5bc62d2951400fa64c9,Sino-Tibetan_relations_during_the_Ming_dynasty,doc_13,"['doc_13', 'doc_22', 'doc_24', 'doc_38', 'doc_14']",1.0,1,5,72
56ccd5bc62d2951400fa64ca,Sino-Tibetan_relations_during_the_Ming_dynasty,doc_13,"['doc_13', 'doc_49', 'doc_21', 'doc_22', 'doc_2']",1.0,1,5,72
56ccd9b562d2951400fa64d0,Sino-Tibetan_relations_during_the_Ming_dynasty,doc_14,"['doc_14', 'doc_17', 'doc_22', 'doc_58', 'doc_32']",1.0,1,5,72
56ccd9b562d2951400fa64d2,Sino-Tibetan_relations_during_the_Ming_dynasty,doc_14,"['doc_14', 'doc_26', 'doc_7', 'doc_6', 'doc_56']",1.0,1,5,72
56ccd9b562d2951400fa64d3,Sino-Tibetan_relations_during_the_Ming_dynasty,doc_14,"['doc_9', 'doc_7', 'doc_14', 'doc_27', 'doc_28']",0.3333333333333333,1,5,72
56ccde7862d2951400fa64d8,Sino-Tibetan_relations_during_the_Ming_dynasty,doc_15,"['doc_15', 'doc_25', 'doc_11', 'doc_30', 'doc_65']",1.0,1,5,72
56ccde7862d2951400fa64d9,Sino-Tibetan_relations_during_the_Ming_dynasty,doc_15,"['doc_19', 'doc_20', 'doc_46', 'doc_15', 'doc_58']",0.25,1,5,72
56ccde7862d2951400fa64da,Sino-Tibetan_relations_during_the_Ming_dynasty,doc_15,"['doc_0', 'doc_16', 'doc_36', 'doc_15', 'doc_50']",0.25,1,5,72
56ccea7c62d2951400fa64de,Sino-Tibetan_relations_during_the_Ming_dynasty,doc_16,"['doc_16', 'doc_33', 'doc_6', 'doc_56', 'doc_61']",1.0,1,5,72
56ccea7c62d2951400fa64df,Sino-Tibetan_relations_during_the_Ming_dynasty,doc_16,"['doc_16', 'doc_41', 'doc_6', 'doc_39', 'doc_68']",1.0,1,5,72
56ccea7f62d2951400fa64e2,Sino-Tibetan_relations_during_the_Ming_dynasty,doc_17,"['doc_16', 'doc_17', 'doc_0', 'doc_21', 'doc_32']",0.5,1,5,72
56ccea7f62d2951400fa64e3,Sino-Tibetan_relations_during_the_Ming_dynasty,doc_17,"['doc_17', 'doc_6', 'doc_52', 'doc_38', 'doc_39']",1.0,1,5,72
56ccea7f62d2951400fa64e5,Sino-Tibetan_relations_during_the_Ming_dynasty,doc_17,"['doc_61', 'doc_69', 'doc_23', 'doc_60', 'doc_63']",0.0,0,5,72
56ccea7f62d2951400fa64e6,Sino-Tibetan_relations_during_the_Ming_dynasty,doc_17,"['doc_17', 'doc_58', 'doc_50', 'doc_21', 'doc_13']",1.0,1,5,72
56cceda862d2951400fa64ec,Sino-Tibetan_relations_during_the_Ming_dynasty,doc_18,"['doc_18', 'doc_54', 'doc_16', 'doc_55', 'doc_67']",1.0,1,5,72
56cceda862d2951400fa64ed,Sino-Tibetan_relations_during_the_Ming_dynasty,doc_18,"['doc_18', 'doc_54', 'doc_71', 'doc_55', 'doc_32']",1.0,1,5,72
56cceda862d2951400fa64ee,Sino-Tibetan_relations_during_the_Ming_dynasty,doc_18,"['doc_18', 'doc_51', 'doc_35', 'doc_16', 'doc_15']",1.0,1,5,72
56ccf12b62d2951400fa64f2,Sino-Tibetan_relations_during_the_Ming_dynasty,doc_19,"['doc_19', 'doc_18', 'doc_8', 'doc_20', 'doc_15']",1.0,1,5,72
56ccf12b62d2951400fa64f3,Sino-Tibetan_relations_during_the_Ming_dynasty,doc_19,"['doc_19', 'doc_18', 'doc_20', 'doc_15', 'doc_8']",1.0,1,5,72
56ccf12b62d2951400fa64f4,Sino-Tibetan_relations_during_the_Ming_dynasty,doc_19,"['doc_19', 'doc_18', 'doc_8', 'doc_20', 'doc_32']",1.0,1,5,72
56ccf12b62d2951400fa64f5,Sino-Tibetan_relations_during_the_Ming_dynasty,doc_19,"['doc_8', 'doc_20', 'doc_19', 'doc_7', 'doc_5']",0.3333333333333333,1,5,72
56ccf12b62d2951400fa64f6,Sino-Tibetan_relations_during_the_Ming_dynasty,doc_19,"['doc_19', 'doc_10', 'doc_8', 'doc_4', 'doc_70']",1.0,1,5,72
56ccf53362d2951400fa64fd,Sino-Tibetan_relations_during_the_Ming_dynasty,doc_20,"['doc_20', 'doc_69', 'doc_19', 'doc_7', 'doc_5']",1.0,1,5,72
56ccf53362d2951400fa64ff,Sino-Tibetan_relations_during_the_Ming_dynasty,doc_20,"['doc_54', 'doc_0', 'doc_3', 'doc_4', 'doc_57']",0.0,0,5,72
56ccf53362d2951400fa6500,Sino-Tibetan_relations_during_the_Ming_dynasty,doc_20,"['doc_20', 'doc_24', 'doc_22', 'doc_56', 'doc_23']",1.0,1,5,72
56ccf96562d2951400fa6506,Sino-Tibetan_relations_during_the_Ming_dynasty,doc_21,"['doc_21', 'doc_20', 'doc_59', 'doc_44', 'doc_58']",1.0,1,5,72
56ccf96562d2951400fa6507,Sino-Tibetan_relations_during_the_Ming_dynasty,doc_21,"['doc_30', 'doc_7', 'doc_26', 'doc_69', 'doc_68']",0.0,0,5,72
56ccf96562d2951400fa6509,Sino-Tibetan_relations_during_the_Ming_dynasty,doc_21,"['doc_21', 'doc_69', 'doc_57', 'doc_36', 'doc_18']",1.0,1,5,72
56cd480b62d2951400fa650e,Sino-Tibetan_relations_during_the_Ming_dynasty,doc_22,"['doc_55', 'doc_57', 'doc_54', 'doc_18', 'doc_16']",0.0,0,5,72
56cd480b62d2951400fa650f,Sino-Tibetan_relations_during_the_Ming_dynasty,doc_22,"['doc_15', 'doc_13', 'doc_35', 'doc_55', 'doc_25']",0.0,0,5,72
56cd480b62d2951400fa6510,Sino-Tibetan_relations_during_the_Ming_dynasty,doc_22,"['doc_13', 'doc_22', 'doc_24', 'doc_57', 'doc_38']",0.5,1,5,72
56cd480b62d2951400fa6511,Sino-Tibetan_relations_during_the_Ming_dynasty,doc_22,"['doc_13', 'doc_22', 'doc_24', 'doc_21', 'doc_31']",0.5,1,5,72
56cd4a5162d2951400fa6516,Sino-Tibetan_relations_during_the_Ming_dynasty,doc_23,"['doc_55', 'doc_60', 'doc_18', 'doc_15', 'doc_16']",0.0,0,5,72
56cd4a5162d2951400fa6517,Sino-Tibetan_relations_during_the_Ming_dynasty,doc_23,"['doc_23', 'doc_29', 'doc_17', 'doc_53', 'doc_34']",1.0,1,5,72
56cd4a5162d2951400fa6518,Sino-Tibetan_relations_during_the_Ming_dynasty,doc_23,"['doc_53', 'doc_11', 'doc_23', 'doc_29', 'doc_39']",0.3333333333333333,1,5,72
56cd556f62d2951400fa651c,Sino-Tibetan_relations_during_the_Ming_dynasty,doc_24,"['doc_24', 'doc_32', 'doc_31', 'doc_13', 'doc_20']",1.0,1,5,72
56cd556f62d2951400fa651d,Sino-Tibetan_relations_during_the_Ming_dynasty,doc_24,"['doc_24', 'doc_20', 'doc_10', 'doc_31', 'doc_56']",1.0,1,5,72
56cd58c362d2951400fa6520,Sino-Tibetan_relations_during_the_Ming_dynasty,doc_25,"['doc_25', 'doc_9', 'doc_27', 'doc_26', 'doc_30']",1.0,1,5,72
56cd58c362d2951400fa6521,Sino-Tibetan_relations_during_the_Ming_dynasty,doc_25,"['doc_25', 'doc_9', 'doc_26', 'doc_30', 'doc_23']",1.0,1,5,72
56cd58c362d2951400fa6522,Sino-Tibetan_relations_during_the_Ming_dynasty,doc_25,"['doc_19', 'doc_20', 'doc_24', 'doc_25', 'doc_31']",0.25,1,5,72
56cd58c362d2951400fa6523,Sino-Tibetan_relations_during_the_Ming_dynasty,doc_25,"['doc_25', 'doc_9', 'doc_30', 'doc_14', 'doc_26']",1.0,1,5,72
56cd58c362d2951400fa6524,Sino-Tibetan_relations_during_the_Ming_dynasty,doc_25,"['doc_40', 'doc_45', 'doc_37', 'doc_42', 'doc_33']",0.0,0,5,72
56cd5ccc62d2951400fa6532,Sino-Tibetan_relations_during_the_Ming_dynasty,doc_26,"['doc_21', 'doc_51', 'doc_57', 'doc_26', 'doc_18']",0.25,1,5,72
56cd5ccc62d2951400fa6533,Sino-Tibetan_relations_during_the_Ming_dynasty,doc_26,"['doc_26', 'doc_9', 'doc_1', 'doc_69', 'doc_68']",1.0,1,5,72
56cd5ccc62d2951400fa6535,Sino-Tibetan_relations_during_the_Ming_dynasty,doc_26,"['doc_26', 'doc_7', 'doc_63', 'doc_55', 'doc_51']",1.0,1,5,72
56cd5ccc62d2951400fa6536,Sino-Tibetan_relations_during_the_Ming_dynasty,doc_26,"['doc_26', 'doc_68', 'doc_9', 'doc_41', 'doc_51']",1.0,1,5,72
56cd5f5b62d2951400fa654c,Sino-Tibetan_relations_during_the_Ming_dynasty,doc_27,"['doc_27', 'doc_10', 'doc_65', 'doc_11', 'doc_30']",1.0,1,5,72
56cd5f5b62d2951400fa654d,Sino-Tibetan_relations_during_the_Ming_dynasty,doc_27,"['doc_27', 'doc_7', 'doc_25', 'doc_30', 'doc_14']",1.0,1,5,72
56cd5f5b62d2951400fa654e,Sino-Tibetan_relations_during_the_Ming_dynasty,doc_27,"['doc_7', 'doc_9', 'doc_27', 'doc_28', 'doc_52']",0.3333333333333333,1,5,72
56cd5f5b62d2951400fa654f,Sino-Tibetan_relations_during_the_Ming_dynasty,doc_27,"['doc_27', 'doc_68', 'doc_25', 'doc_22', 'doc_41']",1.0,1,5,72
56cd5f5b62d2951400fa6550,Sino-Tibetan_relations_during_the_Ming_dynasty,doc_27,"['doc_33', 'doc_11', 'doc_38', 'doc_47', 'doc_53']",0.0,0,5,72
56cd606a62d2951400fa6556,Sino-Tibetan_relations_during_the_Ming_dynasty,doc_28,"['doc_28', 'doc_18', 'doc_57', 'doc_21', 'doc_69']",1.0,1,5,72
56cd606a62d2951400fa6557,Sino-Tibetan_relations_during_the_Ming_dynasty,doc_28,"['doc_28', 'doc_9', 'doc_52', 'doc_67', 'doc_7']",1.0,1,5,72
56cd606a62d2951400fa6558,Sino-Tibetan_relations_during_the_Ming_dynasty,doc_28,"['doc_28', 'doc_62', 'doc_64', 'doc_69', 'doc_67']",1.0,1,5,72
56cd606a62d2951400fa6559,Sino-Tibetan_relations_during_the_Ming_dynasty,doc_28,"['doc_28', 'doc_36', 'doc_20', 'doc_51', 'doc_24']",1.0,1,5,72
56cd62e262d2951400fa655e,Sino-Tibetan_relations_during_the_Ming_dynasty,doc_29,"['doc_23', 'doc_29', 'doc_14', 'doc_35', 'doc_64']",0.5,1,5,72
56cd62e262d2951400fa655f,Sino-Tibetan_relations_during_the_Ming_dynasty,doc_29,"['doc_29', 'doc_23', 'doc_35', 'doc_36', 'doc_17']",1.0,1,5,72
56cd62e262d2951400fa6560,Sino-Tibetan_relations_during_the_Ming_dynasty,doc_29,"['doc_52', 'doc_67', 'doc_68', 'doc_29', 'doc_61']",0.25,1,5,72
56cd62e262d2951400fa6561,Sino-Tibetan_relations_during_the_Ming_dynasty,doc_29,"['doc_29', 'doc_30', 'doc_39', 'doc_33', 'doc_23']",1.0,1,5,72
56cd62e262d2951400fa6562,Sino-Tibetan_relations_during_the_Ming_dynasty,doc_29,"['doc_29', 'doc_37', 'doc_53', 'doc_34', 'doc_11']",1.0,1,5,72
56cd64e762d2951400fa6569,Sino-Tibetan_relations_during_the_Ming_dynasty,doc_30,"['doc_29', 'doc_30', 'doc_17', 'doc_34', 'doc_49']",0.5,1,5,72
56cd64e762d2951400fa656a,Sino-Tibetan_relations_during_the_Ming_dynasty,doc_30,"['doc_29', 'doc_30', 'doc_17', 'doc_34', 'doc_1']",0.5,1,5,72
56cd64e762d2951400fa656b,Sino-Tibetan_relations_during_the_Ming_dynasty,doc_30,"['doc_30', 'doc_39', 'doc_38', 'doc_29', 'doc_40']",1.0,1,5,72
56cd64e762d2951400fa656c,Sino-Tibetan_relations_during_the_Ming_dynasty,doc_30,"['doc_39', 'doc_38', 'doc_40', 'doc_30', 'doc_45']",0.25,1,5,72
56cd669562d2951400fa6572,Sino-Tibetan_relations_during_the_Ming_dynasty,doc_31,"['doc_21', 'doc_17', 'doc_22', 'doc_36', 'doc_31']",0.2,1,5,72
56cd682162d2951400fa658c,Sino-Tibetan_relations_during_the_Ming_dynasty,doc_32,"['doc_35', 'doc_23', 'doc_22', 'doc_21', 'doc_36']",0.0,0,5,72
56cd682162d2951400fa658d,Sino-Tibetan_relations_during_the_Ming_dynasty,doc_32,"['doc_49', 'doc_50', 'doc_32', 'doc_66', 'doc_47']",0.3333333333333333,1,5,72
56cd682162d2951400fa658e,Sino-Tibetan_relations_during_the_Ming_dynasty,doc_32,"['doc_32', 'doc_15', 'doc_51', 'doc_50', 'doc_35']",1.0,1,5,72
56cd6a3d62d2951400fa659c,Sino-Tibetan_relations_during_the_Ming_dynasty,doc_33,"['doc_58', 'doc_38', 'doc_53', 'doc_27', 'doc_30']",0.0,0,5,72
56cd6a3d62d2951400fa659d,Sino-Tibetan_relations_during_the_Ming_dynasty,doc_33,"['doc_33', 'doc_37', 'doc_38', 'doc_39', 'doc_40']",1.0,1,5,72
56cd6a3d62d2951400fa659e,Sino-Tibetan_relations_during_the_Ming_dynasty,doc_33,"['doc_33', 'doc_38', 'doc_37', 'doc_63', 'doc_11']",1.0,1,5,72
56cd6a3d62d2951400fa659f,Sino-Tibetan_relations_during_the_Ming_dynasty,doc_33,"['doc_33', 'doc_38', 'doc_41', 'doc_37', 'doc_11']",1.0,1,5,72
56cd6a3d62d2951400fa65a0,Sino-Tibetan_relations_during_the_Ming_dynasty,doc_33,"['doc_40', 'doc_47', 'doc_33', 'doc_23', 'doc_53']",0.3333333333333333,1,5,72
56cd6b0562d2951400fa65a6,Sino-Tibetan_relations_during_the_Ming_dynasty,doc_34,"['doc_34', 'doc_52', 'doc_68', 'doc_40', 'doc_69']",1.0,1,5,72
56cd6b0562d2951400fa65a7,Sino-Tibetan_relations_during_the_Ming_dynasty,doc_34,"['doc_34', 'doc_52', 'doc_1', 'doc_47', 'doc_43']",1.0,1,5,72
56cd6b0562d2951400fa65a8,Sino-Tibetan_relations_during_the_Ming_dynasty,doc_34,"['doc_34', 'doc_52', 'doc_68', 'doc_61', 'doc_67']",1.0,1,5,72
56cd6e9062d2951400fa65ac,Sino-Tibetan_relations_during_the_Ming_dynasty,doc_35,"['doc_35', 'doc_23', 'doc_36', 'doc_51', 'doc_21']",1.0,1,5,72
56cd6e9062d2951400fa65ad,Sino-Tibetan_relations_during_the_Ming_dynasty,doc_35,"['doc_9', 'doc_56', 'doc_6', 'doc_67', 'doc_69']",0.0,0,5,72
56cd70e962d2951400fa65b2,Sino-Tibetan_relations_during_the_Ming_dynasty,doc_36,"['doc_36', 'doc_16', 'doc_21', 'doc_17', 'doc_0']",1.0,1,5,72
56cd70e962d2951400fa65b3,Sino-Tibetan_relations_during_the_Ming_dynasty,doc_36,"['doc_52', 'doc_67', 'doc_31', 'doc_36', 'doc_14']",0.25,1,5,72
56cd70e962d2951400fa65b4,Sino-Tibetan_relations_during_the_Ming_dynasty,doc_36,"['doc_36', 'doc_23', 'doc_35', 'doc_21', 'doc_51']",1.0,1,5,72
56cd70e962d2951400fa65b5,Sino-Tibetan_relations_during_the_Ming_dynasty,doc_36,"['doc_67', 'doc_52', 'doc_26', 'doc_4', 'doc_2']",0.0,0,5,72
56cd727662d2951400fa65ba,Sino-Tibetan_relations_during_the_Ming_dynasty,doc_37,"['doc_58', 'doc_10', 'doc_42', 'doc_59', 'doc_37']",0.2,1,5,72
56cd727662d2951400fa65bb,Sino-Tibetan_relations_during_the_Ming_dynasty,doc_37,"['doc_37', 'doc_33', 'doc_40', 'doc_42', 'doc_38']",1.0,1,5,72
56cd727662d2951400fa65bc,Sino-Tibetan_relations_during_the_Ming_dynasty,doc_37,"['doc_37', 'doc_40', 'doc_33', 'doc_38', 'doc_42']",1.0,1,5,72
56cd727662d2951400fa65bd,Sino-Tibetan_relations_during_the_Ming_dynasty,doc_37,"['doc_39', 'doc_40', 'doc_41', 'doc_37', 'doc_42']",0.25,1,5,72
56cd73b562d2951400fa65cc,Sino-Tibetan_relations_during_the_Ming_dynasty,doc_38,"['doc_33', 'doc_38', 'doc_11', 'doc_37', 'doc_40']",0.5,1,5,72
56cd73b562d2951400fa65cd,Sino-Tibetan_relations_during_the_Ming_dynasty,doc_38,"['doc_38', 'doc_33', 'doc_11', 'doc_41', 'doc_37']",1.0,1,5,72
56cd73b562d2951400fa65ce,Sino-Tibetan_relations_during_the_Ming_dynasty,doc_38,"['doc_38', 'doc_39', 'doc_58', 'doc_10', 'doc_49']",1.0,1,5,72
56cd73b562d2951400fa65cf,Sino-Tibetan_relations_during_the_Ming_dynasty,doc_38,"['doc_38', 'doc_39', 'doc_53', 'doc_7', 'doc_40']",1.0,1,5,72
56cd779762d2951400fa65dc,Sino-Tibetan_relations_during_the_Ming_dynasty,doc_39,"['doc_39', 'doc_41', 'doc_45', 'doc_40', 'doc_42']",1.0,1,5,72
56cd779762d2951400fa65dd,Sino-Tibetan_relations_during_the_Ming_dynasty,doc_39,"['doc_39', 'doc_37', 'doc_40', 'doc_53', 'doc_44']",1.0,1,5,72
56cd779762d2951400fa65de,Sino-Tibetan_relations_during_the_Ming_dynasty,doc_39,"['doc_39', 'doc_27', 'doc_53', 'doc_40', 'doc_43']",1.0,1,5,72
56cd779762d2951400fa65df,Sino-Tibetan_relations_during_the_Ming_dynasty,doc_39,"['doc_39', 'doc_56', 'doc_60', 'doc_69', 'doc_43']",1.0,1,5,72
56cd779762d2951400fa65e0,Sino-Tibetan_relations_during_the_Ming_dynasty,doc_39,"['doc_39', 'doc_40', 'doc_41', 'doc_42', 'doc_45']",1.0,1,5,72
56cd798262d2951400fa65f6,Sino-Tibetan_relations_during_the_Ming_dynasty,doc_40,"['doc_40', 'doc_37', 'doc_39', 'doc_33', 'doc_38']",1.0,1,5,72
56cd798262d2951400fa65f7,Sino-Tibetan_relations_during_the_Ming_dynasty,doc_40,"['doc_49', 'doc_40', 'doc_32', 'doc_38', 'doc_17']",0.5,1,5,72
56cd798262d2951400fa65f8,Sino-Tibetan_relations_during_the_Ming_dynasty,doc_40,"['doc_39', 'doc_40', 'doc_42', 'doc_27', 'doc_41']",0.5,1,5,72
56cd798262d2951400fa65fa,Sino-Tibetan_relations_during_the_Ming_dynasty,doc_40,"['doc_40', 'doc_42', 'doc_39', 'doc_41', 'doc_37']",1.0,1,5,72
56cd7c1962d2951400fa661e,Sino-Tibetan_relations_during_the_Ming_dynasty,doc_41,"['doc_49', 'doc_2', 'doc_71', 'doc_21', 'doc_41']",0.2,1,5,72
56cd7c1962d2951400fa661f,Sino-Tibetan_relations_during_the_Ming_dynasty,doc_41,"['doc_41', 'doc_39', 'doc_45', 'doc_53', 'doc_40']",1.0,1,5,72
56cd7c1962d2951400fa6620,Sino-Tibetan_relations_during_the_Ming_dynasty,doc_41,"['doc_37', 'doc_33', 'doc_40', 'doc_58', 'doc_41']",0.2,1,5,72
56cd7c1962d2951400fa6621,Sino-Tibetan_relations_during_the_Ming_dynasty,doc_41,"['doc_33', 'doc_49', 'doc_41', 'doc_71', 'doc_2']",0.3333333333333333,1,5,72
56cd7c1962d2951400fa6622,Sino-Tibetan_relations_during_the_Ming_dynasty,doc_41,"['doc_41', 'doc_33', 'doc_49', 'doc_37', 'doc_11']",1.0,1,5,72
56cd7dda62d2951400fa6640,Sino-Tibetan_relations_during_the_Ming_dynasty,doc_42,"['doc_37', 'doc_33', 'doc_1', 'doc_59', 'doc_51']",0.0,0,5,72
56cd7dda62d2951400fa6641,Sino-Tibetan_relations_during_the_Ming_dynasty,doc_42,"['doc_42', 'doc_37', 'doc_33', 'doc_40', 'doc_17']",1.0,1,5,72
56cd7dda62d2951400fa6644,Sino-Tibetan_relations_during_the_Ming_dynasty,doc_42,"['doc_42', 'doc_20', 'doc_23', 'doc_17', 'doc_14']",1.0,1,5,72
56cd8d1462d2951400fa66b8,Sino-Tibetan_relations_during_the_Ming_dynasty,doc_43,"['doc_43', 'doc_1', 'doc_31', 'doc_50', 'doc_66']",1.0,1,5,72
56cd8d1462d2951400fa66b9,Sino-Tibetan_relations_during_the_Ming_dynasty,doc_43,"['doc_47', 'doc_23', 'doc_46', 'doc_43', 'doc_33']",0.25,1,5,72
56cd8d1462d2951400fa66bb,Sino-Tibetan_relations_during_the_Ming_dynasty,doc_43,"['doc_36', 'doc_16', 'doc_0', 'doc_21', 'doc_51']",0.0,0,5,72
56cd8d1a62d2951400fa66c2,Sino-Tibetan_relations_during_the_Ming_dynasty,doc_44,"['doc_44', 'doc_58', 'doc_10', 'doc_71', 'doc_33']",1.0,1,5,72
56cd8d1a62d2951400fa66c3,Sino-Tibetan_relations_during_the_Ming_dynasty,doc_44,"['doc_44', 'doc_58', 'doc_21', 'doc_17', 'doc_11']",1.0,1,5,72
56cd8d1a62d2951400fa66c4,Sino-Tibetan_relations_during_the_Ming_dynasty,doc_44,"['doc_44', 'doc_11', 'doc_27', 'doc_17', 'doc_20']",1.0,1,5,72
56cd8d1a62d2951400fa66c5,Sino-Tibetan_relations_during_the_Ming_dynasty,doc_44,"['doc_44', 'doc_38', 'doc_33', 'doc_53', 'doc_11']",1.0,1,5,72
56cd8d1a62d2951400fa66c6,Sino-Tibetan_relations_during_the_Ming_dynasty,doc_44,"['doc_44', 'doc_17', 'doc_58', 'doc_11', 'doc_27']",1.0,1,5,72
56cd8d2162d2951400fa66cc,Sino-Tibetan_relations_during_the_Ming_dynasty,doc_45,"['doc_59', 'doc_0', 'doc_50', 'doc_58', 'doc_48']",0.0,0,5,72
56cd8d2162d2951400fa66cd,Sino-Tibetan_relations_during_the_Ming_dynasty,doc_45,"['doc_45', 'doc_53', 'doc_29', 'doc_52', 'doc_51']",1.0,1,5,72
56cd8d2162d2951400fa66ce,Sino-Tibetan_relations_during_the_Ming_dynasty,doc_45,"['doc_45', 'doc_42', 'doc_39', 'doc_41', 'doc_40']",1.0,1,5,72
56cd8d2162d2951400fa66cf,Sino-Tibetan_relations_during_the_Ming_dynasty,doc_45,"['doc_17', 'doc_47', 'doc_59', 'doc_23', 'doc_43']",0.0,0,5,72
56cd8d2462d2951400fa66d5,Sino-Tibetan_relations_during_the_Ming_dynasty,doc_46,"['doc_37', 'doc_40', 'doc_33', 'doc_38', 'doc_58']",0.0,0,5,72
56cd8d2462d2951400fa66d6,Sino-Tibetan_relations_during_the_Ming_dynasty,doc_46,"['doc_46', 'doc_47', 'doc_33', 'doc_1', 'doc_23']",1.0,1,5,72
56cd8d2462d2951400fa66d7,Sino-Tibetan_relations_during_the_Ming_dynasty,doc_46,"['doc_46', 'doc_48', 'doc_38', 'doc_33', 'doc_47']",1.0,1,5,72
56cd8d2762d2951400fa66de,Sino-Tibetan_relations_during_the_Ming_dynasty,doc_47,"['doc_16', 'doc_47', 'doc_17', 'doc_43', 'doc_15']",0.5,1,5,72
56cd8d2762d2951400fa66df,Sino-Tibetan_relations_during_the_Ming_dynasty,doc_47,"['doc_46', 'doc_47', 'doc_23', 'doc_1', 'doc_33']",0.5,1,5,72
56cd8d2762d2951400fa66e0,Sino-Tibetan_relations_during_the_Ming_dynasty,doc_47,"['doc_47', 'doc_46', 'doc_23', 'doc_43', 'doc_24']",1.0,1,5,72
56cd8d2762d2951400fa66e1,Sino-Tibetan_relations_during_the_Ming_dynasty,doc_47,"['doc_36', 'doc_17', 'doc_21', 'doc_69', 'doc_31']",0.0,0,5,72
56cd8d2762d2951400fa66e2,Sino-Tibetan_relations_during_the_Ming_dynasty,doc_47,"['doc_47', 'doc_46', 'doc_48', 'doc_23', 'doc_18']",1.0,1,5,72
56cd8d2962d2951400fa66e8,Sino-Tibetan_relations_during_the_Ming_dynasty,doc_48,"['doc_48', 'doc_46', 'doc_47', 'doc_1', 'doc_50']",1.0,1,5,72
56cd8d2962d2951400fa66e9,Sino-Tibetan_relations_during_the_Ming_dynasty,doc_48,"['doc_48', 'doc_60', 'doc_66', 'doc_68', 'doc_61']",1.0,1,5,72
56cd8d2962d2951400fa66ea,Sino-Tibetan_relations_during_the_Ming_dynasty,doc_48,"['doc_60', 'doc_61', 'doc_48', 'doc_62', 'doc_68']",0.3333333333333333,1,5,72
56cd8d2962d2951400fa66eb,Sino-Tibetan_relations_during_the_Ming_dynasty,doc_48,"['doc_60', 'doc_48', 'doc_61', 'doc_68', 'doc_62']",0.5,1,5,72
56cd8d2962d2951400fa66ec,Sino-Tibetan_relations_during_the_Ming_dynasty,doc_48,"['doc_48', 'doc_46', 'doc_50', 'doc_17', 'doc_49']",1.0,1,5,72
56cd8f8962d2951400fa6716,Sino-Tibetan_relations_during_the_Ming_dynasty,doc_49,"['doc_49', 'doc_10', 'doc_2', 'doc_11', 'doc_71']",1.0,1,5,72
56cd8f8962d2951400fa6717,Sino-Tibetan_relations_during_the_Ming_dynasty,doc_49,"['doc_49', 'doc_13', 'doc_10', 'doc_27', 'doc_22']",1.0,1,5,72
56cd8f8962d2951400fa6718,Sino-Tibetan_relations_during_the_Ming_dynasty,doc_49,"['doc_49', 'doc_17', 'doc_68', 'doc_47', 'doc_22']",1.0,1,5,72
56cd8f8962d2951400fa6719,Sino-Tibetan_relations_during_the_Ming_dynasty,doc_49,"['doc_47', 'doc_49', 'doc_13', 'doc_46', 'doc_48']",0.5,1,5,72
56cd8f8962d2951400fa671a,Sino-Tibetan_relations_during_the_Ming_dynasty,doc_49,"['doc_49', 'doc_2', 'doc_71', 'doc_41', 'doc_68']",1.0,1,5,72
56cd982562d2951400fa6770,Sino-Tibetan_relations_during_the_Ming_dynasty,doc_50,"['doc_50', 'doc_58', 'doc_51', 'doc_59', 'doc_0']",1.0,1,5,72
56cd982562d2951400fa6771,Sino-Tibetan_relations_during_the_Ming_dynasty,doc_50,"['doc_48', 'doc_50', 'doc_68', 'doc_5', 'doc_71']",0.5,1,5,72
56cd982562d2951400fa6772,Sino-Tibetan_relations_during_the_Ming_dynasty,doc_50,"['doc_48', 'doc_5', 'doc_66', 'doc_20', 'doc_50']",0.2,1,5,72
56cd982562d2951400fa6774,Sino-Tibetan_relations_during_the_Ming_dynasty,doc_50,"['doc_56', 'doc_51', 'doc_43', 'doc_16', 'doc_1']",0.0,0,5,72
56cdaa2662d2951400fa67ec,Sino-Tibetan_relations_during_the_Ming_dynasty,doc_51,"['doc_51', 'doc_16', 'doc_50', 'doc_21', 'doc_0']",1.0,1,5,72
56cdaa2662d2951400fa67ed,Sino-Tibetan_relations_during_the_Ming_dynasty,doc_51,"['doc_51', 'doc_50', 'doc_17', 'doc_58', 'doc_0']",1.0,1,5,72
56cdaa2662d2951400fa67ee,Sino-Tibetan_relations_during_the_Ming_dynasty,doc_51,"['doc_1', 'doc_37', 'doc_33', 'doc_43', 'doc_40']",0.0,0,5,72
56cdaa2662d2951400fa67ef,Sino-Tibetan_relations_during_the_Ming_dynasty,doc_51,"['doc_37', 'doc_40', 'doc_33', 'doc_51', 'doc_58']",0.25,1,5,72
56cdac5e62d2951400fa67f4,Sino-Tibetan_relations_during_the_Ming_dynasty,doc_52,"['doc_52', 'doc_67', 'doc_22', 'doc_1', 'doc_7']",1.0,1,5,72
56cdac5e62d2951400fa67f6,Sino-Tibetan_relations_during_the_Ming_dynasty,doc_52,"['doc_52', 'doc_67', 'doc_69', 'doc_68', 'doc_6']",1.0,1,5,72
56cdac5e62d2951400fa67f7,Sino-Tibetan_relations_during_the_Ming_dynasty,doc_52,"['doc_52', 'doc_68', 'doc_67', 'doc_61', 'doc_34']",1.0,1,5,72
56cdac5e62d2951400fa67f8,Sino-Tibetan_relations_during_the_Ming_dynasty,doc_52,"['doc_52', 'doc_27', 'doc_34', 'doc_69', 'doc_68']",1.0,1,5,72
56cdae5962d2951400fa67fe,Sino-Tibetan_relations_during_the_Ming_dynasty,doc_53,"['doc_58', 'doc_53', 'doc_10', 'doc_44', 'doc_37']",0.5,1,5,72
56cdae5962d2951400fa67ff,Sino-Tibetan_relations_during_the_Ming_dynasty,doc_53,"['doc_58', 'doc_53', 'doc_37', 'doc_40', 'doc_33']",0.5,1,5,72
56cdae5962d2951400fa6800,Sino-Tibetan_relations_during_the_Ming_dynasty,doc_53,"['doc_7', 'doc_53', 'doc_67', 'doc_29', 'doc_52']",0.5,1,5,72
56ce1d0caab44d1400b8845e,Sino-Tibetan_relations_during_the_Ming_dynasty,doc_54,"['doc_54', 'doc_18', 'doc_57', 'doc_55', 'doc_0']",1.0,1,5,72
56ce1d0caab44d1400b8845f,Sino-Tibetan_relations_during_the_Ming_dynasty,doc_54,"['doc_16', 'doc_18', 'doc_54', 'doc_51', 'doc_36']",0.3333333333333333,1,5,72
56ce1d0caab44d1400b88460,Sino-Tibetan_relations_during_the_Ming_dynasty,doc_54,"['doc_0', 'doc_54', 'doc_16', 'doc_50', 'doc_1']",0.5,1,5,72
56ce1d0caab44d1400b88461,Sino-Tibetan_relations_during_the_Ming_dynasty,doc_54,"['doc_70', 'doc_71', 'doc_5', 'doc_2', 'doc_49']",0.0,0,5,72
56ce1e45aab44d1400b8847a,Sino-Tibetan_relations_during_the_Ming_dynasty,doc_55,"['doc_55', 'doc_71', 'doc_54', 'doc_0', 'doc_18']",1.0,1,5,72
56ce1e45aab44d1400b8847b,Sino-Tibetan_relations_during_the_Ming_dynasty,doc_55,"['doc_55', 'doc_21', 'doc_18', 'doc_57', 'doc_71']",1.0,1,5,72
56ce2752aab44d1400b884d2,Sino-Tibetan_relations_during_the_Ming_dynasty,doc_56,"['doc_56', 'doc_43', 'doc_44', 'doc_40', 'doc_52']",1.0,1,5,72
56ce2752aab44d1400b884d3,Sino-Tibetan_relations_during_the_Ming_dynasty,doc_56,"['doc_56', 'doc_15', 'doc_20', 'doc_33', 'doc_24']",1.0,1,5,72
56ce2752aab44d1400b884d4,Sino-Tibetan_relations_during_the_Ming_dynasty,doc_56,"['doc_56', 'doc_22', 'doc_44', 'doc_7', 'doc_52']",1.0,1,5,72
56ce2752aab44d1400b884d5,Sino-Tibetan_relations_during_the_Ming_dynasty,doc_56,"['doc_56', 'doc_9', 'doc_7', 'doc_6', 'doc_14']",1.0,1,5,72
56ce2752aab44d1400b884d6,Sino-Tibetan_relations_during_the_Ming_dynasty,doc_56,"['doc_56', 'doc_61', 'doc_43', 'doc_1', 'doc_9']",1.0,1,5,72
56ce2b2daab44d1400b884f0,Sino-Tibetan_relations_during_the_Ming_dynasty,doc_57,"['doc_54', 'doc_57', 'doc_8', 'doc_18', 'doc_71']",0.5,1,5,72
56ce2b2daab44d1400b884f1,Sino-Tibetan_relations_during_the_Ming_dynasty,doc_57,"['doc_69', 'doc_17', 'doc_21', 'doc_36', 'doc_71']",0.0,0,5,72
56ce2b2daab44d1400b884f2,Sino-Tibetan_relations_during_the_Ming_dynasty,doc_57,"['doc_57', 'doc_64', 'doc_55', 'doc_58', 'doc_54']",1.0,1,5,72
56ce2b2daab44d1400b884f3,Sino-Tibetan_relations_during_the_Ming_dynasty,doc_57,"['doc_57', 'doc_69', 'doc_21', 'doc_33', 'doc_36']",1.0,1,5,72
56ce2b2daab44d1400b884f4,Sino-Tibetan_relations_during_the_Ming_dynasty,doc_57,"['doc_57', 'doc_21', 'doc_18', 'doc_0', 'doc_54']",1.0,1,5,72
56ce3406aab44d1400b8856c,Sino-Tibetan_relations_during_the_Ming_dynasty,doc_58,"['doc_58', 'doc_59', 'doc_10', 'doc_37', 'doc_44']",1.0,1,5,72
56ce3406aab44d1400b8856d,Sino-Tibetan_relations_during_the_Ming_dynasty,doc_58,"['doc_58', 'doc_59', 'doc_51', 'doc_50', 'doc_17']",1.0,1,5,72
56ce3406aab44d1400b8856e,Sino-Tibetan_relations_during_the_Ming_dynasty,doc_58,"['doc_58', 'doc_50', 'doc_46', 'doc_59', 'doc_49']",1.0,1,5,72
56ce3406aab44d1400b8856f,Sino-Tibetan_relations_during_the_Ming_dynasty,doc_58,"['doc_58', 'doc_59', 'doc_27', 'doc_22', 'doc_42']",1.0,1,5,72
56ce3406aab44d1400b88570,Sino-Tibetan_relations_during_the_Ming_dynasty,doc_58,"['doc_58', 'doc_59', 'doc_42', 'doc_53', 'doc_37']",1.0,1,5,72
56ce362faab44d1400b885c6,Sino-Tibetan_relations_during_the_Ming_dynasty,doc_59,"['doc_58', 'doc_53', 'doc_42', 'doc_59', 'doc_44']",0.25,1,5,72
56ce362faab44d1400b885c7,Sino-Tibetan_relations_during_the_Ming_dynasty,doc_59,"['doc_59', 'doc_58', 'doc_14', 'doc_51', 'doc_56']",1.0,1,5,72
56ce362faab44d1400b885c8,Sino-Tibetan_relations_during_the_Ming_dynasty,doc_59,"['doc_59', 'doc_58', 'doc_24', 'doc_12', 'doc_11']",1.0,1,5,72
56ce362faab44d1400b885c9,Sino-Tibetan_relations_during_the_Ming_dynasty,doc_59,"['doc_59', 'doc_58', 'doc_51', 'doc_20', 'doc_56']",1.0,1,5,72
56ce362faab44d1400b885ca,Sino-Tibetan_relations_during_the_Ming_dynasty,doc_59,"['doc_59', 'doc_43', 'doc_17', 'doc_51', 'doc_35']",1.0,1,5,72
56ce3d3aaab44d1400b885ea,Sino-Tibetan_relations_during_the_Ming_dynasty,doc_60,"['doc_48', 'doc_66', 'doc_5', 'doc_60', 'doc_50']",0.25,1,5,72
56ce3d3aaab44d1400b885eb,Sino-Tibetan_relations_during_the_Ming_dynasty,doc_60,"['doc_48', 'doc_5', 'doc_66', 'doc_60', 'doc_50']",0.25,1,5,72
56ce3d3aaab44d1400b885ec,Sino-Tibetan_relations_during_the_Ming_dynasty,doc_60,"['doc_60', 'doc_48', 'doc_61', 'doc_20', 'doc_66']",1.0,1,5,72
56ce3d3aaab44d1400b885ed,Sino-Tibetan_relations_during_the_Ming_dynasty,doc_60,"['doc_48', 'doc_60', 'doc_66', 'doc_61', 'doc_63']",0.5,1,5,72
56ce3d3aaab44d1400b885ee,Sino-Tibetan_relations_during_the_Ming_dynasty,doc_60,"['doc_60', 'doc_68', 'doc_61', 'doc_48', 'doc_63']",1.0,1,5,72
56ce3ed1aab44d1400b885fe,Sino-Tibetan_relations_during_the_Ming_dynasty,doc_61,"['doc_61', 'doc_60', 'doc_48', 'doc_68', 'doc_62']",1.0,1,5,72
56ce3ed1aab44d1400b885ff,Sino-Tibetan_relations_during_the_Ming_dynasty,doc_61,"['doc_61', 'doc_60', 'doc_68', 'doc_62', 'doc_69']",1.0,1,5,72
56ce3ed1aab44d1400b88600,Sino-Tibetan_relations_during_the_Ming_dynasty,doc_61,"['doc_61', 'doc_48', 'doc_60', 'doc_62', 'doc_68']",1.0,1,5,72
56ce3ed1aab44d1400b88601,Sino-Tibetan_relations_during_the_Ming_dynasty,doc_61,"['doc_23', 'doc_20', 'doc_29', 'doc_61', 'doc_56']",0.25,1,5,72
56ce3ed1aab44d1400b88602,Sino-Tibetan_relations_during_the_Ming_dynasty,doc_61,"['doc_23', 'doc_20', 'doc_29', 'doc_35', 'doc_14']",0.0,0,5,72
56ce4100aab44d1400b88612,Sino-Tibetan_relations_during_the_Ming_dynasty,doc_62,"['doc_60', 'doc_61', 'doc_62', 'doc_20', 'doc_48']",0.3333333333333333,1,5,72
56ce4100aab44d1400b88613,Sino-Tibetan_relations_during_the_Ming_dynasty,doc_62,"['doc_62', 'doc_61', 'doc_60', 'doc_1', 'doc_68']",1.0,1,5,72
56ce4100aab44d1400b88614,Sino-Tibetan_relations_during_the_Ming_dynasty,doc_62,"['doc_62', 'doc_64', 'doc_69', 'doc_28', 'doc_63']",1.0,1,5,72
56ce4100aab44d1400b88615,Sino-Tibetan_relations_during_the_Ming_dynasty,doc_62,"['doc_62', 'doc_28', 'doc_69', 'doc_64', 'doc_67']",1.0,1,5,72
56ce42afaab44d1400b88620,Sino-Tibetan_relations_during_the_Ming_dynasty,doc_63,"['doc_27', 'doc_40', 'doc_23', 'doc_30', 'doc_69']",0.0,0,5,72
56ce42afaab44d1400b88621,Sino-Tibetan_relations_during_the_Ming_dynasty,doc_63,"['doc_63', 'doc_64', 'doc_27', 'doc_69', 'doc_30']",1.0,1,5,72
56ce42afaab44d1400b88622,Sino-Tibetan_relations_during_the_Ming_dynasty,doc_63,"['doc_63', 'doc_40', 'doc_52', 'doc_68', 'doc_69']",1.0,1,5,72
56ce42afaab44d1400b88623,Sino-Tibetan_relations_during_the_Ming_dynasty,doc_63,"['doc_21', 'doc_13', 'doc_58', 'doc_36', 'doc_10']",0.0,0,5,72
56ce42afaab44d1400b88624,Sino-Tibetan_relations_during_the_Ming_dynasty,doc_63,"['doc_63', 'doc_52', 'doc_67', 'doc_68', 'doc_45']",1.0,1,5,72
56ce43ebaab44d1400b88632,Sino-Tibetan_relations_during_the_Ming_dynasty,doc_64,"['doc_58', 'doc_59', 'doc_51', 'doc_17', 'doc_43']",0.0,0,5,72
56ce43ebaab44d1400b88633,Sino-Tibetan_relations_during_the_Ming_dynasty,doc_64,"['doc_64', 'doc_69', 'doc_65', 'doc_63', 'doc_60']",1.0,1,5,72
56ce43ebaab44d1400b88634,Sino-Tibetan_relations_during_the_Ming_dynasty,doc_64,"['doc_63', 'doc_27', 'doc_30', 'doc_64', 'doc_29']",0.25,1,5,72
56ce43ebaab44d1400b88635,Sino-Tibetan_relations_during_the_Ming_dynasty,doc_64,"['doc_64', 'doc_27', 'doc_23', 'doc_65', 'doc_30']",1.0,1,5,72
56ce43ebaab44d1400b88636,Sino-Tibetan_relations_during_the_Ming_dynasty,doc_64,"['doc_64', 'doc_27', 'doc_23', 'doc_30', 'doc_65']",1.0,1,5,72
56ce451caab44d1400b8863c,Sino-Tibetan_relations_during_the_Ming_dynasty,doc_65,"['doc_65', 'doc_64', 'doc_62', 'doc_60', 'doc_69']",1.0,1,5,72
56ce451caab44d1400b8863d,Sino-Tibetan_relations_during_the_Ming_dynasty,doc_65,"['doc_62', 'doc_65', 'doc_64', 'doc_67', 'doc_60']",0.5,1,5,72
56ce451caab44d1400b8863e,Sino-Tibetan_relations_during_the_Ming_dynasty,doc_65,"['doc_65', 'doc_27', 'doc_30', 'doc_63', 'doc_40']",1.0,1,5,72
56ce451caab44d1400b8863f,Sino-Tibetan_relations_during_the_Ming_dynasty,doc_65,"['doc_11', 'doc_37', 'doc_53', 'doc_33', 'doc_38']",0.0,0,5,72
56ce451caab44d1400b88640,Sino-Tibetan_relations_during_the_Ming_dynasty,doc_65,"['doc_63', 'doc_53', 'doc_30', 'doc_38', 'doc_52']",0.0,0,5,72
56ce4821aab44d1400b88656,Sino-Tibetan_relations_during_the_Ming_dynasty,doc_66,"['doc_66', 'doc_60', 'doc_69', 'doc_49', 'doc_71']",1.0,1,5,72
56ce4821aab44d1400b88657,Sino-Tibetan_relations_during_the_Ming_dynasty,doc_66,"['doc_48', 'doc_5', 'doc_66', 'doc_50', 'doc_20']",0.3333333333333333,1,5,72
56ce4821aab44d1400b88658,Sino-Tibetan_relations_during_the_Ming_dynasty,doc_66,"['doc_71', 'doc_66', 'doc_28', 'doc_2', 'doc_3']",0.5,1,5,72
56ce4821aab44d1400b88659,Sino-Tibetan_relations_during_the_Ming_dynasty,doc_66,"['doc_66', 'doc_48', 'doc_50', 'doc_61', 'doc_20']",1.0,1,5,72
56ce4a58aab44d1400b88668,Sino-Tibetan_relations_during_the_Ming_dynasty,doc_67,"['doc_52', 'doc_67', 'doc_17', 'doc_14', 'doc_10']",0.5,1,5,72
56ce4a58aab44d1400b88669,Sino-Tibetan_relations_during_the_Ming_dynasty,doc_67,"['doc_21', 'doc_57', 'doc_69', 'doc_71', 'doc_18']",0.0,0,5,72
56ce4a58aab44d1400b8866a,Sino-Tibetan_relations_during_the_Ming_dynasty,doc_67,"['doc_7', 'doc_67', 'doc_52', 'doc_14', 'doc_45']",0.5,1,5,72
56ce4a58aab44d1400b8866b,Sino-Tibetan_relations_during_the_Ming_dynasty,doc_67,"['doc_68', 'doc_67', 'doc_33', 'doc_48', 'doc_3']",0.5,1,5,72
56ce4a58aab44d1400b8866c,Sino-Tibetan_relations_during_the_Ming_dynasty,doc_67,"['doc_34', 'doc_30', 'doc_29', 'doc_68', 'doc_33']",0.0,0,5,72
56ce4b8baab44d1400b8867a,Sino-Tibetan_relations_during_the_Ming_dynasty,doc_68,"['doc_68', 'doc_64', 'doc_7', 'doc_70', 'doc_53']",1.0,1,5,72
56ce4b8baab44d1400b8867b,Sino-Tibetan_relations_during_the_Ming_dynasty,doc_68,"['doc_68', 'doc_69', 'doc_20', 'doc_5', 'doc_8']",1.0,1,5,72
56ce4b8baab44d1400b8867c,Sino-Tibetan_relations_during_the_Ming_dynasty,doc_68,"['doc_68', 'doc_69', 'doc_20', 'doc_5', 'doc_48']",1.0,1,5,72
56ce4b8baab44d1400b8867d,Sino-Tibetan_relations_during_the_Ming_dynasty,doc_68,"['doc_68', 'doc_69', 'doc_5', 'doc_20', 'doc_6']",1.0,1,5,72
56ce4b8baab44d1400b8867e,Sino-Tibetan_relations_during_the_Ming_dynasty,doc_68,"['doc_68', 'doc_67', 'doc_49', 'doc_21', 'doc_70']",1.0,1,5,72
56ce4d2baab44d1400b8868e,Sino-Tibetan_relations_during_the_Ming_dynasty,doc_69,"['doc_69', 'doc_68', 'doc_5', 'doc_27', 'doc_20']",1.0,1,5,72
56ce4d2baab44d1400b8868f,Sino-Tibetan_relations_during_the_Ming_dynasty,doc_69,"['doc_69', 'doc_68', 'doc_61', 'doc_63', 'doc_60']",1.0,1,5,72
56ce4d2baab44d1400b88690,Sino-Tibetan_relations_during_the_Ming_dynasty,doc_69,"['doc_69', 'doc_68', 'doc_7', 'doc_5', 'doc_60']",1.0,1,5,72
56ce4d2baab44d1400b88691,Sino-Tibetan_relations_during_the_Ming_dynasty,doc_69,"['doc_69', 'doc_20', 'doc_68', 'doc_5', 'doc_6']",1.0,1,5,72
56ce4d2baab44d1400b88692,Sino-Tibetan_relations_during_the_Ming_dynasty,doc_69,"['doc_69', 'doc_67', 'doc_23', 'doc_36', 'doc_60']",1.0,1,5,72
56ce4f64aab44d1400b886a2,Sino-Tibetan_relations_during_the_Ming_dynasty,doc_70,"['doc_70', 'doc_10', 'doc_50', 'doc_32', 'doc_2']",1.0,1,5,72
56ce4f64aab44d1400b886a5,Sino-Tibetan_relations_during_the_Ming_dynasty,doc_70,"['doc_53', 'doc_70', 'doc_39', 'doc_11', 'doc_17']",0.5,1,5,72
56ce4f64aab44d1400b886a6,Sino-Tibetan_relations_during_the_Ming_dynasty,doc_70,"['doc_69', 'doc_16', 'doc_18', 'doc_70', 'doc_60']",0.25,1,5,72
56ce5125aab44d1400b886ac,Sino-Tibetan_relations_during_the_Ming_dynasty,doc_71,"['doc_71', 'doc_28', 'doc_2', 'doc_66', 'doc_32']",1.0,1,5,72
56ce5125aab44d1400b886ad,Sino-Tibetan_relations_during_the_Ming_dynasty,doc_71,"['doc_68', 'doc_2', 'doc_18', 'doc_69', 'doc_46']",0.0,0,5,72
56ce5125aab44d1400b886ae,Sino-Tibetan_relations_during_the_Ming_dynasty,doc_71,"['doc_71', 'doc_38', 'doc_69', 'doc_53', 'doc_39']",1.0,1,5,72
56ce5125aab44d1400b886af,Sino-Tibetan_relations_during_the_Ming_dynasty,doc_71,"['doc_71', 'doc_49', 'doc_2', 'doc_54', 'doc_70']",1.0,1,5,72
56ce5125aab44d1400b886b0,Sino-Tibetan_relations_during_the_Ming_dynasty,doc_71,"['doc_71', 'doc_58', 'doc_70', 'doc_10', 'doc_37']",1.0,1,5,72
56cc55856d243a140015ef0a,IPod,doc_0,"['doc_5', 'doc_0', 'doc_58', 'doc_6', 'doc_9']",0.5,1,5,60
56cc55856d243a140015ef0b,IPod,doc_0,"['doc_5', 'doc_0', 'doc_9', 'doc_42', 'doc_4']",0.5,1,5,60
56cc55856d243a140015ef0c,IPod,doc_0,"['doc_0', 'doc_24', 'doc_4', 'doc_5', 'doc_10']",1.0,1,5,60
56cc55856d243a140015ef0d,IPod,doc_0,"['doc_0', 'doc_5', 'doc_24', 'doc_46', 'doc_6']",1.0,1,5,60
56cc55856d243a140015ef0e,IPod,doc_0,"['doc_24', 'doc_6', 'doc_15', 'doc_4', 'doc_16']",0.0,0,5,60
56ce726faab44d1400b88791,IPod,doc_0,"['doc_5', 'doc_0', 'doc_9', 'doc_42', 'doc_45']",0.5,1,5,60
56ce726faab44d1400b88792,IPod,doc_0,"['doc_5', 'doc_0', 'doc_58', 'doc_9', 'doc_6']",0.5,1,5,60
56ce726faab44d1400b88793,IPod,doc_0,"['doc_0', 'doc_5', 'doc_4', 'doc_45', 'doc_24']",1.0,1,5,60
56ce726faab44d1400b88794,IPod,doc_0,"['doc_0', 'doc_24', 'doc_5', 'doc_6', 'doc_4']",1.0,1,5,60
56ce726faab44d1400b88795,IPod,doc_0,"['doc_0', 'doc_5', 'doc_6', 'doc_4', 'doc_46']",1.0,1,5,60
56cc55fa6d243a140015ef14,IPod,doc_1,"['doc_47', 'doc_22', 'doc_1', 'doc_24', 'doc_46']",0.3333333333333333,1,5,60
56cc55fa6d243a140015ef15,IPod,doc_1,"['doc_1', 'doc_5', 'doc_54', 'doc_42', 'doc_0']",1.0,1,5,60
56cc55fa6d243a140015ef16,IPod,doc_1,"['doc_1', 'doc_42', 'doc_5', 'doc_40', 'doc_13']",1.0,1,5,60
56cc55fa6d243a140015ef17,IPod,doc_1,"['doc_1', 'doc_0', 'doc_5', 'doc_15', 'doc_54']",1.0,1,5,60
56cc55fa6d243a140015ef18,IPod,doc_1,"['doc_1', 'doc_42', 'doc_4', 'doc_5', 'doc_0']",1.0,1,5,60
56ce72ecaab44d1400b8879b,IPod,doc_1,"['doc_1', 'doc_54', 'doc_0', 'doc_11', 'doc_24']",1.0,1,5,60
56ce72ecaab44d1400b8879c,IPod,doc_1,"['doc_1', 'doc_4', 'doc_59', 'doc_0', 'doc_54']",1.0,1,5,60
56cc56856d243a140015ef1e,IPod,doc_2,"['doc_2', 'doc_15', 'doc_17', 'doc_16', 'doc_6']",1.0,1,5,60
56cc56856d243a140015ef1f,IPod,doc_2,"['doc_2', 'doc_22', 'doc_59', 'doc_35', 'doc_23']",1.0,1,5,60
56ce732faab44d1400b8879f,IPod,doc_2,"['doc_2', 'doc_3', 'doc_6', 'doc_34', 'doc_22']",1.0,1,5,60
56cc57466d243a140015ef24,IPod,doc_3,"['doc_3', 'doc_31', 'doc_37', 'doc_22', 'doc_26']",1.0,1,5,60
56cc57466d243a140015ef26,IPod,doc_3,"['doc_45', 'doc_42', 'doc_40', 'doc_5', 'doc_0']",0.0,0,5,60
56ce73d1aab44d1400b887ab,IPod,doc_3,"['doc_3', 'doc_6', 'doc_0', 'doc_5', 'doc_4']",1.0,1,5,60
56ce73d1aab44d1400b887ac,IPod,doc_3,"['doc_45', 'doc_42', 'doc_44', 'doc_5', 'doc_43']",0.0,0,5,60
56ce73d1aab44d1400b887ad,IPod,doc_3,"['doc_3', 'doc_6', 'doc_22', 'doc_2', 'doc_0']",1.0,1,5,60
56cc58436d243a140015ef2a,IPod,doc_4,"['doc_4', 'doc_6', 'doc_0', 'doc_24', 'doc_5']",1.0,1,5,60
56cc58436d243a140015ef2c,IPod,doc_4,"['doc_4', 'doc_0', 'doc_24', 'doc_15', 'doc_17']",1.0,1,5,60
56ce750daab44d1400b887b1,IPod,doc_4,"['doc_4', 'doc_0', 'doc_24', 'doc_15', 'doc_6']",1.0,1,5,60
56ce750daab44d1400b887b2,IPod,doc_4,"['doc_4', 'doc_0', 'doc_5', 'doc_45', 'doc_24']",1.0,1,5,60
56ce750daab44d1400b887b3,IPod,doc_4,"['doc_4', 'doc_6', 'doc_24', 'doc_0', 'doc_5']",1.0,1,5,60
56ce750daab44d1400b887b4,IPod,doc_4,"['doc_4', 'doc_10', 'doc_24', 'doc_7', 'doc_0']",1.0,1,5,60
56cc5f3f6d243a140015ef46,IPod,doc_5,"['doc_5', 'doc_0', 'doc_9', 'doc_42', 'doc_45']",1.0,1,5,60
56cc5f3f6d243a140015ef47,IPod,doc_5,"['doc_45', 'doc_40', 'doc_44', 'doc_42', 'doc_5']",0.2,1,5,60
56cc5f3f6d243a140015ef48,IPod,doc_5,"['doc_5', 'doc_6', 'doc_9', 'doc_0', 'doc_58']",1.0,1,5,60
56cc5f3f6d243a140015ef49,IPod,doc_5,"['doc_5', 'doc_6', 'doc_46', 'doc_9', 'doc_0']",1.0,1,5,60
56cc5f3f6d243a140015ef4a,IPod,doc_5,"['doc_1', 'doc_5', 'doc_0', 'doc_42', 'doc_54']",0.5,1,5,60
56ce75d4aab44d1400b887bd,IPod,doc_5,"['doc_5', 'doc_0', 'doc_9', 'doc_42', 'doc_45']",1.0,1,5,60
56ce75d4aab44d1400b887be,IPod,doc_5,"['doc_1', 'doc_5', 'doc_54', 'doc_40', 'doc_59']",0.5,1,5,60
56ce75d4aab44d1400b887bf,IPod,doc_5,"['doc_5', 'doc_6', 'doc_46', 'doc_37', 'doc_3']",1.0,1,5,60
56ce75d4aab44d1400b887c0,IPod,doc_5,"['doc_5', 'doc_6', 'doc_38', 'doc_9', 'doc_46']",1.0,1,5,60
56ce75d4aab44d1400b887c1,IPod,doc_5,"['doc_5', 'doc_54', 'doc_9', 'doc_0', 'doc_6']",1.0,1,5,60
56cc60186d243a140015ef5a,IPod,doc_6,"['doc_6', 'doc_5', 'doc_38', 'doc_9', 'doc_0']",1.0,1,5,60
56cc60186d243a140015ef5b,IPod,doc_6,"['doc_6', 'doc_5', 'doc_9', 'doc_0', 'doc_10']",1.0,1,5,60
56cc60186d243a140015ef5c,IPod,doc_6,"['doc_5', 'doc_4', 'doc_0', 'doc_7', 'doc_31']",0.0,0,5,60
56cc60186d243a140015ef5d,IPod,doc_6,"['doc_6', 'doc_24', 'doc_22', 'doc_15', 'doc_31']",1.0,1,5,60
56ce78c5aab44d1400b887d1,IPod,doc_6,"['doc_6', 'doc_5', 'doc_38', 'doc_9', 'doc_24']",1.0,1,5,60
56ce78c5aab44d1400b887d2,IPod,doc_6,"['doc_6', 'doc_5', 'doc_0', 'doc_22', 'doc_37']",1.0,1,5,60
56ce78c5aab44d1400b887d3,IPod,doc_6,"['doc_6', 'doc_24', 'doc_10', 'doc_5', 'doc_9']",1.0,1,5,60
56cc60a36d243a140015ef64,IPod,doc_7,"['doc_7', 'doc_5', 'doc_0', 'doc_9', 'doc_4']",1.0,1,5,60
56cc60a36d243a140015ef65,IPod,doc_7,"['doc_7', 'doc_5', 'doc_0', 'doc_9', 'doc_6']",1.0,1,5,60
56cc60a36d243a140015ef66,IPod,doc_7,"['doc_7', 'doc_10', 'doc_6', 'doc_5', 'doc_24']",1.0,1,5,60
56cc60a36d243a140015ef67,IPod,doc_7,"['doc_7', 'doc_5', 'doc_3', 'doc_6', 'doc_0']",1.0,1,5,60
56ce792caab44d1400b887d7,IPod,doc_7,"['doc_7', 'doc_5', 'doc_6', 'doc_4', 'doc_0']",1.0,1,5,60
56ce792caab44d1400b887d8,IPod,doc_7,"['doc_7', 'doc_10', 'doc_5', 'doc_6', 'doc_4']",1.0,1,5,60
56ce792caab44d1400b887d9,IPod,doc_7,"['doc_7', 'doc_5', 'doc_9', 'doc_0', 'doc_42']",1.0,1,5,60
56cc61346d243a140015ef6e,IPod,doc_8,"['doc_37', 'doc_39', 'doc_38', 'doc_43', 'doc_8']",0.2,1,5,60
56cc61346d243a140015ef6f,IPod,doc_8,"['doc_38', 'doc_8', 'doc_9', 'doc_37', 'doc_5']",0.5,1,5,60
56cc61346d243a140015ef70,IPod,doc_8,"['doc_8', 'doc_38', 'doc_9', 'doc_37', 'doc_39']",1.0,1,5,60
56cc61346d243a140015ef71,IPod,doc_8,"['doc_8', 'doc_38', 'doc_9', 'doc_37', 'doc_39']",1.0,1,5,60
56cc61346d243a140015ef72,IPod,doc_8,"['doc_8', 'doc_38', 'doc_9', 'doc_37', 'doc_39']",1.0,1,5,60
56ce7ae2aab44d1400b887e7,IPod,doc_8,"['doc_37', 'doc_38', 'doc_39', 'doc_8', 'doc_9']",0.25,1,5,60
56ce7ae2aab44d1400b887e8,IPod,doc_8,"['doc_8', 'doc_5', 'doc_9', 'doc_37', 'doc_38']",1.0,1,5,60
56ce7ae2aab44d1400b887e9,IPod,doc_8,"['doc_8', 'doc_38', 'doc_37', 'doc_9', 'doc_5']",1.0,1,5,60
56cc62406d243a140015ef78,IPod,doc_9,"['doc_5', 'doc_9', 'doc_6', 'doc_0', 'doc_38']",0.5,1,5,60
56cc62406d243a140015ef79,IPod,doc_9,"['doc_9', 'doc_20', 'doc_47', 'doc_19', 'doc_8']",1.0,1,5,60
56cc62406d243a140015ef7a,IPod,doc_9,"['doc_9', 'doc_5', 'doc_6', 'doc_0', 'doc_3']",1.0,1,5,60
56cc62406d243a140015ef7b,IPod,doc_9,"['doc_9', 'doc_5', 'doc_38', 'doc_37', 'doc_0']",1.0,1,5,60
56cc62406d243a140015ef7c,IPod,doc_9,"['doc_9', 'doc_5', 'doc_37', 'doc_0', 'doc_38']",1.0,1,5,60
56ce7bf4aab44d1400b887f3,IPod,doc_9,"['doc_9', 'doc_5', 'doc_6', 'doc_0', 'doc_46']",1.0,1,5,60
56ce7bf4aab44d1400b887f4,IPod,doc_9,"['doc_9', 'doc_5', 'doc_6', 'doc_38', 'doc_46']",1.0,1,5,60
56ce7bf4aab44d1400b887f5,IPod,doc_9,"['doc_9', 'doc_5', 'doc_38', 'doc_37', 'doc_6']",1.0,1,5,60
56cc62ce6d243a140015ef82,IPod,doc_10,"['doc_10', 'doc_6', 'doc_7', 'doc_5', 'doc_4']",1.0,1,5,60
56cc62ce6d243a140015ef83,IPod,doc_10,"['doc_10', 'doc_6', 'doc_7', 'doc_5', 'doc_9']",1.0,1,5,60
56cc62ce6d243a140015ef84,IPod,doc_10,"['doc_10', 'doc_7', 'doc_6', 'doc_0', 'doc_5']",1.0,1,5,60
56ce7c4baab44d1400b887fd,IPod,doc_10,"['doc_25', 'doc_10', 'doc_4', 'doc_2', 'doc_0']",0.5,1,5,60
56ce7c4baab44d1400b887fe,IPod,doc_10,"['doc_10', 'doc_6', 'doc_5', 'doc_9', 'doc_7']",1.0,1,5,60
56cc643d6d243a140015ef88,IPod,doc_11,"['doc_11', 'doc_54', 'doc_15', 'doc_13', 'doc_22']",1.0,1,5,60
56cc643d6d243a140015ef8a,IPod,doc_11,"['doc_11', 'doc_12', 'doc_13', 'doc_15', 'doc_18']",1.0,1,5,60
56cc643d6d243a140015ef8b,IPod,doc_11,"['doc_11', 'doc_12', 'doc_46', 'doc_13', 'doc_18']",1.0,1,5,60
56ce81bdaab44d1400b88817,IPod,doc_11,"['doc_11', 'doc_15', 'doc_12', 'doc_54', 'doc_13']",1.0,1,5,60
56ce81bdaab44d1400b88818,IPod,doc_11,"['doc_11', 'doc_12', 'doc_15', 'doc_5', 'doc_6']",1.0,1,5,60
56cc655c6d243a140015ef92,IPod,doc_12,"['doc_12', 'doc_11', 'doc_13', 'doc_6', 'doc_22']",1.0,1,5,60
56cc655c6d243a140015ef93,IPod,doc_12,"['doc_12', 'doc_11', 'doc_22', 'doc_37', 'doc_54']",1.0,1,5,60
56cc655c6d243a140015ef94,IPod,doc_12,"['doc_12', 'doc_11', 'doc_37', 'doc_8', 'doc_20']",1.0,1,5,60
56ce8214aab44d1400b88823,IPod,doc_12,"['doc_12', 'doc_11', 'doc_5', 'doc_54', 'doc_0']",1.0,1,5,60
56ce8214aab44d1400b88824,IPod,doc_12,"['doc_12', 'doc_11', 'doc_13', 'doc_37', 'doc_26']",1.0,1,5,60
56cc66326d243a140015ef98,IPod,doc_13,"['doc_13', 'doc_54', 'doc_5', 'doc_24', 'doc_11']",1.0,1,5,60
56cc66326d243a140015ef99,IPod,doc_13,"['doc_13', 'doc_40', 'doc_11', 'doc_5', 'doc_45']",1.0,1,5,60
56cc66326d243a140015ef9a,IPod,doc_13,"['doc_13', 'doc_37', 'doc_55', 'doc_12', 'doc_38']",1.0,1,5,60
56cc66326d243a140015ef9b,IPod,doc_13,"['doc_37', 'doc_38', 'doc_5', 'doc_52', 'doc_45']",0.0,0,5,60
56ce829baab44d1400b88828,IPod,doc_13,"['doc_13', 'doc_46', 'doc_40', 'doc_11', 'doc_12']",1.0,1,5,60
56ce829baab44d1400b88829,IPod,doc_13,"['doc_13', 'doc_37', 'doc_55', 'doc_38', 'doc_40']",1.0,1,5,60
56cc66d16d243a140015efa2,IPod,doc_14,"['doc_15', 'doc_14', 'doc_16', 'doc_17', 'doc_5']",0.5,1,5,60
56cc66d16d243a140015efa3,IPod,doc_14,"['doc_15', 'doc_14', 'doc_16', 'doc_52', 'doc_17']",0.5,1,5,60
56ce82cdaab44d1400b8882d,IPod,doc_14,"['doc_15', 'doc_16', 'doc_14', 'doc_17', 'doc_5']",0.3333333333333333,1,5,60
56cc6e346d243a140015efa8,IPod,doc_15,"['doc_15', 'doc_5', 'doc_0', 'doc_14', 'doc_17']",1.0,1,5,60
56cc6e346d243a140015efa9,IPod,doc_15,"['doc_15', 'doc_16', 'doc_5', 'doc_17', 'doc_14']",1.0,1,5,60
56cc6e346d243a140015efaa,IPod,doc_15,"['doc_15', 'doc_14', 'doc_5', 'doc_0', 'doc_22']",1.0,1,5,60
56cc6e346d243a140015efab,IPod,doc_15,"['doc_15', 'doc_53', 'doc_14', 'doc_52', 'doc_17']",1.0,1,5,60
56cc6e346d243a140015efac,IPod,doc_15,"['doc_15', 'doc_16', 'doc_22', 'doc_14', 'doc_17']",1.0,1,5,60
56ce88c8aab44d1400b88849,IPod,doc_15,"['doc_15', 'doc_17', 'doc_16', 'doc_0', 'doc_5']",1.0,1,5,60
56ce88c8aab44d1400b8884a,IPod,doc_15,"['doc_15', 'doc_5', 'doc_16', 'doc_0', 'doc_17']",1.0,1,5,60
56ce88c8aab44d1400b8884b,IPod,doc_15,"['doc_15', 'doc_17', 'doc_14', 'doc_16', 'doc_6']",1.0,1,5,60
56ce88c8aab44d1400b8884c,IPod,doc_15,"['doc_15', 'doc_16', 'doc_5', 'doc_14', 'doc_6']",1.0,1,5,60
56cc7f9c6d243a140015efb2,IPod,doc_16,"['doc_18', 'doc_16', 'doc_5', 'doc_6', 'doc_15']",0.5,1,5,60
56cc7f9c6d243a140015efb3,IPod,doc_16,"['doc_18', 'doc_16', 'doc_20', 'doc_37', 'doc_46']",0.5,1,5,60
56cc7f9c6d243a140015efb4,IPod,doc_16,"['doc_16', 'doc_15', 'doc_17', 'doc_6', 'doc_18']",1.0,1,5,60
56cc7f9c6d243a140015efb5,IPod,doc_16,"['doc_16', 'doc_15', 'doc_17', 'doc_38', 'doc_21']",1.0,1,5,60
56cc7f9c6d243a140015efb6,IPod,doc_16,"['doc_18', 'doc_58', 'doc_16', 'doc_46', 'doc_6']",0.3333333333333333,1,5,60
56ce8b36aab44d1400b88865,IPod,doc_16,"['doc_16', 'doc_17', 'doc_15', 'doc_18', 'doc_5']",1.0,1,5,60
56cc803f6d243a140015efbc,IPod,doc_17,"['doc_17', 'doc_15', 'doc_16', 'doc_44', 'doc_39']",1.0,1,5,60
56cc803f6d243a140015efbd,IPod,doc_17,"['doc_17', 'doc_5', 'doc_43', 'doc_45', 'doc_4']",1.0,1,5,60
56cc803f6d243a140015efbe,IPod,doc_17,"['doc_17', 'doc_16', 'doc_15', 'doc_14', 'doc_6']",1.0,1,5,60
56cc803f6d243a140015efbf,IPod,doc_17,"['doc_17', 'doc_15', 'doc_16', 'doc_14', 'doc_38']",1.0,1,5,60
56cc803f6d243a140015efc0,IPod,doc_17,"['doc_17', 'doc_15', 'doc_16', 'doc_14', 'doc_10']",1.0,1,5,60
56ce8bfbaab44d1400b88867,IPod,doc_17,"['doc_17', 'doc_16', 'doc_15', 'doc_6', 'doc_9']",1.0,1,5,60
56ce8bfbaab44d1400b88869,IPod,doc_17,"['doc_17', 'doc_15', 'doc_4', 'doc_0', 'doc_5']",1.0,1,5,60
56cc81246d243a140015efc6,IPod,doc_18,"['doc_18', 'doc_16', 'doc_5', 'doc_17', 'doc_6']",1.0,1,5,60
56cc81246d243a140015efc7,IPod,doc_18,"['doc_18', 'doc_16', 'doc_47', 'doc_46', 'doc_5']",1.0,1,5,60
56cc81246d243a140015efc8,IPod,doc_18,"['doc_18', 'doc_5', 'doc_16', 'doc_6', 'doc_9']",1.0,1,5,60
56cc81246d243a140015efc9,IPod,doc_18,"['doc_16', 'doc_15', 'doc_20', 'doc_22', 'doc_18']",0.2,1,5,60
56ce8d5daab44d1400b88875,IPod,doc_18,"['doc_18', 'doc_5', 'doc_16', 'doc_9', 'doc_0']",1.0,1,5,60
56ce8d5daab44d1400b88876,IPod,doc_18,"['doc_18', 'doc_16', 'doc_5', 'doc_20', 'doc_37']",1.0,1,5,60
56cc81e06d243a140015efd0,IPod,doc_19,"['doc_19', 'doc_20', 'doc_5', 'doc_9', 'doc_16']",1.0,1,5,60
56cc81e06d243a140015efd1,IPod,doc_19,"['doc_19', 'doc_5', 'doc_39', 'doc_6', 'doc_17']",1.0,1,5,60
56cc81e06d243a140015efd2,IPod,doc_19,"['doc_19', 'doc_20', 'doc_21', 'doc_16', 'doc_18']",1.0,1,5,60
56ce8da8aab44d1400b88879,IPod,doc_19,"['doc_19', 'doc_5', 'doc_20', 'doc_9', 'doc_0']",1.0,1,5,60
56ce8da8aab44d1400b8887a,IPod,doc_19,"['doc_19', 'doc_20', 'doc_5', 'doc_21', 'doc_46']",1.0,1,5,60
56cc83056d243a140015efd8,IPod,doc_20,"['doc_20', 'doc_19', 'doc_18', 'doc_16', 'doc_46']",1.0,1,5,60
56cc83056d243a140015efd9,IPod,doc_20,"['doc_20', 'doc_19', 'doc_2', 'doc_15', 'doc_0']",1.0,1,5,60
56cc83056d243a140015efda,IPod,doc_20,"['doc_20', 'doc_19', 'doc_21', 'doc_18', 'doc_46']",1.0,1,5,60
56cfb353234ae51400d9be99,IPod,doc_20,"['doc_20', 'doc_19', 'doc_37', 'doc_38', 'doc_27']",1.0,1,5,60
56cfb353234ae51400d9be9a,IPod,doc_20,"['doc_20', 'doc_19', 'doc_21', 'doc_46', 'doc_18']",1.0,1,5,60
56cc84ab6d243a140015efe2,IPod,doc_21,"['doc_21', 'doc_19', 'doc_20', 'doc_46', 'doc_41']",1.0,1,5,60
56cc84ab6d243a140015efe3,IPod,doc_21,"['doc_24', 'doc_21', 'doc_6', 'doc_47', 'doc_3']",0.5,1,5,60
56cc84ab6d243a140015efe4,IPod,doc_21,"['doc_21', 'doc_19', 'doc_37', 'doc_20', 'doc_41']",1.0,1,5,60
56cfb3e3234ae51400d9be9d,IPod,doc_21,"['doc_21', 'doc_19', 'doc_20', 'doc_18', 'doc_47']",1.0,1,5,60
56cfb3e3234ae51400d9be9e,IPod,doc_21,"['doc_21', 'doc_9', 'doc_5', 'doc_0', 'doc_19']",1.0,1,5,60
56cc858b6d243a140015efe8,IPod,doc_22,"['doc_22', 'doc_26', 'doc_37', 'doc_6', 'doc_33']",1.0,1,5,60
56cc858b6d243a140015efe9,IPod,doc_22,"['doc_36', 'doc_6', 'doc_3', 'doc_22', 'doc_5']",0.25,1,5,60
56cc858b6d243a140015efeb,IPod,doc_22,"['doc_22', 'doc_27', 'doc_59', 'doc_2', 'doc_34']",1.0,1,5,60
56cc858b6d243a140015efec,IPod,doc_22,"['doc_26', 'doc_27', 'doc_38', 'doc_37', 'doc_35']",0.0,0,5,60
56cfb618234ae51400d9bebb,IPod,doc_22,"['doc_5', 'doc_6', 'doc_0', 'doc_59', 'doc_22']",0.2,1,5,60
56cfb618234ae51400d9bebd,IPod,doc_22,"['doc_22', 'doc_59', 'doc_46', 'doc_34', 'doc_27']",1.0,1,5,60
56cfb618234ae51400d9bebe,IPod,doc_22,"['doc_22', 'doc_5', 'doc_8', 'doc_0', 'doc_15']",1.0,1,5,60
56cc86f26d243a140015eff2,IPod,doc_23,"['doc_23', 'doc_9', 'doc_0', 'doc_42', 'doc_54']",1.0,1,5,60
56cc86f26d243a140015eff5,IPod,doc_23,"['doc_23', 'doc_2', 'doc_59', 'doc_35', 'doc_36']",1.0,1,5,60
56cfb6b8234ae51400d9bec9,IPod,doc_23,"['doc_23', 'doc_34', 'doc_35', 'doc_0', 'doc_16']",1.0,1,5,60
56cc88386d243a140015effc,IPod,doc_24,"['doc_24', 'doc_6', 'doc_5', 'doc_0', 'doc_54']",1.0,1,5,60
56cc88386d243a140015effd,IPod,doc_24,"['doc_24', 'doc_6', 'doc_4', 'doc_0', 'doc_10']",1.0,1,5,60
56cc88386d243a140015effe,IPod,doc_24,"['doc_24', 'doc_15', 'doc_6', 'doc_11', 'doc_0']",1.0,1,5,60
56cc88386d243a140015efff,IPod,doc_24,"['doc_24', 'doc_6', 'doc_15', 'doc_5', 'doc_16']",1.0,1,5,60
56cc88386d243a140015f000,IPod,doc_24,"['doc_16', 'doc_24', 'doc_6', 'doc_15', 'doc_4']",0.5,1,5,60
56cfb7f9234ae51400d9bed7,IPod,doc_24,"['doc_24', 'doc_5', 'doc_0', 'doc_6', 'doc_13']",1.0,1,5,60
56cfb7f9234ae51400d9bed8,IPod,doc_24,"['doc_15', 'doc_24', 'doc_11', 'doc_13', 'doc_0']",0.5,1,5,60
56cfb7f9234ae51400d9bed9,IPod,doc_24,"['doc_6', 'doc_24', 'doc_4', 'doc_0', 'doc_5']",0.5,1,5,60
56cc88a56d243a140015f006,IPod,doc_25,"['doc_25', 'doc_29', 'doc_5', 'doc_0', 'doc_26']",1.0,1,5,60
56cc88a56d243a140015f007,IPod,doc_25,"['doc_25', 'doc_35', 'doc_29', 'doc_2', 'doc_26']",1.0,1,5,60
56cc88a56d243a140015f008,IPod,doc_25,"['doc_25', 'doc_29', 'doc_3', 'doc_26', 'doc_31']",1.0,1,5,60
56cc88a56d243a140015f009,IPod,doc_25,"['doc_25', 'doc_29', 'doc_26', 'doc_5', 'doc_44']",1.0,1,5,60
56cfb830234ae51400d9bedd,IPod,doc_25,"['doc_25', 'doc_29', 'doc_26', 'doc_28', 'doc_9']",1.0,1,5,60
56cfb830234ae51400d9bede,IPod,doc_25,"['doc_25', 'doc_29', 'doc_3', 'doc_5', 'doc_26']",1.0,1,5,60
56cfb830234ae51400d9bedf,IPod,doc_25,"['doc_25', 'doc_26', 'doc_29', 'doc_31', 'doc_28']",1.0,1,5,60
56cc89c46d243a140015f00e,IPod,doc_26,"['doc_25', 'doc_26', 'doc_29', 'doc_22', 'doc_59']",0.5,1,5,60
56cc89c46d243a140015f00f,IPod,doc_26,"['doc_26', 'doc_37', 'doc_27', 'doc_35', 'doc_38']",1.0,1,5,60
56cc89c46d243a140015f010,IPod,doc_26,"['doc_26', 'doc_27', 'doc_25', 'doc_37', 'doc_22']",1.0,1,5,60
56cc89c46d243a140015f011,IPod,doc_26,"['doc_26', 'doc_25', 'doc_29', 'doc_39', 'doc_37']",1.0,1,5,60
56cc89c46d243a140015f012,IPod,doc_26,"['doc_26', 'doc_39', 'doc_5', 'doc_37', 'doc_38']",1.0,1,5,60
56cfb8e5234ae51400d9beeb,IPod,doc_26,"['doc_26', 'doc_22', 'doc_25', 'doc_35', 'doc_29']",1.0,1,5,60
56cfb8e5234ae51400d9beec,IPod,doc_26,"['doc_26', 'doc_27', 'doc_37', 'doc_6', 'doc_38']",1.0,1,5,60
56cfb8e5234ae51400d9beed,IPod,doc_26,"['doc_26', 'doc_37', 'doc_27', 'doc_29', 'doc_28']",1.0,1,5,60
56cfb8e5234ae51400d9beef,IPod,doc_26,"['doc_26', 'doc_27', 'doc_25', 'doc_28', 'doc_37']",1.0,1,5,60
56cc8b576d243a140015f023,IPod,doc_27,"['doc_27', 'doc_26', 'doc_37', 'doc_22', 'doc_35']",1.0,1,5,60
56cc8b576d243a140015f025,IPod,doc_27,"['doc_42', 'doc_45', 'doc_25', 'doc_43', 'doc_44']",0.0,0,5,60
56cfb97c234ae51400d9bf03,IPod,doc_27,"['doc_27', 'doc_37', 'doc_22', 'doc_26', 'doc_31']",1.0,1,5,60
56cc911e6d243a140015f02a,IPod,doc_28,"['doc_28', 'doc_37', 'doc_41', 'doc_26', 'doc_39']",1.0,1,5,60
56cc911e6d243a140015f02b,IPod,doc_28,"['doc_28', 'doc_39', 'doc_8', 'doc_38', 'doc_37']",1.0,1,5,60
56cfb99b234ae51400d9bf05,IPod,doc_28,"['doc_28', 'doc_25', 'doc_26', 'doc_37', 'doc_39']",1.0,1,5,60
56cc91b56d243a140015f030,IPod,doc_29,"['doc_29', 'doc_25', 'doc_26', 'doc_5', 'doc_9']",1.0,1,5,60
56cc91b56d243a140015f033,IPod,doc_29,"['doc_29', 'doc_25', 'doc_26', 'doc_5', 'doc_28']",1.0,1,5,60
56cfb9f7234ae51400d9bf0d,IPod,doc_29,"['doc_29', 'doc_25', 'doc_26', 'doc_5', 'doc_0']",1.0,1,5,60
56cfb9f7234ae51400d9bf0e,IPod,doc_29,"['doc_29', 'doc_2', 'doc_23', 'doc_17', 'doc_35']",1.0,1,5,60
56cc92346d243a140015f038,IPod,doc_30,"['doc_32', 'doc_30', 'doc_33', 'doc_48', 'doc_31']",0.5,1,5,60
56cc92346d243a140015f039,IPod,doc_30,"['doc_5', 'doc_0', 'doc_18', 'doc_6', 'doc_9']",0.0,0,5,60
56cc92346d243a140015f03a,IPod,doc_30,"['doc_30', 'doc_8', 'doc_9', 'doc_5', 'doc_6']",1.0,1,5,60
56cc92346d243a140015f03b,IPod,doc_30,"['doc_30', 'doc_31', 'doc_32', 'doc_33', 'doc_18']",1.0,1,5,60
56cc92346d243a140015f03c,IPod,doc_30,"['doc_36', 'doc_30', 'doc_8', 'doc_6', 'doc_38']",0.5,1,5,60
56cfba3b234ae51400d9bf11,IPod,doc_30,"['doc_30', 'doc_31', 'doc_33', 'doc_36', 'doc_5']",1.0,1,5,60
56cfba3b234ae51400d9bf12,IPod,doc_30,"['doc_31', 'doc_30', 'doc_32', 'doc_6', 'doc_0']",0.5,1,5,60
56cca2066d243a140015f042,IPod,doc_31,"['doc_25', 'doc_31', 'doc_29', 'doc_26', 'doc_32']",0.5,1,5,60
56cca2066d243a140015f043,IPod,doc_31,"['doc_31', 'doc_25', 'doc_29', 'doc_26', 'doc_30']",1.0,1,5,60
56cca2066d243a140015f045,IPod,doc_31,"['doc_31', 'doc_30', 'doc_22', 'doc_6', 'doc_32']",1.0,1,5,60
56cca2066d243a140015f046,IPod,doc_31,"['doc_31', 'doc_53', 'doc_30', 'doc_24', 'doc_32']",1.0,1,5,60
56cfba85234ae51400d9bf15,IPod,doc_31,"['doc_31', 'doc_25', 'doc_29', 'doc_5', 'doc_0']",1.0,1,5,60
56cfba85234ae51400d9bf16,IPod,doc_31,"['doc_31', 'doc_0', 'doc_30', 'doc_24', 'doc_35']",1.0,1,5,60
56cca27d6d243a140015f04c,IPod,doc_32,"['doc_32', 'doc_33', 'doc_31', 'doc_30', 'doc_37']",1.0,1,5,60
56cca27d6d243a140015f04d,IPod,doc_32,"['doc_32', 'doc_31', 'doc_33', 'doc_30', 'doc_27']",1.0,1,5,60
56cca27d6d243a140015f04e,IPod,doc_32,"['doc_32', 'doc_33', 'doc_46', 'doc_30', 'doc_31']",1.0,1,5,60
56cca3676d243a140015f052,IPod,doc_33,"['doc_33', 'doc_22', 'doc_59', 'doc_34', 'doc_32']",1.0,1,5,60
56cca3676d243a140015f053,IPod,doc_33,"['doc_33', 'doc_36', 'doc_22', 'doc_34', 'doc_6']",1.0,1,5,60
56cca3676d243a140015f054,IPod,doc_33,"['doc_33', 'doc_6', 'doc_39', 'doc_9', 'doc_16']",1.0,1,5,60
56cca3676d243a140015f055,IPod,doc_33,"['doc_33', 'doc_31', 'doc_6', 'doc_3', 'doc_32']",1.0,1,5,60
56cfbaed234ae51400d9bf23,IPod,doc_33,"['doc_33', 'doc_22', 'doc_32', 'doc_59', 'doc_30']",1.0,1,5,60
56cfbaed234ae51400d9bf24,IPod,doc_33,"['doc_33', 'doc_3', 'doc_0', 'doc_31', 'doc_6']",1.0,1,5,60
56cfbaed234ae51400d9bf25,IPod,doc_33,"['doc_33', 'doc_32', 'doc_39', 'doc_38', 'doc_37']",1.0,1,5,60
56cd59a162d2951400fa652a,IPod,doc_34,"['doc_34', 'doc_2', 'doc_35', 'doc_23', 'doc_59']",1.0,1,5,60
56cd59a162d2951400fa652b,IPod,doc_34,"['doc_2', 'doc_34', 'doc_23', 'doc_16', 'doc_15']",0.5,1,5,60
56cfc4d6234ae51400d9bf4b,IPod,doc_34,"['doc_34', 'doc_36', 'doc_2', 'doc_35', 'doc_59']",1.0,1,5,60
56cd5a7362d2951400fa652f,IPod,doc_35,"['doc_27', 'doc_22', 'doc_37', 'doc_34', 'doc_36']",0.0,0,5,60
56cfc516234ae51400d9bf4d,IPod,doc_35,"['doc_35', 'doc_2', 'doc_34', 'doc_23', 'doc_26']",1.0,1,5,60
56cd5d3a62d2951400fa653c,IPod,doc_36,"['doc_36', 'doc_59', 'doc_34', 'doc_22', 'doc_1']",1.0,1,5,60
56cd5d3a62d2951400fa653d,IPod,doc_36,"['doc_36', 'doc_59', 'doc_34', 'doc_22', 'doc_6']",1.0,1,5,60
56cd5d3a62d2951400fa653e,IPod,doc_36,"['doc_36', 'doc_59', 'doc_34', 'doc_22', 'doc_15']",1.0,1,5,60
56cd5df262d2951400fa6542,IPod,doc_37,"['doc_37', 'doc_38', 'doc_39', 'doc_8', 'doc_5']",1.0,1,5,60
56cd5df262d2951400fa6543,IPod,doc_37,"['doc_37', 'doc_39', 'doc_38', 'doc_43', 'doc_54']",1.0,1,5,60
56cd5df262d2951400fa6545,IPod,doc_37,"['doc_37', 'doc_38', 'doc_39', 'doc_8', 'doc_9']",1.0,1,5,60
56cd5df262d2951400fa6546,IPod,doc_37,"['doc_37', 'doc_38', 'doc_39', 'doc_8', 'doc_6']",1.0,1,5,60
56cfd4b6234ae51400d9bf67,IPod,doc_37,"['doc_37', 'doc_38', 'doc_8', 'doc_39', 'doc_9']",1.0,1,5,60
56cfd4b6234ae51400d9bf68,IPod,doc_37,"['doc_37', 'doc_38', 'doc_39', 'doc_6', 'doc_8']",1.0,1,5,60
56cd66bc62d2951400fa6574,IPod,doc_38,"['doc_38', 'doc_37', 'doc_6', 'doc_8', 'doc_17']",1.0,1,5,60
56cd66bc62d2951400fa6575,IPod,doc_38,"['doc_38', 'doc_37', 'doc_39', 'doc_8', 'doc_9']",1.0,1,5,60
56cd66bc62d2951400fa6576,IPod,doc_38,"['doc_37', 'doc_38', 'doc_39', 'doc_6', 'doc_8']",0.5,1,5,60
56cd66bc62d2951400fa6577,IPod,doc_38,"['doc_38', 'doc_39', 'doc_37', 'doc_8', 'doc_9']",1.0,1,5,60
56cd66bc62d2951400fa6578,IPod,doc_38,"['doc_39', 'doc_38', 'doc_56', 'doc_37', 'doc_57']",0.5,1,5,60
56cfd515234ae51400d9bf6b,IPod,doc_38,"['doc_38', 'doc_37', 'doc_6', 'doc_8', 'doc_17']",1.0,1,5,60
56cfd515234ae51400d9bf6c,IPod,doc_38,"['doc_37', 'doc_38', 'doc_39', 'doc_6', 'doc_43']",0.5,1,5,60
56cd673a62d2951400fa657e,IPod,doc_39,"['doc_39', 'doc_38', 'doc_37', 'doc_6', 'doc_9']",1.0,1,5,60
56cd673a62d2951400fa657f,IPod,doc_39,"['doc_39', 'doc_38', 'doc_37', 'doc_43', 'doc_44']",1.0,1,5,60
56cd673a62d2951400fa6580,IPod,doc_39,"['doc_39', 'doc_38', 'doc_5', 'doc_6', 'doc_16']",1.0,1,5,60
56cfd66d234ae51400d9bf6f,IPod,doc_39,"['doc_39', 'doc_38', 'doc_37', 'doc_43', 'doc_44']",1.0,1,5,60
56cfd66d234ae51400d9bf70,IPod,doc_39,"['doc_18', 'doc_16', 'doc_38', 'doc_9', 'doc_41']",0.0,0,5,60
56cd67e662d2951400fa6584,IPod,doc_40,"['doc_40', 'doc_42', 'doc_45', 'doc_1', 'doc_5']",1.0,1,5,60
56cd67e662d2951400fa6585,IPod,doc_40,"['doc_40', 'doc_45', 'doc_42', 'doc_5', 'doc_49']",1.0,1,5,60
56cd67e662d2951400fa6586,IPod,doc_40,"['doc_40', 'doc_45', 'doc_42', 'doc_43', 'doc_44']",1.0,1,5,60
56cd67e662d2951400fa6587,IPod,doc_40,"['doc_43', 'doc_44', 'doc_45', 'doc_42', 'doc_40']",0.2,1,5,60
56cfd6f8234ae51400d9bf73,IPod,doc_40,"['doc_40', 'doc_45', 'doc_54', 'doc_42', 'doc_5']",1.0,1,5,60
56cfd6f8234ae51400d9bf74,IPod,doc_40,"['doc_40', 'doc_45', 'doc_54', 'doc_0', 'doc_42']",1.0,1,5,60
56cfd6f8234ae51400d9bf75,IPod,doc_40,"['doc_40', 'doc_45', 'doc_42', 'doc_5', 'doc_43']",1.0,1,5,60
56cd687562d2951400fa6592,IPod,doc_41,"['doc_41', 'doc_5', 'doc_0', 'doc_9', 'doc_6']",1.0,1,5,60
56cd687562d2951400fa6593,IPod,doc_41,"['doc_41', 'doc_47', 'doc_40', 'doc_43', 'doc_16']",1.0,1,5,60
56cd687562d2951400fa6594,IPod,doc_41,"['doc_41', 'doc_5', 'doc_42', 'doc_37', 'doc_45']",1.0,1,5,60
56cd687562d2951400fa6595,IPod,doc_41,"['doc_41', 'doc_40', 'doc_45', 'doc_42', 'doc_43']",1.0,1,5,60
56cd687562d2951400fa6596,IPod,doc_41,"['doc_41', 'doc_37', 'doc_5', 'doc_6', 'doc_38']",1.0,1,5,60
56cfd727234ae51400d9bf79,IPod,doc_41,"['doc_41', 'doc_5', 'doc_37', 'doc_9', 'doc_39']",1.0,1,5,60
56cd73af62d2951400fa65c4,IPod,doc_42,"['doc_42', 'doc_45', 'doc_43', 'doc_5', 'doc_44']",1.0,1,5,60
56cd73af62d2951400fa65c5,IPod,doc_42,"['doc_45', 'doc_43', 'doc_42', 'doc_44', 'doc_40']",0.3333333333333333,1,5,60
56cd73af62d2951400fa65c6,IPod,doc_42,"['doc_18', 'doc_16', 'doc_0', 'doc_7', 'doc_5']",0.0,0,5,60
56cd73af62d2951400fa65c7,IPod,doc_42,"['doc_43', 'doc_44', 'doc_45', 'doc_42', 'doc_39']",0.25,1,5,60
56d12cc017492d1400aabb58,IPod,doc_42,"['doc_42', 'doc_45', 'doc_5', 'doc_44', 'doc_0']",1.0,1,5,60
56d12cc017492d1400aabb59,IPod,doc_42,"['doc_45', 'doc_43', 'doc_42', 'doc_44', 'doc_40']",0.3333333333333333,1,5,60
56cd742662d2951400fa65d4,IPod,doc_43,"['doc_43', 'doc_44', 'doc_45', 'doc_42', 'doc_39']",1.0,1,5,60
56cd742662d2951400fa65d5,IPod,doc_43,"['doc_43', 'doc_44', 'doc_45', 'doc_42', 'doc_41']",1.0,1,5,60
56cd742662d2951400fa65d6,IPod,doc_43,"['doc_43', 'doc_44', 'doc_45', 'doc_42', 'doc_39']",1.0,1,5,60
56cd742662d2951400fa65d7,IPod,doc_43,"['doc_43', 'doc_44', 'doc_45', 'doc_39', 'doc_42']",1.0,1,5,60
56d12d1e17492d1400aabb64,IPod,doc_43,"['doc_45', 'doc_43', 'doc_44', 'doc_42', 'doc_40']",0.5,1,5,60
56cd788162d2951400fa65e6,IPod,doc_44,"['doc_44', 'doc_43', 'doc_45', 'doc_42', 'doc_39']",1.0,1,5,60
56cd788162d2951400fa65e7,IPod,doc_44,"['doc_44', 'doc_43', 'doc_45', 'doc_42', 'doc_39']",1.0,1,5,60
56cd788162d2951400fa65e8,IPod,doc_44,"['doc_43', 'doc_44', 'doc_45', 'doc_42', 'doc_41']",0.5,1,5,60
56d12dc117492d1400aabb76,IPod,doc_44,"['doc_43', 'doc_44', 'doc_45', 'doc_42', 'doc_40']",0.5,1,5,60
56cd796762d2951400fa65ed,IPod,doc_45,"['doc_44', 'doc_43', 'doc_45', 'doc_39', 'doc_42']",0.3333333333333333,1,5,60
56cd796762d2951400fa65ef,IPod,doc_45,"['doc_45', 'doc_40', 'doc_42', 'doc_5', 'doc_49']",1.0,1,5,60
56cd796762d2951400fa65f0,IPod,doc_45,"['doc_45', 'doc_44', 'doc_43', 'doc_42', 'doc_40']",1.0,1,5,60
56d12e4917492d1400aabb84,IPod,doc_45,"['doc_45', 'doc_42', 'doc_40', 'doc_5', 'doc_58']",1.0,1,5,60
56d12e4917492d1400aabb86,IPod,doc_45,"['doc_5', 'doc_0', 'doc_45', 'doc_9', 'doc_42']",0.3333333333333333,1,5,60
56cd7a3f62d2951400fa6600,IPod,doc_46,"['doc_46', 'doc_42', 'doc_5', 'doc_40', 'doc_45']",1.0,1,5,60
56cd7a3f62d2951400fa6601,IPod,doc_46,"['doc_54', 'doc_46', 'doc_5', 'doc_6', 'doc_24']",0.5,1,5,60
56cd7a3f62d2951400fa6602,IPod,doc_46,"['doc_46', 'doc_37', 'doc_26', 'doc_22', 'doc_27']",1.0,1,5,60
56cd7a3f62d2951400fa6603,IPod,doc_46,"['doc_22', 'doc_33', 'doc_59', 'doc_27', 'doc_46']",0.2,1,5,60
56cd7a3f62d2951400fa6604,IPod,doc_46,"['doc_46', 'doc_5', 'doc_49', 'doc_0', 'doc_42']",1.0,1,5,60
56d12f4217492d1400aabb9a,IPod,doc_46,"['doc_46', 'doc_22', 'doc_37', 'doc_6', 'doc_20']",1.0,1,5,60
56d12f4217492d1400aabb9b,IPod,doc_46,"['doc_46', 'doc_5', 'doc_0', 'doc_42', 'doc_40']",1.0,1,5,60
56cd7ab462d2951400fa660a,IPod,doc_47,"['doc_47', 'doc_48', 'doc_46', 'doc_9', 'doc_18']",1.0,1,5,60
56cd7ab462d2951400fa660b,IPod,doc_47,"['doc_47', 'doc_48', 'doc_5', 'doc_46', 'doc_0']",1.0,1,5,60
56cd7ab462d2951400fa660c,IPod,doc_47,"['doc_47', 'doc_48', 'doc_9', 'doc_6', 'doc_46']",1.0,1,5,60
56cd7ab462d2951400fa660d,IPod,doc_47,"['doc_47', 'doc_21', 'doc_28', 'doc_37', 'doc_10']",1.0,1,5,60
56cd7b4162d2951400fa6613,IPod,doc_48,"['doc_48', 'doc_5', 'doc_9', 'doc_47', 'doc_7']",1.0,1,5,60
56cd7b4162d2951400fa6614,IPod,doc_48,"['doc_46', 'doc_5', 'doc_42', 'doc_49', 'doc_0']",0.0,0,5,60
56d12fe417492d1400aabbac,IPod,doc_48,"['doc_48', 'doc_5', 'doc_47', 'doc_9', 'doc_6']",1.0,1,5,60
56d12fe417492d1400aabbad,IPod,doc_48,"['doc_46', 'doc_5', 'doc_42', 'doc_0', 'doc_45']",0.0,0,5,60
56cd7bc062d2951400fa6618,IPod,doc_49,"['doc_49', 'doc_5', 'doc_45', 'doc_0', 'doc_40']",1.0,1,5,60
56cd7bc062d2951400fa6619,IPod,doc_49,"['doc_5', 'doc_49', 'doc_46', 'doc_42', 'doc_40']",0.5,1,5,60
56cd7bc062d2951400fa661a,IPod,doc_49,"['doc_49', 'doc_5', 'doc_40', 'doc_42', 'doc_0']",1.0,1,5,60
56d130df17492d1400aabbc0,IPod,doc_49,"['doc_49', 'doc_40', 'doc_45', 'doc_48', 'doc_5']",1.0,1,5,60
56cd7ca662d2951400fa6629,IPod,doc_50,"['doc_50', 'doc_4', 'doc_52', 'doc_0', 'doc_15']",1.0,1,5,60
56cd7ca662d2951400fa662a,IPod,doc_50,"['doc_50', 'doc_52', 'doc_54', 'doc_51', 'doc_55']",1.0,1,5,60
56cd7ca662d2951400fa662b,IPod,doc_50,"['doc_37', 'doc_52', 'doc_38', 'doc_39', 'doc_50']",0.2,1,5,60
56d1314517492d1400aabbce,IPod,doc_50,"['doc_37', 'doc_39', 'doc_38', 'doc_52', 'doc_5']",0.0,0,5,60
56d1314517492d1400aabbcf,IPod,doc_50,"['doc_50', 'doc_54', 'doc_52', 'doc_55', 'doc_4']",1.0,1,5,60
56cd7d3262d2951400fa6632,IPod,doc_51,"['doc_51', 'doc_52', 'doc_24', 'doc_14', 'doc_50']",1.0,1,5,60
56cd7d3262d2951400fa6633,IPod,doc_51,"['doc_52', 'doc_51', 'doc_50', 'doc_5', 'doc_14']",0.5,1,5,60
56cd7d3262d2951400fa6634,IPod,doc_51,"['doc_51', 'doc_50', 'doc_52', 'doc_5', 'doc_24']",1.0,1,5,60
56d131c817492d1400aabbe0,IPod,doc_51,"['doc_51', 'doc_16', 'doc_52', 'doc_5', 'doc_6']",1.0,1,5,60
56d131c817492d1400aabbe1,IPod,doc_51,"['doc_51', 'doc_52', 'doc_50', 'doc_15', 'doc_6']",1.0,1,5,60
56cd7db262d2951400fa6638,IPod,doc_52,"['doc_5', 'doc_25', 'doc_0', 'doc_9', 'doc_52']",0.2,1,5,60
56cd7db262d2951400fa6639,IPod,doc_52,"['doc_52', 'doc_51', 'doc_5', 'doc_50', 'doc_54']",1.0,1,5,60
56cd7db262d2951400fa663a,IPod,doc_52,"['doc_52', 'doc_51', 'doc_53', 'doc_54', 'doc_50']",1.0,1,5,60
56cd7db262d2951400fa663b,IPod,doc_52,"['doc_52', 'doc_51', 'doc_54', 'doc_5', 'doc_50']",1.0,1,5,60
56d1321f17492d1400aabbf4,IPod,doc_52,"['doc_52', 'doc_51', 'doc_53', 'doc_5', 'doc_45']",1.0,1,5,60
56d1321f17492d1400aabbf5,IPod,doc_52,"['doc_52', 'doc_51', 'doc_5', 'doc_50', 'doc_14']",1.0,1,5,60
56d1321f17492d1400aabbf6,IPod,doc_52,"['doc_52', 'doc_51', 'doc_5', 'doc_54', 'doc_7']",1.0,1,5,60
56cd7e4462d2951400fa664b,IPod,doc_53,"['doc_53', 'doc_54', 'doc_52', 'doc_6', 'doc_15']",1.0,1,5,60
56cd7e4462d2951400fa664d,IPod,doc_53,"['doc_53', 'doc_52', 'doc_6', 'doc_15', 'doc_54']",1.0,1,5,60
56cd7ef762d2951400fa6652,IPod,doc_54,"['doc_54', 'doc_46', 'doc_5', 'doc_37', 'doc_6']",1.0,1,5,60
56cd7ef762d2951400fa6653,IPod,doc_54,"['doc_54', 'doc_45', 'doc_52', 'doc_55', 'doc_42']",1.0,1,5,60
56cd7ef762d2951400fa6654,IPod,doc_54,"['doc_54', 'doc_45', 'doc_42', 'doc_55', 'doc_5']",1.0,1,5,60
56cd7ef762d2951400fa6655,IPod,doc_54,"['doc_54', 'doc_5', 'doc_6', 'doc_52', 'doc_53']",1.0,1,5,60
56cd7ef762d2951400fa6656,IPod,doc_54,"['doc_6', 'doc_52', 'doc_38', 'doc_5', 'doc_39']",0.0,0,5,60
56d133d517492d1400aabc2b,IPod,doc_54,"['doc_54', 'doc_5', 'doc_40', 'doc_1', 'doc_59']",1.0,1,5,60
56d133d517492d1400aabc2c,IPod,doc_54,"['doc_53', 'doc_54', 'doc_52', 'doc_15', 'doc_6']",0.5,1,5,60
56cd7f9162d2951400fa665c,IPod,doc_55,"['doc_55', 'doc_58', 'doc_56', 'doc_5', 'doc_38']",1.0,1,5,60
56cd7f9162d2951400fa665f,IPod,doc_55,"['doc_55', 'doc_58', 'doc_56', 'doc_38', 'doc_37']",1.0,1,5,60
56cd7f9162d2951400fa6660,IPod,doc_55,"['doc_55', 'doc_56', 'doc_57', 'doc_58', 'doc_50']",1.0,1,5,60
56d13443e7d4791d00901feb,IPod,doc_55,"['doc_55', 'doc_56', 'doc_57', 'doc_37', 'doc_38']",1.0,1,5,60
56d13443e7d4791d00901fec,IPod,doc_55,"['doc_55', 'doc_56', 'doc_58', 'doc_57', 'doc_43']",1.0,1,5,60
56cd81df62d2951400fa6666,IPod,doc_56,"['doc_56', 'doc_55', 'doc_57', 'doc_58', 'doc_39']",1.0,1,5,60
56cd81df62d2951400fa6667,IPod,doc_56,"['doc_56', 'doc_57', 'doc_55', 'doc_58', 'doc_39']",1.0,1,5,60
56cd81df62d2951400fa6668,IPod,doc_56,"['doc_56', 'doc_55', 'doc_57', 'doc_58', 'doc_37']",1.0,1,5,60
56cd81df62d2951400fa6669,IPod,doc_56,"['doc_57', 'doc_56', 'doc_58', 'doc_55', 'doc_6']",0.5,1,5,60
56d134c2e7d4791d00901ff7,IPod,doc_56,"['doc_56', 'doc_55', 'doc_57', 'doc_58', 'doc_37']",1.0,1,5,60
56d134c2e7d4791d00901ff8,IPod,doc_56,"['doc_56', 'doc_57', 'doc_55', 'doc_44', 'doc_43']",1.0,1,5,60
56d134c2e7d4791d00901ff9,IPod,doc_56,"['doc_56', 'doc_57', 'doc_55', 'doc_58', 'doc_44']",1.0,1,5,60
56cd828562d2951400fa6670,IPod,doc_57,"['doc_57', 'doc_56', 'doc_55', 'doc_58', 'doc_45']",1.0,1,5,60
56cd828562d2951400fa6672,IPod,doc_57,"['doc_57', 'doc_56', 'doc_58', 'doc_55', 'doc_45']",1.0,1,5,60
56d13543e7d4791d00902004,IPod,doc_57,"['doc_57', 'doc_56', 'doc_55', 'doc_58', 'doc_45']",1.0,1,5,60
56cd834d62d2951400fa668a,IPod,doc_58,"['doc_58', 'doc_47', 'doc_56', 'doc_57', 'doc_55']",1.0,1,5,60
56cfc488234ae51400d9bf47,IPod,doc_59,"['doc_59', 'doc_22', 'doc_6', 'doc_5', 'doc_33']",1.0,1,5,60
56cfc488234ae51400d9bf48,IPod,doc_59,"['doc_59', 'doc_22', 'doc_23', 'doc_0', 'doc_6']",1.0,1,5,60
56cd8a5f62d2951400fa668e,The_Legend_of_Zelda:_Twilight_Princess,doc_0,"['doc_0', 'doc_3', 'doc_28', 'doc_2', 'doc_24']",1.0,1,5,32
56cd8a5f62d2951400fa668f,The_Legend_of_Zelda:_Twilight_Princess,doc_0,"['doc_0', 'doc_28', 'doc_30', 'doc_18', 'doc_29']",1.0,1,5,32
56cd8a5f62d2951400fa6691,The_Legend_of_Zelda:_Twilight_Princess,doc_0,"['doc_0', 'doc_24', 'doc_30', 'doc_27', 'doc_2']",1.0,1,5,32
56cd8a5f62d2951400fa6692,The_Legend_of_Zelda:_Twilight_Princess,doc_0,"['doc_0', 'doc_30', 'doc_18', 'doc_29', 'doc_27']",1.0,1,5,32
56d1159e17492d1400aab8cc,The_Legend_of_Zelda:_Twilight_Princess,doc_0,"['doc_0', 'doc_24', 'doc_17', 'doc_28', 'doc_18']",1.0,1,5,32
56d1159e17492d1400aab8ce,The_Legend_of_Zelda:_Twilight_Princess,doc_0,"['doc_0', 'doc_17', 'doc_24', 'doc_2', 'doc_28']",1.0,1,5,32
56d1159e17492d1400aab8cf,The_Legend_of_Zelda:_Twilight_Princess,doc_0,"['doc_0', 'doc_24', 'doc_2', 'doc_30', 'doc_28']",1.0,1,5,32
56cd8ad162d2951400fa6698,The_Legend_of_Zelda:_Twilight_Princess,doc_1,"['doc_1', 'doc_10', 'doc_11', 'doc_9', 'doc_12']",1.0,1,5,32
56cd8ad162d2951400fa6699,The_Legend_of_Zelda:_Twilight_Princess,doc_1,"['doc_1', 'doc_10', 'doc_7', 'doc_11', 'doc_12']",1.0,1,5,32
56cd8ad162d2951400fa669b,The_Legend_of_Zelda:_Twilight_Princess,doc_1,"['doc_10', 'doc_7', 'doc_1', 'doc_11', 'doc_12']",0.3333333333333333,1,5,32
56d1162317492d1400aab8ec,The_Legend_of_Zelda:_Twilight_Princess,doc_1,"['doc_1', 'doc_10', 'doc_16', 'doc_12', 'doc_3']",1.0,1,5,32
56d1162317492d1400aab8ee,The_Legend_of_Zelda:_Twilight_Princess,doc_1,"['doc_7', 'doc_1', 'doc_11', 'doc_10', 'doc_25']",0.5,1,5,32
56d1162317492d1400aab8ef,The_Legend_of_Zelda:_Twilight_Princess,doc_1,"['doc_1', 'doc_10', 'doc_16', 'doc_11', 'doc_12']",1.0,1,5,32
56cd8b5862d2951400fa66a2,The_Legend_of_Zelda:_Twilight_Princess,doc_2,"['doc_27', 'doc_29', 'doc_2', 'doc_28', 'doc_30']",0.3333333333333333,1,5,32
56cd8b5862d2951400fa66a3,The_Legend_of_Zelda:_Twilight_Princess,doc_2,"['doc_0', 'doc_30', 'doc_27', 'doc_2', 'doc_24']",0.25,1,5,32
56cd8b5862d2951400fa66a4,The_Legend_of_Zelda:_Twilight_Princess,doc_2,"['doc_24', 'doc_0', 'doc_2', 'doc_17', 'doc_27']",0.3333333333333333,1,5,32
56d116d717492d1400aab8f4,The_Legend_of_Zelda:_Twilight_Princess,doc_2,"['doc_2', 'doc_28', 'doc_0', 'doc_30', 'doc_29']",1.0,1,5,32
56d116d717492d1400aab8f5,The_Legend_of_Zelda:_Twilight_Princess,doc_2,"['doc_29', 'doc_27', 'doc_2', 'doc_28', 'doc_30']",0.3333333333333333,1,5,32
56d116d717492d1400aab8f6,The_Legend_of_Zelda:_Twilight_Princess,doc_2,"['doc_2', 'doc_27', 'doc_28', 'doc_29', 'doc_30']",1.0,1,5,32
56d116d717492d1400aab8f7,The_Legend_of_Zelda:_Twilight_Princess,doc_2,"['doc_24', 'doc_17', 'doc_2', 'doc_18', 'doc_15']",0.3333333333333333,1,5,32
56cd8c5762d2951400fa66a8,The_Legend_of_Zelda:_Twilight_Princess,doc_3,"['doc_3', 'doc_10', 'doc_0', 'doc_1', 'doc_16']",1.0,1,5,32
56cd8c5762d2951400fa66a9,The_Legend_of_Zelda:_Twilight_Princess,doc_3,"['doc_10', 'doc_0', 'doc_3', 'doc_19', 'doc_20']",0.3333333333333333,1,5,32
56cd8c5762d2951400fa66aa,The_Legend_of_Zelda:_Twilight_Princess,doc_3,"['doc_8', 'doc_3', 'doc_4', 'doc_5', 'doc_17']",0.5,1,5,32
56cd8c5762d2951400fa66ab,The_Legend_of_Zelda:_Twilight_Princess,doc_3,"['doc_7', 'doc_3', 'doc_1', 'doc_12', 'doc_13']",0.5,1,5,32
56cd8c5762d2951400fa66ac,The_Legend_of_Zelda:_Twilight_Princess,doc_3,"['doc_3', 'doc_8', 'doc_5', 'doc_16', 'doc_7']",1.0,1,5,32
56d118ce17492d1400aab924,The_Legend_of_Zelda:_Twilight_Princess,doc_3,"['doc_28', 'doc_0', 'doc_3', 'doc_2', 'doc_29']",0.3333333333333333,1,5,32
56d118ce17492d1400aab925,The_Legend_of_Zelda:_Twilight_Princess,doc_3,"['doc_3', 'doc_0', 'doc_10', 'doc_19', 'doc_20']",1.0,1,5,32
56d118ce17492d1400aab926,The_Legend_of_Zelda:_Twilight_Princess,doc_3,"['doc_3', 'doc_7', 'doc_5', 'doc_1', 'doc_13']",1.0,1,5,32
56d118ce17492d1400aab927,The_Legend_of_Zelda:_Twilight_Princess,doc_3,"['doc_4', 'doc_3', 'doc_5', 'doc_20', 'doc_19']",0.5,1,5,32
56cd8d0662d2951400fa66b2,The_Legend_of_Zelda:_Twilight_Princess,doc_4,"['doc_4', 'doc_5', 'doc_20', 'doc_19', 'doc_22']",1.0,1,5,32
56cd8d0662d2951400fa66b3,The_Legend_of_Zelda:_Twilight_Princess,doc_4,"['doc_4', 'doc_22', 'doc_9', 'doc_26', 'doc_16']",1.0,1,5,32
56cd8d0662d2951400fa66b4,The_Legend_of_Zelda:_Twilight_Princess,doc_4,"['doc_7', 'doc_3', 'doc_5', 'doc_6', 'doc_16']",0.0,0,5,32
56d1195d17492d1400aab93b,The_Legend_of_Zelda:_Twilight_Princess,doc_4,"['doc_4', 'doc_16', 'doc_20', 'doc_19', 'doc_23']",1.0,1,5,32
56d1195d17492d1400aab93c,The_Legend_of_Zelda:_Twilight_Princess,doc_4,"['doc_4', 'doc_3', 'doc_5', 'doc_9', 'doc_23']",1.0,1,5,32
56cd8dbf62d2951400fa66f2,The_Legend_of_Zelda:_Twilight_Princess,doc_5,"['doc_5', 'doc_19', 'doc_20', 'doc_23', 'doc_18']",1.0,1,5,32
56cd8dbf62d2951400fa66f3,The_Legend_of_Zelda:_Twilight_Princess,doc_5,"['doc_9', 'doc_22', 'doc_21', 'doc_5', 'doc_25']",0.25,1,5,32
56cd8dbf62d2951400fa66f4,The_Legend_of_Zelda:_Twilight_Princess,doc_5,"['doc_5', 'doc_19', 'doc_20', 'doc_23', 'doc_17']",1.0,1,5,32
56cd8dbf62d2951400fa66f5,The_Legend_of_Zelda:_Twilight_Princess,doc_5,"['doc_7', 'doc_3', 'doc_25', 'doc_5', 'doc_1']",0.25,1,5,32
56cd8dbf62d2951400fa66f6,The_Legend_of_Zelda:_Twilight_Princess,doc_5,"['doc_5', 'doc_3', 'doc_19', 'doc_20', 'doc_0']",1.0,1,5,32
56d11a1b17492d1400aab95d,The_Legend_of_Zelda:_Twilight_Princess,doc_5,"['doc_5', 'doc_19', 'doc_20', 'doc_17', 'doc_18']",1.0,1,5,32
56d11a1b17492d1400aab95e,The_Legend_of_Zelda:_Twilight_Princess,doc_5,"['doc_5', 'doc_17', 'doc_22', 'doc_19', 'doc_23']",1.0,1,5,32
56cd8e2362d2951400fa66fc,The_Legend_of_Zelda:_Twilight_Princess,doc_6,"['doc_6', 'doc_10', 'doc_0', 'doc_28', 'doc_30']",1.0,1,5,32
56cd8e2362d2951400fa66fd,The_Legend_of_Zelda:_Twilight_Princess,doc_6,"['doc_6', 'doc_7', 'doc_11', 'doc_1', 'doc_12']",1.0,1,5,32
56cd8e2362d2951400fa66fe,The_Legend_of_Zelda:_Twilight_Princess,doc_6,"['doc_6', 'doc_25', 'doc_16', 'doc_11', 'doc_12']",1.0,1,5,32
56cd8e2362d2951400fa66ff,The_Legend_of_Zelda:_Twilight_Princess,doc_6,"['doc_7', 'doc_15', 'doc_1', 'doc_10', 'doc_13']",0.0,0,5,32
56d11a7017492d1400aab968,The_Legend_of_Zelda:_Twilight_Princess,doc_6,"['doc_6', 'doc_1', 'doc_12', 'doc_10', 'doc_16']",1.0,1,5,32
56d11a7017492d1400aab969,The_Legend_of_Zelda:_Twilight_Princess,doc_6,"['doc_6', 'doc_13', 'doc_11', 'doc_12', 'doc_1']",1.0,1,5,32
56d11a7017492d1400aab96a,The_Legend_of_Zelda:_Twilight_Princess,doc_6,"['doc_6', 'doc_25', 'doc_16', 'doc_12', 'doc_11']",1.0,1,5,32
56cd8ec662d2951400fa6704,The_Legend_of_Zelda:_Twilight_Princess,doc_7,"['doc_7', 'doc_10', 'doc_1', 'doc_12', 'doc_11']",1.0,1,5,32
56cd8ec662d2951400fa6705,The_Legend_of_Zelda:_Twilight_Princess,doc_7,"['doc_7', 'doc_1', 'doc_10', 'doc_16', 'doc_11']",1.0,1,5,32
56cd8ec662d2951400fa6706,The_Legend_of_Zelda:_Twilight_Princess,doc_7,"['doc_8', 'doc_7', 'doc_11', 'doc_10', 'doc_12']",0.5,1,5,32
56cd8ec662d2951400fa6707,The_Legend_of_Zelda:_Twilight_Princess,doc_7,"['doc_7', 'doc_11', 'doc_1', 'doc_25', 'doc_10']",1.0,1,5,32
56cd8ec662d2951400fa6708,The_Legend_of_Zelda:_Twilight_Princess,doc_7,"['doc_7', 'doc_1', 'doc_16', 'doc_25', 'doc_10']",1.0,1,5,32
56d11af517492d1400aab987,The_Legend_of_Zelda:_Twilight_Princess,doc_7,"['doc_10', 'doc_7', 'doc_12', 'doc_1', 'doc_11']",0.5,1,5,32
56d11af517492d1400aab989,The_Legend_of_Zelda:_Twilight_Princess,doc_7,"['doc_11', 'doc_13', 'doc_12', 'doc_1', 'doc_9']",0.0,0,5,32
56d11af517492d1400aab98b,The_Legend_of_Zelda:_Twilight_Princess,doc_7,"['doc_7', 'doc_9', 'doc_6', 'doc_16', 'doc_1']",1.0,1,5,32
56cd8f4b62d2951400fa670e,The_Legend_of_Zelda:_Twilight_Princess,doc_8,"['doc_8', 'doc_9', 'doc_25', 'doc_4', 'doc_17']",1.0,1,5,32
56cd8f4b62d2951400fa670f,The_Legend_of_Zelda:_Twilight_Princess,doc_8,"['doc_8', 'doc_3', 'doc_28', 'doc_23', 'doc_16']",1.0,1,5,32
56cd8f4b62d2951400fa6711,The_Legend_of_Zelda:_Twilight_Princess,doc_8,"['doc_8', 'doc_11', 'doc_13', 'doc_12', 'doc_7']",1.0,1,5,32
56d1283617492d1400aabac2,The_Legend_of_Zelda:_Twilight_Princess,doc_8,"['doc_8', 'doc_3', 'doc_28', 'doc_7', 'doc_19']",1.0,1,5,32
56d1283617492d1400aabac3,The_Legend_of_Zelda:_Twilight_Princess,doc_8,"['doc_8', 'doc_7', 'doc_5', 'doc_6', 'doc_25']",1.0,1,5,32
56cd8ffa62d2951400fa6720,The_Legend_of_Zelda:_Twilight_Princess,doc_9,"['doc_7', 'doc_9', 'doc_11', 'doc_4', 'doc_16']",0.5,1,5,32
56cd8ffa62d2951400fa6721,The_Legend_of_Zelda:_Twilight_Princess,doc_9,"['doc_9', 'doc_22', 'doc_5', 'doc_1', 'doc_28']",1.0,1,5,32
56cd8ffa62d2951400fa6722,The_Legend_of_Zelda:_Twilight_Princess,doc_9,"['doc_9', 'doc_11', 'doc_21', 'doc_13', 'doc_1']",1.0,1,5,32
56cd8ffa62d2951400fa6723,The_Legend_of_Zelda:_Twilight_Princess,doc_9,"['doc_31', 'doc_21', 'doc_22', 'doc_26', 'doc_9']",0.2,1,5,32
56d128ed17492d1400aabad9,The_Legend_of_Zelda:_Twilight_Princess,doc_9,"['doc_7', 'doc_3', 'doc_9', 'doc_13', 'doc_11']",0.3333333333333333,1,5,32
56d128ed17492d1400aabada,The_Legend_of_Zelda:_Twilight_Princess,doc_9,"['doc_9', 'doc_7', 'doc_4', 'doc_11', 'doc_1']",1.0,1,5,32
56d128ed17492d1400aabadb,The_Legend_of_Zelda:_Twilight_Princess,doc_9,"['doc_9', 'doc_28', 'doc_21', 'doc_22', 'doc_29']",1.0,1,5,32
56d128ed17492d1400aabadc,The_Legend_of_Zelda:_Twilight_Princess,doc_9,"['doc_9', 'doc_11', 'doc_13', 'doc_1', 'doc_12']",1.0,1,5,32
56cd92e562d2951400fa6728,The_Legend_of_Zelda:_Twilight_Princess,doc_10,"['doc_10', 'doc_1', 'doc_7', 'doc_16', 'doc_11']",1.0,1,5,32
56cd92e562d2951400fa672a,The_Legend_of_Zelda:_Twilight_Princess,doc_10,"['doc_11', 'doc_10', 'doc_13', 'doc_12', 'doc_6']",0.5,1,5,32
56cd92e562d2951400fa672b,The_Legend_of_Zelda:_Twilight_Princess,doc_10,"['doc_10', 'doc_12', 'doc_1', 'doc_7', 'doc_11']",1.0,1,5,32
56cd92e562d2951400fa672c,The_Legend_of_Zelda:_Twilight_Princess,doc_10,"['doc_6', 'doc_25', 'doc_10', 'doc_11', 'doc_7']",0.3333333333333333,1,5,32
56d1298217492d1400aabaf8,The_Legend_of_Zelda:_Twilight_Princess,doc_10,"['doc_10', 'doc_7', 'doc_1', 'doc_16', 'doc_11']",1.0,1,5,32
56d1298217492d1400aabaf9,The_Legend_of_Zelda:_Twilight_Princess,doc_10,"['doc_10', 'doc_13', 'doc_11', 'doc_8', 'doc_1']",1.0,1,5,32
56d1298217492d1400aabafb,The_Legend_of_Zelda:_Twilight_Princess,doc_10,"['doc_25', 'doc_7', 'doc_10', 'doc_11', 'doc_6']",0.3333333333333333,1,5,32
56cd937162d2951400fa6732,The_Legend_of_Zelda:_Twilight_Princess,doc_11,"['doc_11', 'doc_1', 'doc_12', 'doc_25', 'doc_10']",1.0,1,5,32
56cd937162d2951400fa6733,The_Legend_of_Zelda:_Twilight_Princess,doc_11,"['doc_11', 'doc_12', 'doc_13', 'doc_1', 'doc_10']",1.0,1,5,32
56cd937162d2951400fa6734,The_Legend_of_Zelda:_Twilight_Princess,doc_11,"['doc_7', 'doc_12', 'doc_11', 'doc_13', 'doc_1']",0.3333333333333333,1,5,32
56cd937162d2951400fa6735,The_Legend_of_Zelda:_Twilight_Princess,doc_11,"['doc_11', 'doc_13', 'doc_12', 'doc_10', 'doc_1']",1.0,1,5,32
56cd937162d2951400fa6736,The_Legend_of_Zelda:_Twilight_Princess,doc_11,"['doc_16', 'doc_10', 'doc_11', 'doc_12', 'doc_1']",0.3333333333333333,1,5,32
56d12a1317492d1400aabb10,The_Legend_of_Zelda:_Twilight_Princess,doc_11,"['doc_11', 'doc_12', 'doc_13', 'doc_10', 'doc_1']",1.0,1,5,32
56d12a1317492d1400aabb12,The_Legend_of_Zelda:_Twilight_Princess,doc_11,"['doc_11', 'doc_12', 'doc_13', 'doc_1', 'doc_10']",1.0,1,5,32
56d12a1317492d1400aabb13,The_Legend_of_Zelda:_Twilight_Princess,doc_11,"['doc_7', 'doc_11', 'doc_12', 'doc_1', 'doc_10']",0.5,1,5,32
56d12a1317492d1400aabb14,The_Legend_of_Zelda:_Twilight_Princess,doc_11,"['doc_11', 'doc_13', 'doc_12', 'doc_10', 'doc_1']",1.0,1,5,32
56cd942362d2951400fa673c,The_Legend_of_Zelda:_Twilight_Princess,doc_12,"['doc_7', 'doc_12', 'doc_11', 'doc_1', 'doc_10']",0.5,1,5,32
56cd942362d2951400fa673d,The_Legend_of_Zelda:_Twilight_Princess,doc_12,"['doc_11', 'doc_13', 'doc_12', 'doc_10', 'doc_1']",0.3333333333333333,1,5,32
56cd942362d2951400fa673e,The_Legend_of_Zelda:_Twilight_Princess,doc_12,"['doc_12', 'doc_10', 'doc_13', 'doc_11', 'doc_1']",1.0,1,5,32
56cd942362d2951400fa673f,The_Legend_of_Zelda:_Twilight_Princess,doc_12,"['doc_13', 'doc_12', 'doc_11', 'doc_10', 'doc_1']",0.5,1,5,32
56cd942362d2951400fa6740,The_Legend_of_Zelda:_Twilight_Princess,doc_12,"['doc_13', 'doc_12', 'doc_1', 'doc_11', 'doc_7']",0.5,1,5,32
56d12adf17492d1400aabb28,The_Legend_of_Zelda:_Twilight_Princess,doc_12,"['doc_7', 'doc_16', 'doc_1', 'doc_12', 'doc_11']",0.25,1,5,32
56d12adf17492d1400aabb29,The_Legend_of_Zelda:_Twilight_Princess,doc_12,"['doc_12', 'doc_10', 'doc_1', 'doc_7', 'doc_16']",1.0,1,5,32
56d12adf17492d1400aabb2a,The_Legend_of_Zelda:_Twilight_Princess,doc_12,"['doc_10', 'doc_12', 'doc_1', 'doc_13', 'doc_7']",0.5,1,5,32
56d12adf17492d1400aabb2b,The_Legend_of_Zelda:_Twilight_Princess,doc_12,"['doc_12', 'doc_11', 'doc_13', 'doc_10', 'doc_1']",1.0,1,5,32
56d12adf17492d1400aabb2c,The_Legend_of_Zelda:_Twilight_Princess,doc_12,"['doc_13', 'doc_12', 'doc_7', 'doc_1', 'doc_10']",0.5,1,5,32
56cd953262d2951400fa6746,The_Legend_of_Zelda:_Twilight_Princess,doc_13,"['doc_13', 'doc_12', 'doc_11', 'doc_10', 'doc_1']",1.0,1,5,32
56cd953262d2951400fa6747,The_Legend_of_Zelda:_Twilight_Princess,doc_13,"['doc_13', 'doc_6', 'doc_1', 'doc_7', 'doc_16']",1.0,1,5,32
56cd953262d2951400fa6748,The_Legend_of_Zelda:_Twilight_Princess,doc_13,"['doc_13', 'doc_7', 'doc_1', 'doc_11', 'doc_10']",1.0,1,5,32
56cd953262d2951400fa6749,The_Legend_of_Zelda:_Twilight_Princess,doc_13,"['doc_13', 'doc_12', 'doc_11', 'doc_7', 'doc_1']",1.0,1,5,32
56cd953262d2951400fa674a,The_Legend_of_Zelda:_Twilight_Princess,doc_13,"['doc_13', 'doc_11', 'doc_12', 'doc_10', 'doc_1']",1.0,1,5,32
56d12bda17492d1400aabb44,The_Legend_of_Zelda:_Twilight_Princess,doc_13,"['doc_11', 'doc_13', 'doc_12', 'doc_1', 'doc_10']",0.5,1,5,32
56d12bda17492d1400aabb45,The_Legend_of_Zelda:_Twilight_Princess,doc_13,"['doc_13', 'doc_12', 'doc_1', 'doc_11', 'doc_10']",1.0,1,5,32
56d12bda17492d1400aabb47,The_Legend_of_Zelda:_Twilight_Princess,doc_13,"['doc_11', 'doc_13', 'doc_12', 'doc_10', 'doc_1']",0.5,1,5,32
56cd95f562d2951400fa6750,The_Legend_of_Zelda:_Twilight_Princess,doc_14,"['doc_0', 'doc_17', 'doc_18', 'doc_24', 'doc_2']",0.0,0,5,32
56cd95f562d2951400fa6751,The_Legend_of_Zelda:_Twilight_Princess,doc_14,"['doc_15', 'doc_14', 'doc_17', 'doc_16', 'doc_1']",0.5,1,5,32
56cd95f562d2951400fa6752,The_Legend_of_Zelda:_Twilight_Princess,doc_14,"['doc_14', 'doc_16', 'doc_17', 'doc_0', 'doc_15']",1.0,1,5,32
56cd95f562d2951400fa6753,The_Legend_of_Zelda:_Twilight_Princess,doc_14,"['doc_16', 'doc_17', 'doc_15', 'doc_20', 'doc_14']",0.2,1,5,32
56d12ceb17492d1400aabb5c,The_Legend_of_Zelda:_Twilight_Princess,doc_14,"['doc_14', 'doc_0', 'doc_18', 'doc_17', 'doc_19']",1.0,1,5,32
56d12ceb17492d1400aabb5d,The_Legend_of_Zelda:_Twilight_Princess,doc_14,"['doc_17', 'doc_14', 'doc_16', 'doc_15', 'doc_18']",0.5,1,5,32
56d12ceb17492d1400aabb5f,The_Legend_of_Zelda:_Twilight_Princess,doc_14,"['doc_16', 'doc_15', 'doc_17', 'doc_14', 'doc_20']",0.25,1,5,32
56cd96c162d2951400fa6758,The_Legend_of_Zelda:_Twilight_Princess,doc_15,"['doc_15', 'doc_20', 'doc_19', 'doc_16', 'doc_7']",1.0,1,5,32
56cd96c162d2951400fa6759,The_Legend_of_Zelda:_Twilight_Princess,doc_15,"['doc_15', 'doc_18', 'doc_19', 'doc_20', 'doc_17']",1.0,1,5,32
56cd96c162d2951400fa675a,The_Legend_of_Zelda:_Twilight_Princess,doc_15,"['doc_14', 'doc_15', 'doc_17', 'doc_0', 'doc_18']",0.5,1,5,32
56cd96c162d2951400fa675b,The_Legend_of_Zelda:_Twilight_Princess,doc_15,"['doc_14', 'doc_15', 'doc_16', 'doc_17', 'doc_1']",0.5,1,5,32
56d12d5117492d1400aabb71,The_Legend_of_Zelda:_Twilight_Princess,doc_15,"['doc_15', 'doc_31', 'doc_24', 'doc_19', 'doc_18']",1.0,1,5,32
56cd976762d2951400fa6761,The_Legend_of_Zelda:_Twilight_Princess,doc_16,"['doc_7', 'doc_1', 'doc_16', 'doc_11', 'doc_10']",0.3333333333333333,1,5,32
56cd976762d2951400fa6762,The_Legend_of_Zelda:_Twilight_Princess,doc_16,"['doc_17', 'doc_16', 'doc_15', 'doc_14', 'doc_10']",0.5,1,5,32
56cd976762d2951400fa6763,The_Legend_of_Zelda:_Twilight_Princess,doc_16,"['doc_17', 'doc_18', 'doc_19', 'doc_20', 'doc_23']",0.0,0,5,32
56cd976762d2951400fa6764,The_Legend_of_Zelda:_Twilight_Princess,doc_16,"['doc_19', 'doc_20', 'doc_17', 'doc_5', 'doc_18']",0.0,0,5,32
56d12e4a17492d1400aabb8b,The_Legend_of_Zelda:_Twilight_Princess,doc_16,"['doc_16', 'doc_21', 'doc_17', 'doc_22', 'doc_1']",1.0,1,5,32
56d12e4a17492d1400aabb8c,The_Legend_of_Zelda:_Twilight_Princess,doc_16,"['doc_17', 'doc_5', 'doc_3', 'doc_16', 'doc_7']",0.25,1,5,32
56cd97f862d2951400fa676a,The_Legend_of_Zelda:_Twilight_Princess,doc_17,"['doc_17', 'doc_5', 'doc_20', 'doc_19', 'doc_4']",1.0,1,5,32
56cd97f862d2951400fa676b,The_Legend_of_Zelda:_Twilight_Princess,doc_17,"['doc_0', 'doc_17', 'doc_24', 'doc_2', 'doc_18']",0.5,1,5,32
56cd97f862d2951400fa676c,The_Legend_of_Zelda:_Twilight_Princess,doc_17,"['doc_17', 'doc_18', 'doc_14', 'doc_16', 'doc_20']",1.0,1,5,32
56d12ed617492d1400aabb96,The_Legend_of_Zelda:_Twilight_Princess,doc_17,"['doc_18', 'doc_0', 'doc_19', 'doc_17', 'doc_14']",0.25,1,5,32
56cd9df862d2951400fa677a,The_Legend_of_Zelda:_Twilight_Princess,doc_18,"['doc_18', 'doc_19', 'doc_17', 'doc_23', 'doc_5']",1.0,1,5,32
56cd9df862d2951400fa677b,The_Legend_of_Zelda:_Twilight_Princess,doc_18,"['doc_18', 'doc_24', 'doc_0', 'doc_30', 'doc_27']",1.0,1,5,32
56cd9df862d2951400fa677c,The_Legend_of_Zelda:_Twilight_Princess,doc_18,"['doc_17', 'doc_18', 'doc_14', 'doc_15', 'doc_0']",0.5,1,5,32
56d12fb517492d1400aabba1,The_Legend_of_Zelda:_Twilight_Princess,doc_18,"['doc_17', 'doc_18', 'doc_0', 'doc_24', 'doc_14']",0.5,1,5,32
56cd9ed662d2951400fa6780,The_Legend_of_Zelda:_Twilight_Princess,doc_19,"['doc_3', 'doc_19', 'doc_20', 'doc_8', 'doc_5']",0.5,1,5,32
56cd9ed662d2951400fa6781,The_Legend_of_Zelda:_Twilight_Princess,doc_19,"['doc_20', 'doc_19', 'doc_17', 'doc_5', 'doc_18']",0.5,1,5,32
56cd9ed662d2951400fa6782,The_Legend_of_Zelda:_Twilight_Princess,doc_19,"['doc_20', 'doc_19', 'doc_5', 'doc_17', 'doc_0']",0.5,1,5,32
56cd9ed662d2951400fa6783,The_Legend_of_Zelda:_Twilight_Princess,doc_19,"['doc_17', 'doc_18', 'doc_0', 'doc_24', 'doc_19']",0.2,1,5,32
56cd9ed662d2951400fa6784,The_Legend_of_Zelda:_Twilight_Princess,doc_19,"['doc_0', 'doc_18', 'doc_17', 'doc_24', 'doc_20']",0.0,0,5,32
56d1307b17492d1400aabbb1,The_Legend_of_Zelda:_Twilight_Princess,doc_19,"['doc_19', 'doc_20', 'doc_18', 'doc_26', 'doc_17']",1.0,1,5,32
56d1307b17492d1400aabbb2,The_Legend_of_Zelda:_Twilight_Princess,doc_19,"['doc_17', 'doc_24', 'doc_0', 'doc_18', 'doc_30']",0.0,0,5,32
56cda06d62d2951400fa678a,The_Legend_of_Zelda:_Twilight_Princess,doc_20,"['doc_20', 'doc_17', 'doc_19', 'doc_5', 'doc_8']",1.0,1,5,32
56cda06d62d2951400fa678b,The_Legend_of_Zelda:_Twilight_Princess,doc_20,"['doc_20', 'doc_5', 'doc_19', 'doc_3', 'doc_4']",1.0,1,5,32
56cda06d62d2951400fa678c,The_Legend_of_Zelda:_Twilight_Princess,doc_20,"['doc_20', 'doc_19', 'doc_5', 'doc_17', 'doc_4']",1.0,1,5,32
56cda06d62d2951400fa678d,The_Legend_of_Zelda:_Twilight_Princess,doc_20,"['doc_19', 'doc_3', 'doc_20', 'doc_10', 'doc_2']",0.3333333333333333,1,5,32
56d1314217492d1400aabbc9,The_Legend_of_Zelda:_Twilight_Princess,doc_20,"['doc_20', 'doc_17', 'doc_15', 'doc_22', 'doc_21']",1.0,1,5,32
56cda10262d2951400fa6792,The_Legend_of_Zelda:_Twilight_Princess,doc_21,"['doc_21', 'doc_28', 'doc_22', 'doc_27', 'doc_29']",1.0,1,5,32
56cda10262d2951400fa6793,The_Legend_of_Zelda:_Twilight_Princess,doc_21,"['doc_21', 'doc_22', 'doc_17', 'doc_9', 'doc_28']",1.0,1,5,32
56cda10262d2951400fa6794,The_Legend_of_Zelda:_Twilight_Princess,doc_21,"['doc_21', 'doc_22', 'doc_17', 'doc_20', 'doc_26']",1.0,1,5,32
56cda10262d2951400fa6795,The_Legend_of_Zelda:_Twilight_Princess,doc_21,"['doc_21', 'doc_22', 'doc_26', 'doc_15', 'doc_20']",1.0,1,5,32
56d131c217492d1400aabbdb,The_Legend_of_Zelda:_Twilight_Princess,doc_21,"['doc_22', 'doc_21', 'doc_26', 'doc_17', 'doc_16']",0.5,1,5,32
56d131c217492d1400aabbdc,The_Legend_of_Zelda:_Twilight_Princess,doc_21,"['doc_21', 'doc_22', 'doc_26', 'doc_17', 'doc_16']",1.0,1,5,32
56cda41362d2951400fa679a,The_Legend_of_Zelda:_Twilight_Princess,doc_22,"['doc_22', 'doc_21', 'doc_26', 'doc_5', 'doc_20']",1.0,1,5,32
56cda41362d2951400fa679b,The_Legend_of_Zelda:_Twilight_Princess,doc_22,"['doc_22', 'doc_21', 'doc_26', 'doc_17', 'doc_9']",1.0,1,5,32
56cda41362d2951400fa679c,The_Legend_of_Zelda:_Twilight_Princess,doc_22,"['doc_21', 'doc_22', 'doc_27', 'doc_24', 'doc_28']",0.5,1,5,32
56cda41362d2951400fa679e,The_Legend_of_Zelda:_Twilight_Princess,doc_22,"['doc_22', 'doc_26', 'doc_21', 'doc_27', 'doc_29']",1.0,1,5,32
56d1324717492d1400aabbfa,The_Legend_of_Zelda:_Twilight_Princess,doc_22,"['doc_22', 'doc_21', 'doc_26', 'doc_17', 'doc_28']",1.0,1,5,32
56d1324717492d1400aabbfb,The_Legend_of_Zelda:_Twilight_Princess,doc_22,"['doc_22', 'doc_26', 'doc_21', 'doc_15', 'doc_24']",1.0,1,5,32
56d1324717492d1400aabbfc,The_Legend_of_Zelda:_Twilight_Princess,doc_22,"['doc_25', 'doc_22', 'doc_12', 'doc_5', 'doc_17']",0.5,1,5,32
56cda4aa62d2951400fa67a4,The_Legend_of_Zelda:_Twilight_Princess,doc_23,"['doc_20', 'doc_28', 'doc_27', 'doc_23', 'doc_17']",0.25,1,5,32
56cda4aa62d2951400fa67a6,The_Legend_of_Zelda:_Twilight_Princess,doc_23,"['doc_23', 'doc_7', 'doc_9', 'doc_10', 'doc_3']",1.0,1,5,32
56cda4aa62d2951400fa67a7,The_Legend_of_Zelda:_Twilight_Princess,doc_23,"['doc_23', 'doc_20', 'doc_19', 'doc_24', 'doc_0']",1.0,1,5,32
56d132b717492d1400aabc08,The_Legend_of_Zelda:_Twilight_Princess,doc_23,"['doc_23', 'doc_12', 'doc_20', 'doc_18', 'doc_16']",1.0,1,5,32
56d132b717492d1400aabc09,The_Legend_of_Zelda:_Twilight_Princess,doc_23,"['doc_23', 'doc_20', 'doc_19', 'doc_18', 'doc_17']",1.0,1,5,32
56d132b717492d1400aabc0a,The_Legend_of_Zelda:_Twilight_Princess,doc_23,"['doc_23', 'doc_19', 'doc_20', 'doc_18', 'doc_17']",1.0,1,5,32
56cda50b62d2951400fa67ac,The_Legend_of_Zelda:_Twilight_Princess,doc_24,"['doc_24', 'doc_0', 'doc_28', 'doc_2', 'doc_27']",1.0,1,5,32
56cda50b62d2951400fa67ad,The_Legend_of_Zelda:_Twilight_Princess,doc_24,"['doc_24', 'doc_0', 'doc_18', 'doc_17', 'doc_28']",1.0,1,5,32
56cda50b62d2951400fa67ae,The_Legend_of_Zelda:_Twilight_Princess,doc_24,"['doc_24', 'doc_18', 'doc_17', 'doc_2', 'doc_0']",1.0,1,5,32
56cda50b62d2951400fa67af,The_Legend_of_Zelda:_Twilight_Princess,doc_24,"['doc_24', 'doc_0', 'doc_30', 'doc_2', 'doc_27']",1.0,1,5,32
56d1335f17492d1400aabc14,The_Legend_of_Zelda:_Twilight_Princess,doc_24,"['doc_24', 'doc_15', 'doc_26', 'doc_2', 'doc_0']",1.0,1,5,32
56d1335f17492d1400aabc15,The_Legend_of_Zelda:_Twilight_Princess,doc_24,"['doc_24', 'doc_21', 'doc_17', 'doc_26', 'doc_22']",1.0,1,5,32
56d1335f17492d1400aabc16,The_Legend_of_Zelda:_Twilight_Princess,doc_24,"['doc_24', 'doc_19', 'doc_4', 'doc_5', 'doc_20']",1.0,1,5,32
56d1335f17492d1400aabc17,The_Legend_of_Zelda:_Twilight_Princess,doc_24,"['doc_26', 'doc_24', 'doc_0', 'doc_30', 'doc_14']",0.5,1,5,32
56cda5a862d2951400fa67b4,The_Legend_of_Zelda:_Twilight_Princess,doc_25,"['doc_24', 'doc_25', 'doc_3', 'doc_2', 'doc_28']",0.5,1,5,32
56cda5a862d2951400fa67b5,The_Legend_of_Zelda:_Twilight_Princess,doc_25,"['doc_25', 'doc_5', 'doc_7', 'doc_16', 'doc_17']",1.0,1,5,32
56cda5a862d2951400fa67b6,The_Legend_of_Zelda:_Twilight_Princess,doc_25,"['doc_25', 'doc_11', 'doc_7', 'doc_1', 'doc_12']",1.0,1,5,32
56cda5a862d2951400fa67b7,The_Legend_of_Zelda:_Twilight_Princess,doc_25,"['doc_25', 'doc_7', 'doc_8', 'doc_11', 'doc_5']",1.0,1,5,32
56cda5a862d2951400fa67b8,The_Legend_of_Zelda:_Twilight_Princess,doc_25,"['doc_25', 'doc_7', 'doc_1', 'doc_16', 'doc_10']",1.0,1,5,32
56d133d017492d1400aabc20,The_Legend_of_Zelda:_Twilight_Princess,doc_25,"['doc_26', 'doc_25', 'doc_22', 'doc_6', 'doc_24']",0.5,1,5,32
56d133d017492d1400aabc21,The_Legend_of_Zelda:_Twilight_Princess,doc_25,"['doc_25', 'doc_24', 'doc_23', 'doc_17', 'doc_5']",1.0,1,5,32
56d133d017492d1400aabc22,The_Legend_of_Zelda:_Twilight_Princess,doc_25,"['doc_25', 'doc_8', 'doc_5', 'doc_7', 'doc_17']",1.0,1,5,32
56d133d017492d1400aabc23,The_Legend_of_Zelda:_Twilight_Princess,doc_25,"['doc_25', 'doc_11', 'doc_7', 'doc_13', 'doc_12']",1.0,1,5,32
56cda64a62d2951400fa67be,The_Legend_of_Zelda:_Twilight_Princess,doc_26,"['doc_26', 'doc_22', 'doc_21', 'doc_29', 'doc_28']",1.0,1,5,32
56cda64a62d2951400fa67bf,The_Legend_of_Zelda:_Twilight_Princess,doc_26,"['doc_26', 'doc_22', 'doc_21', 'doc_30', 'doc_27']",1.0,1,5,32
56cda64a62d2951400fa67c0,The_Legend_of_Zelda:_Twilight_Princess,doc_26,"['doc_26', 'doc_22', 'doc_5', 'doc_25', 'doc_18']",1.0,1,5,32
56d13400e7d4791d00901fdd,The_Legend_of_Zelda:_Twilight_Princess,doc_26,"['doc_26', 'doc_18', 'doc_25', 'doc_30', 'doc_29']",1.0,1,5,32
56cda75062d2951400fa67c4,The_Legend_of_Zelda:_Twilight_Princess,doc_27,"['doc_27', 'doc_28', 'doc_29', 'doc_2', 'doc_30']",1.0,1,5,32
56cda75062d2951400fa67c5,The_Legend_of_Zelda:_Twilight_Princess,doc_27,"['doc_27', 'doc_29', 'doc_28', 'doc_2', 'doc_30']",1.0,1,5,32
56cda75062d2951400fa67c6,The_Legend_of_Zelda:_Twilight_Princess,doc_27,"['doc_28', 'doc_27', 'doc_29', 'doc_2', 'doc_21']",0.5,1,5,32
56d13482e7d4791d00901fef,The_Legend_of_Zelda:_Twilight_Princess,doc_27,"['doc_27', 'doc_28', 'doc_2', 'doc_29', 'doc_0']",1.0,1,5,32
56d13482e7d4791d00901ff0,The_Legend_of_Zelda:_Twilight_Princess,doc_27,"['doc_27', 'doc_29', 'doc_28', 'doc_2', 'doc_22']",1.0,1,5,32
56d13482e7d4791d00901ff1,The_Legend_of_Zelda:_Twilight_Princess,doc_27,"['doc_27', 'doc_28', 'doc_2', 'doc_29', 'doc_30']",1.0,1,5,32
56d13482e7d4791d00901ff2,The_Legend_of_Zelda:_Twilight_Princess,doc_27,"['doc_28', 'doc_27', 'doc_2', 'doc_29', 'doc_0']",0.5,1,5,32
56cda80362d2951400fa67ca,The_Legend_of_Zelda:_Twilight_Princess,doc_28,"['doc_27', 'doc_28', 'doc_29', 'doc_2', 'doc_20']",0.5,1,5,32
56cda80362d2951400fa67cb,The_Legend_of_Zelda:_Twilight_Princess,doc_28,"['doc_20', 'doc_19', 'doc_5', 'doc_17', 'doc_28']",0.2,1,5,32
56cda80362d2951400fa67cc,The_Legend_of_Zelda:_Twilight_Princess,doc_28,"['doc_27', 'doc_29', 'doc_2', 'doc_26', 'doc_28']",0.2,1,5,32
56cda80362d2951400fa67cd,The_Legend_of_Zelda:_Twilight_Princess,doc_28,"['doc_9', 'doc_22', 'doc_28', 'doc_20', 'doc_17']",0.3333333333333333,1,5,32
56cda80362d2951400fa67ce,The_Legend_of_Zelda:_Twilight_Princess,doc_28,"['doc_31', 'doc_26', 'doc_4', 'doc_22', 'doc_27']",0.0,0,5,32
56d1352fe7d4791d00901ffd,The_Legend_of_Zelda:_Twilight_Princess,doc_28,"['doc_28', 'doc_27', 'doc_20', 'doc_17', 'doc_14']",1.0,1,5,32
56d1352fe7d4791d00901ffe,The_Legend_of_Zelda:_Twilight_Princess,doc_28,"['doc_28', 'doc_2', 'doc_27', 'doc_29', 'doc_26']",1.0,1,5,32
56d1352fe7d4791d00901fff,The_Legend_of_Zelda:_Twilight_Princess,doc_28,"['doc_28', 'doc_21', 'doc_6', 'doc_27', 'doc_29']",1.0,1,5,32
56cda8a662d2951400fa67d4,The_Legend_of_Zelda:_Twilight_Princess,doc_29,"['doc_29', 'doc_2', 'doc_28', 'doc_27', 'doc_0']",1.0,1,5,32
56cda8a662d2951400fa67d5,The_Legend_of_Zelda:_Twilight_Princess,doc_29,"['doc_27', 'doc_29', 'doc_2', 'doc_28', 'doc_30']",0.5,1,5,32
56cda8a662d2951400fa67d6,The_Legend_of_Zelda:_Twilight_Princess,doc_29,"['doc_27', 'doc_29', 'doc_2', 'doc_28', 'doc_30']",0.5,1,5,32
56cda8a662d2951400fa67d7,The_Legend_of_Zelda:_Twilight_Princess,doc_29,"['doc_29', 'doc_27', 'doc_2', 'doc_28', 'doc_30']",1.0,1,5,32
56d135e0e7d4791d00902015,The_Legend_of_Zelda:_Twilight_Princess,doc_29,"['doc_29', 'doc_28', 'doc_27', 'doc_2', 'doc_0']",1.0,1,5,32
56d135e0e7d4791d00902016,The_Legend_of_Zelda:_Twilight_Princess,doc_29,"['doc_29', 'doc_27', 'doc_28', 'doc_2', 'doc_0']",1.0,1,5,32
56d135e0e7d4791d00902017,The_Legend_of_Zelda:_Twilight_Princess,doc_29,"['doc_29', 'doc_2', 'doc_28', 'doc_27', 'doc_30']",1.0,1,5,32
56d135e0e7d4791d00902018,The_Legend_of_Zelda:_Twilight_Princess,doc_29,"['doc_29', 'doc_27', 'doc_18', 'doc_28', 'doc_2']",1.0,1,5,32
56cda92362d2951400fa67dc,The_Legend_of_Zelda:_Twilight_Princess,doc_30,"['doc_26', 'doc_30', 'doc_6', 'doc_16', 'doc_14']",0.5,1,5,32
56cda92362d2951400fa67dd,The_Legend_of_Zelda:_Twilight_Princess,doc_30,"['doc_30', 'doc_0', 'doc_27', 'doc_24', 'doc_2']",1.0,1,5,32
56cda92362d2951400fa67de,The_Legend_of_Zelda:_Twilight_Princess,doc_30,"['doc_30', 'doc_0', 'doc_27', 'doc_29', 'doc_18']",1.0,1,5,32
56d13669e7d4791d0090201d,The_Legend_of_Zelda:_Twilight_Princess,doc_30,"['doc_30', 'doc_2', 'doc_28', 'doc_29', 'doc_27']",1.0,1,5,32
56d13669e7d4791d0090201f,The_Legend_of_Zelda:_Twilight_Princess,doc_30,"['doc_30', 'doc_26', 'doc_27', 'doc_22', 'doc_24']",1.0,1,5,32
56d13669e7d4791d00902020,The_Legend_of_Zelda:_Twilight_Princess,doc_30,"['doc_30', 'doc_18', 'doc_14', 'doc_26', 'doc_27']",1.0,1,5,32
56cda9c462d2951400fa67e2,The_Legend_of_Zelda:_Twilight_Princess,doc_31,"['doc_31', 'doc_21', 'doc_29', 'doc_0', 'doc_10']",1.0,1,5,32
56cda9c462d2951400fa67e3,The_Legend_of_Zelda:_Twilight_Princess,doc_31,"['doc_31', 'doc_30', 'doc_0', 'doc_24', 'doc_2']",1.0,1,5,32
56cda9c462d2951400fa67e4,The_Legend_of_Zelda:_Twilight_Princess,doc_31,"['doc_31', 'doc_0', 'doc_27', 'doc_2', 'doc_29']",1.0,1,5,32
56cda9c462d2951400fa67e5,The_Legend_of_Zelda:_Twilight_Princess,doc_31,"['doc_31', 'doc_0', 'doc_24', 'doc_30', 'doc_2']",1.0,1,5,32
56cdaf0362d2951400fa6808,Spectre_(2015_film),doc_0,"['doc_9', 'doc_32', 'doc_0', 'doc_2', 'doc_31']",0.3333333333333333,1,5,43
56cdaf0362d2951400fa6809,Spectre_(2015_film),doc_0,"['doc_38', 'doc_0', 'doc_39', 'doc_2', 'doc_11']",0.5,1,5,43
56cdaf0362d2951400fa680a,Spectre_(2015_film),doc_0,"['doc_0', 'doc_11', 'doc_1', 'doc_14', 'doc_38']",1.0,1,5,43
56cdaf0362d2951400fa680b,Spectre_(2015_film),doc_0,"['doc_16', 'doc_42', 'doc_0', 'doc_17', 'doc_37']",0.3333333333333333,1,5,43
56cdaf0362d2951400fa680c,Spectre_(2015_film),doc_0,"['doc_35', 'doc_32', 'doc_2', 'doc_0', 'doc_38']",0.25,1,5,43
56cf2e15aab44d1400b88dc9,Spectre_(2015_film),doc_0,"['doc_1', 'doc_0', 'doc_8', 'doc_28', 'doc_29']",0.5,1,5,43
56cf2e15aab44d1400b88dca,Spectre_(2015_film),doc_0,"['doc_0', 'doc_35', 'doc_2', 'doc_1', 'doc_8']",1.0,1,5,43
56cf2e15aab44d1400b88dcb,Spectre_(2015_film),doc_0,"['doc_13', 'doc_0', 'doc_1', 'doc_16', 'doc_42']",0.5,1,5,43
56cf2e15aab44d1400b88dcc,Spectre_(2015_film),doc_0,"['doc_2', 'doc_31', 'doc_0', 'doc_9', 'doc_35']",0.3333333333333333,1,5,43
56cf2e15aab44d1400b88dcd,Spectre_(2015_film),doc_0,"['doc_0', 'doc_39', 'doc_38', 'doc_2', 'doc_37']",1.0,1,5,43
56cdb27562d2951400fa6812,Spectre_(2015_film),doc_1,"['doc_6', 'doc_3', 'doc_7', 'doc_1', 'doc_4']",0.25,1,5,43
56cdb27562d2951400fa6813,Spectre_(2015_film),doc_1,"['doc_31', 'doc_2', 'doc_11', 'doc_0', 'doc_38']",0.0,0,5,43
56cdb27562d2951400fa6814,Spectre_(2015_film),doc_1,"['doc_11', 'doc_1', 'doc_14', 'doc_38', 'doc_0']",0.5,1,5,43
56cdb27562d2951400fa6815,Spectre_(2015_film),doc_1,"['doc_14', 'doc_6', 'doc_17', 'doc_1', 'doc_13']",0.25,1,5,43
56cdb27562d2951400fa6816,Spectre_(2015_film),doc_1,"['doc_14', 'doc_41', 'doc_15', 'doc_1', 'doc_4']",0.25,1,5,43
56cf2f22aab44d1400b88dd4,Spectre_(2015_film),doc_1,"['doc_1', 'doc_11', 'doc_0', 'doc_4', 'doc_14']",1.0,1,5,43
56cf2f22aab44d1400b88dd5,Spectre_(2015_film),doc_1,"['doc_14', 'doc_5', 'doc_1', 'doc_0', 'doc_11']",0.3333333333333333,1,5,43
56cf2f22aab44d1400b88dd6,Spectre_(2015_film),doc_1,"['doc_14', 'doc_0', 'doc_1', 'doc_11', 'doc_38']",0.3333333333333333,1,5,43
56cf2f22aab44d1400b88dd7,Spectre_(2015_film),doc_1,"['doc_2', 'doc_8', 'doc_35', 'doc_25', 'doc_12']",0.0,0,5,43
56cdb36c62d2951400fa681c,Spectre_(2015_film),doc_2,"['doc_31', 'doc_2', 'doc_35', 'doc_38', 'doc_32']",0.5,1,5,43
56cdb36c62d2951400fa681d,Spectre_(2015_film),doc_2,"['doc_31', 'doc_35', 'doc_2', 'doc_38', 'doc_37']",0.3333333333333333,1,5,43
56cdb36c62d2951400fa681e,Spectre_(2015_film),doc_2,"['doc_2', 'doc_31', 'doc_35', 'doc_38', 'doc_0']",1.0,1,5,43
56cdb36c62d2951400fa681f,Spectre_(2015_film),doc_2,"['doc_38', 'doc_39', 'doc_37', 'doc_2', 'doc_9']",0.25,1,5,43
56cdb36c62d2951400fa6820,Spectre_(2015_film),doc_2,"['doc_2', 'doc_38', 'doc_37', 'doc_0', 'doc_39']",1.0,1,5,43
56cf306caab44d1400b88df0,Spectre_(2015_film),doc_2,"['doc_35', 'doc_31', 'doc_2', 'doc_33', 'doc_36']",0.3333333333333333,1,5,43
56cf306caab44d1400b88df1,Spectre_(2015_film),doc_2,"['doc_2', 'doc_25', 'doc_0', 'doc_27', 'doc_38']",1.0,1,5,43
56cdcf7d62d2951400fa686c,Spectre_(2015_film),doc_3,"['doc_3', 'doc_23', 'doc_20', 'doc_22', 'doc_24']",1.0,1,5,43
56cdcf7d62d2951400fa686d,Spectre_(2015_film),doc_3,"['doc_3', 'doc_7', 'doc_4', 'doc_14', 'doc_1']",1.0,1,5,43
56cdcf7d62d2951400fa686e,Spectre_(2015_film),doc_3,"['doc_3', 'doc_4', 'doc_1', 'doc_9', 'doc_10']",1.0,1,5,43
56cdcf7d62d2951400fa6870,Spectre_(2015_film),doc_3,"['doc_3', 'doc_30', 'doc_1', 'doc_7', 'doc_28']",1.0,1,5,43
56cf318aaab44d1400b88dff,Spectre_(2015_film),doc_3,"['doc_3', 'doc_4', 'doc_7', 'doc_9', 'doc_28']",1.0,1,5,43
56cf318aaab44d1400b88e00,Spectre_(2015_film),doc_3,"['doc_10', 'doc_24', 'doc_3', 'doc_22', 'doc_23']",0.3333333333333333,1,5,43
56cf318aaab44d1400b88e01,Spectre_(2015_film),doc_3,"['doc_3', 'doc_6', 'doc_7', 'doc_9', 'doc_8']",1.0,1,5,43
56cf318aaab44d1400b88e03,Spectre_(2015_film),doc_3,"['doc_4', 'doc_3', 'doc_15', 'doc_12', 'doc_5']",0.5,1,5,43
56cdcfee62d2951400fa6876,Spectre_(2015_film),doc_4,"['doc_7', 'doc_3', 'doc_4', 'doc_6', 'doc_5']",0.3333333333333333,1,5,43
56cdcfee62d2951400fa6877,Spectre_(2015_film),doc_4,"['doc_15', 'doc_4', 'doc_3', 'doc_9', 'doc_10']",0.5,1,5,43
56cdcfee62d2951400fa6878,Spectre_(2015_film),doc_4,"['doc_11', 'doc_0', 'doc_4', 'doc_9', 'doc_38']",0.3333333333333333,1,5,43
56cdcfee62d2951400fa6879,Spectre_(2015_film),doc_4,"['doc_6', 'doc_4', 'doc_5', 'doc_14', 'doc_12']",0.5,1,5,43
56cdcfee62d2951400fa687a,Spectre_(2015_film),doc_4,"['doc_12', 'doc_4', 'doc_1', 'doc_3', 'doc_11']",0.5,1,5,43
56cf33afaab44d1400b88e25,Spectre_(2015_film),doc_4,"['doc_15', 'doc_4', 'doc_20', 'doc_19', 'doc_5']",0.5,1,5,43
56cf33afaab44d1400b88e27,Spectre_(2015_film),doc_4,"['doc_11', 'doc_0', 'doc_4', 'doc_9', 'doc_38']",0.3333333333333333,1,5,43
56cf33afaab44d1400b88e28,Spectre_(2015_film),doc_4,"['doc_4', 'doc_11', 'doc_5', 'doc_6', 'doc_0']",1.0,1,5,43
56cf33afaab44d1400b88e29,Spectre_(2015_film),doc_4,"['doc_4', 'doc_11', 'doc_9', 'doc_5', 'doc_14']",1.0,1,5,43
56cdd05a62d2951400fa688a,Spectre_(2015_film),doc_5,"['doc_5', 'doc_4', 'doc_6', 'doc_7', 'doc_12']",1.0,1,5,43
56cdd05a62d2951400fa688b,Spectre_(2015_film),doc_5,"['doc_5', 'doc_14', 'doc_4', 'doc_6', 'doc_30']",1.0,1,5,43
56cdd05a62d2951400fa688c,Spectre_(2015_film),doc_5,"['doc_5', 'doc_6', 'doc_4', 'doc_21', 'doc_7']",1.0,1,5,43
56cdd05a62d2951400fa688d,Spectre_(2015_film),doc_5,"['doc_5', 'doc_7', 'doc_6', 'doc_4', 'doc_1']",1.0,1,5,43
56cdd05a62d2951400fa688e,Spectre_(2015_film),doc_5,"['doc_5', 'doc_22', 'doc_19', 'doc_20', 'doc_17']",1.0,1,5,43
56cf34b0aab44d1400b88e3f,Spectre_(2015_film),doc_5,"['doc_5', 'doc_4', 'doc_6', 'doc_7', 'doc_3']",1.0,1,5,43
56cf34b0aab44d1400b88e40,Spectre_(2015_film),doc_5,"['doc_4', 'doc_5', 'doc_3', 'doc_6', 'doc_7']",0.5,1,5,43
56cf34b0aab44d1400b88e41,Spectre_(2015_film),doc_5,"['doc_5', 'doc_22', 'doc_31', 'doc_20', 'doc_17']",1.0,1,5,43
56cf34b0aab44d1400b88e42,Spectre_(2015_film),doc_5,"['doc_7', 'doc_5', 'doc_6', 'doc_4', 'doc_14']",0.5,1,5,43
56cdd17262d2951400fa68a8,Spectre_(2015_film),doc_6,"['doc_18', 'doc_6', 'doc_20', 'doc_4', 'doc_5']",0.5,1,5,43
56cdd17262d2951400fa68aa,Spectre_(2015_film),doc_6,"['doc_6', 'doc_4', 'doc_11', 'doc_5', 'doc_14']",1.0,1,5,43
56cdd17262d2951400fa68ab,Spectre_(2015_film),doc_6,"['doc_4', 'doc_6', 'doc_11', 'doc_18', 'doc_5']",0.5,1,5,43
56cf35f7aab44d1400b88e5d,Spectre_(2015_film),doc_6,"['doc_6', 'doc_4', 'doc_11', 'doc_18', 'doc_20']",1.0,1,5,43
56cdd28562d2951400fa68ba,Spectre_(2015_film),doc_7,"['doc_7', 'doc_6', 'doc_4', 'doc_3', 'doc_5']",1.0,1,5,43
56cdd28562d2951400fa68bb,Spectre_(2015_film),doc_7,"['doc_4', 'doc_7', 'doc_3', 'doc_12', 'doc_6']",0.5,1,5,43
56cdd28562d2951400fa68bc,Spectre_(2015_film),doc_7,"['doc_7', 'doc_6', 'doc_12', 'doc_4', 'doc_3']",1.0,1,5,43
56cdd28562d2951400fa68bd,Spectre_(2015_film),doc_7,"['doc_3', 'doc_7', 'doc_4', 'doc_6', 'doc_1']",0.5,1,5,43
56cf3727aab44d1400b88e79,Spectre_(2015_film),doc_7,"['doc_7', 'doc_6', 'doc_3', 'doc_4', 'doc_5']",1.0,1,5,43
56cf3727aab44d1400b88e7a,Spectre_(2015_film),doc_7,"['doc_3', 'doc_7', 'doc_4', 'doc_5', 'doc_20']",0.5,1,5,43
56cdd33262d2951400fa68c2,Spectre_(2015_film),doc_8,"['doc_8', 'doc_9', 'doc_11', 'doc_4', 'doc_38']",1.0,1,5,43
56cdd33262d2951400fa68c3,Spectre_(2015_film),doc_8,"['doc_8', 'doc_9', 'doc_12', 'doc_3', 'doc_24']",1.0,1,5,43
56cdd33262d2951400fa68c4,Spectre_(2015_film),doc_8,"['doc_8', 'doc_9', 'doc_12', 'doc_3', 'doc_4']",1.0,1,5,43
56cdd33262d2951400fa68c5,Spectre_(2015_film),doc_8,"['doc_8', 'doc_12', 'doc_3', 'doc_1', 'doc_40']",1.0,1,5,43
56cdd33362d2951400fa68c6,Spectre_(2015_film),doc_8,"['doc_8', 'doc_24', 'doc_12', 'doc_3', 'doc_14']",1.0,1,5,43
56cf38a9aab44d1400b88e97,Spectre_(2015_film),doc_8,"['doc_8', 'doc_12', 'doc_9', 'doc_3', 'doc_4']",1.0,1,5,43
56cf38a9aab44d1400b88e99,Spectre_(2015_film),doc_8,"['doc_8', 'doc_12', 'doc_3', 'doc_27', 'doc_24']",1.0,1,5,43
56cf38a9aab44d1400b88e9a,Spectre_(2015_film),doc_8,"['doc_8', 'doc_11', 'doc_0', 'doc_1', 'doc_2']",1.0,1,5,43
56cdd83862d2951400fa68e0,Spectre_(2015_film),doc_9,"['doc_9', 'doc_8', 'doc_11', 'doc_32', 'doc_38']",1.0,1,5,43
56cdd83862d2951400fa68e1,Spectre_(2015_film),doc_9,"['doc_11', 'doc_8', 'doc_9', 'doc_0', 'doc_4']",0.3333333333333333,1,5,43
56cdd83862d2951400fa68e2,Spectre_(2015_film),doc_9,"['doc_9', 'doc_28', 'doc_1', 'doc_5', 'doc_16']",1.0,1,5,43
56cdd83862d2951400fa68e3,Spectre_(2015_film),doc_9,"['doc_9', 'doc_8', 'doc_11', 'doc_32', 'doc_2']",1.0,1,5,43
56cf39c4aab44d1400b88eba,Spectre_(2015_film),doc_9,"['doc_9', 'doc_8', 'doc_2', 'doc_0', 'doc_38']",1.0,1,5,43
56cf39c4aab44d1400b88ebb,Spectre_(2015_film),doc_9,"['doc_9', 'doc_8', 'doc_2', 'doc_38', 'doc_32']",1.0,1,5,43
56cf39c4aab44d1400b88ebc,Spectre_(2015_film),doc_9,"['doc_9', 'doc_29', 'doc_8', 'doc_10', 'doc_1']",1.0,1,5,43
56cdd8ba62d2951400fa68e8,Spectre_(2015_film),doc_10,"['doc_10', 'doc_32', 'doc_29', 'doc_9', 'doc_3']",1.0,1,5,43
56cdd8ba62d2951400fa68e9,Spectre_(2015_film),doc_10,"['doc_10', 'doc_29', 'doc_24', 'doc_16', 'doc_8']",1.0,1,5,43
56cdd8ba62d2951400fa68ea,Spectre_(2015_film),doc_10,"['doc_10', 'doc_11', 'doc_2', 'doc_38', 'doc_8']",1.0,1,5,43
56cdd8ba62d2951400fa68eb,Spectre_(2015_film),doc_10,"['doc_10', 'doc_41', 'doc_9', 'doc_29', 'doc_32']",1.0,1,5,43
56cf3cd2aab44d1400b88ec8,Spectre_(2015_film),doc_10,"['doc_10', 'doc_32', 'doc_9', 'doc_34', 'doc_8']",1.0,1,5,43
56cf3cd2aab44d1400b88ec9,Spectre_(2015_film),doc_10,"['doc_10', 'doc_11', 'doc_8', 'doc_38', 'doc_2']",1.0,1,5,43
56cf3cd2aab44d1400b88ecb,Spectre_(2015_film),doc_10,"['doc_10', 'doc_32', 'doc_8', 'doc_38', 'doc_9']",1.0,1,5,43
56cdd97f62d2951400fa68f0,Spectre_(2015_film),doc_11,"['doc_14', 'doc_18', 'doc_11', 'doc_15', 'doc_6']",0.3333333333333333,1,5,43
56cdd97f62d2951400fa68f1,Spectre_(2015_film),doc_11,"['doc_11', 'doc_6', 'doc_4', 'doc_14', 'doc_12']",1.0,1,5,43
56cdd97f62d2951400fa68f2,Spectre_(2015_film),doc_11,"['doc_11', 'doc_8', 'doc_2', 'doc_0', 'doc_9']",1.0,1,5,43
56cdd97f62d2951400fa68f3,Spectre_(2015_film),doc_11,"['doc_11', 'doc_1', 'doc_8', 'doc_0', 'doc_9']",1.0,1,5,43
56cdd97f62d2951400fa68f4,Spectre_(2015_film),doc_11,"['doc_11', 'doc_18', 'doc_6', 'doc_4', 'doc_12']",1.0,1,5,43
56cf3e29aab44d1400b88ed0,Spectre_(2015_film),doc_11,"['doc_3', 'doc_11', 'doc_7', 'doc_4', 'doc_1']",0.5,1,5,43
56cf3e29aab44d1400b88ed1,Spectre_(2015_film),doc_11,"['doc_11', 'doc_6', 'doc_4', 'doc_12', 'doc_14']",1.0,1,5,43
56cf3e29aab44d1400b88ed2,Spectre_(2015_film),doc_11,"['doc_14', 'doc_18', 'doc_11', 'doc_15', 'doc_6']",0.3333333333333333,1,5,43
56cf3e29aab44d1400b88ed3,Spectre_(2015_film),doc_11,"['doc_11', 'doc_1', 'doc_4', 'doc_8', 'doc_9']",1.0,1,5,43
56cf3e29aab44d1400b88ed4,Spectre_(2015_film),doc_11,"['doc_4', 'doc_11', 'doc_9', 'doc_3', 'doc_1']",0.5,1,5,43
56cdda0062d2951400fa68fa,Spectre_(2015_film),doc_12,"['doc_12', 'doc_11', 'doc_8', 'doc_6', 'doc_2']",1.0,1,5,43
56cdda0062d2951400fa68fb,Spectre_(2015_film),doc_12,"['doc_12', 'doc_8', 'doc_25', 'doc_3', 'doc_11']",1.0,1,5,43
56cdda0062d2951400fa68fc,Spectre_(2015_film),doc_12,"['doc_12', 'doc_11', 'doc_8', 'doc_5', 'doc_6']",1.0,1,5,43
56cf3eabaab44d1400b88eda,Spectre_(2015_film),doc_12,"['doc_12', 'doc_11', 'doc_6', 'doc_25', 'doc_8']",1.0,1,5,43
56cf3eabaab44d1400b88edb,Spectre_(2015_film),doc_12,"['doc_12', 'doc_7', 'doc_3', 'doc_6', 'doc_4']",1.0,1,5,43
56cf3eabaab44d1400b88edc,Spectre_(2015_film),doc_12,"['doc_12', 'doc_3', 'doc_7', 'doc_6', 'doc_4']",1.0,1,5,43
56cdda5762d2951400fa6900,Spectre_(2015_film),doc_13,"['doc_30', 'doc_2', 'doc_0', 'doc_14', 'doc_31']",0.0,0,5,43
56cdda5762d2951400fa6901,Spectre_(2015_film),doc_13,"['doc_3', 'doc_13', 'doc_4', 'doc_7', 'doc_14']",0.5,1,5,43
56cdda5762d2951400fa6902,Spectre_(2015_film),doc_13,"['doc_1', 'doc_13', 'doc_14', 'doc_7', 'doc_3']",0.5,1,5,43
56cdda5762d2951400fa6903,Spectre_(2015_film),doc_13,"['doc_13', 'doc_14', 'doc_30', 'doc_1', 'doc_11']",1.0,1,5,43
56cdda5762d2951400fa6904,Spectre_(2015_film),doc_13,"['doc_13', 'doc_14', 'doc_40', 'doc_7', 'doc_30']",1.0,1,5,43
56cf4113aab44d1400b88ee0,Spectre_(2015_film),doc_13,"['doc_13', 'doc_1', 'doc_16', 'doc_0', 'doc_42']",1.0,1,5,43
56cf4113aab44d1400b88ee1,Spectre_(2015_film),doc_13,"['doc_13', 'doc_30', 'doc_14', 'doc_7', 'doc_15']",1.0,1,5,43
56cf4113aab44d1400b88ee3,Spectre_(2015_film),doc_13,"['doc_14', 'doc_11', 'doc_13', 'doc_30', 'doc_1']",0.3333333333333333,1,5,43
56cddc2a62d2951400fa690a,Spectre_(2015_film),doc_14,"['doc_14', 'doc_11', 'doc_0', 'doc_42', 'doc_39']",1.0,1,5,43
56cddc2a62d2951400fa690b,Spectre_(2015_film),doc_14,"['doc_11', 'doc_4', 'doc_6', 'doc_14', 'doc_18']",0.25,1,5,43
56cddc2a62d2951400fa690c,Spectre_(2015_film),doc_14,"['doc_14', 'doc_1', 'doc_11', 'doc_0', 'doc_13']",1.0,1,5,43
56cddc2a62d2951400fa690d,Spectre_(2015_film),doc_14,"['doc_5', 'doc_14', 'doc_4', 'doc_6', 'doc_7']",0.5,1,5,43
56cddc2a62d2951400fa690e,Spectre_(2015_film),doc_14,"['doc_14', 'doc_1', 'doc_0', 'doc_39', 'doc_31']",1.0,1,5,43
56cf44e7aab44d1400b88ee9,Spectre_(2015_film),doc_14,"['doc_14', 'doc_13', 'doc_16', 'doc_24', 'doc_31']",1.0,1,5,43
56cf44e7aab44d1400b88eeb,Spectre_(2015_film),doc_14,"['doc_5', 'doc_14', 'doc_24', 'doc_4', 'doc_6']",0.5,1,5,43
56cddcae62d2951400fa6914,Spectre_(2015_film),doc_15,"['doc_39', 'doc_35', 'doc_2', 'doc_38', 'doc_11']",0.0,0,5,43
56cddcae62d2951400fa6915,Spectre_(2015_film),doc_15,"['doc_15', 'doc_21', 'doc_19', 'doc_20', 'doc_4']",1.0,1,5,43
56cddcae62d2951400fa6916,Spectre_(2015_film),doc_15,"['doc_15', 'doc_14', 'doc_24', 'doc_18', 'doc_21']",1.0,1,5,43
56cddcae62d2951400fa6917,Spectre_(2015_film),doc_15,"['doc_2', 'doc_31', 'doc_35', 'doc_22', 'doc_0']",0.0,0,5,43
56cf45bcaab44d1400b88ef3,Spectre_(2015_film),doc_15,"['doc_22', 'doc_2', 'doc_31', 'doc_17', 'doc_23']",0.0,0,5,43
56cf45bcaab44d1400b88ef4,Spectre_(2015_film),doc_15,"['doc_18', 'doc_20', 'doc_22', 'doc_15', 'doc_17']",0.25,1,5,43
56cf45bcaab44d1400b88ef5,Spectre_(2015_film),doc_15,"['doc_15', 'doc_21', 'doc_14', 'doc_20', 'doc_19']",1.0,1,5,43
56cf45bcaab44d1400b88ef6,Spectre_(2015_film),doc_15,"['doc_15', 'doc_14', 'doc_5', 'doc_4', 'doc_1']",1.0,1,5,43
56cddd4562d2951400fa691e,Spectre_(2015_film),doc_16,"['doc_16', 'doc_42', 'doc_17', 'doc_0', 'doc_14']",1.0,1,5,43
56cddd4562d2951400fa691f,Spectre_(2015_film),doc_16,"['doc_0', 'doc_16', 'doc_11', 'doc_14', 'doc_39']",0.5,1,5,43
56cddd4562d2951400fa6920,Spectre_(2015_film),doc_16,"['doc_17', 'doc_16', 'doc_22', 'doc_14', 'doc_25']",0.5,1,5,43
56cf469eaab44d1400b88efc,Spectre_(2015_film),doc_16,"['doc_16', 'doc_42', 'doc_17', 'doc_0', 'doc_1']",1.0,1,5,43
56cf469eaab44d1400b88efd,Spectre_(2015_film),doc_16,"['doc_35', 'doc_16', 'doc_2', 'doc_31', 'doc_38']",0.5,1,5,43
56cf469eaab44d1400b88efe,Spectre_(2015_film),doc_16,"['doc_16', 'doc_1', 'doc_0', 'doc_13', 'doc_40']",1.0,1,5,43
56cf469eaab44d1400b88eff,Spectre_(2015_film),doc_16,"['doc_16', 'doc_8', 'doc_12', 'doc_3', 'doc_11']",1.0,1,5,43
56cf469eaab44d1400b88f00,Spectre_(2015_film),doc_16,"['doc_16', 'doc_0', 'doc_1', 'doc_8', 'doc_42']",1.0,1,5,43
56cdddb862d2951400fa6924,Spectre_(2015_film),doc_17,"['doc_22', 'doc_31', 'doc_17', 'doc_23', 'doc_2']",0.3333333333333333,1,5,43
56cdddb862d2951400fa6925,Spectre_(2015_film),doc_17,"['doc_24', 'doc_17', 'doc_20', 'doc_19', 'doc_22']",0.5,1,5,43
56cdddb862d2951400fa6926,Spectre_(2015_film),doc_17,"['doc_17', 'doc_20', 'doc_24', 'doc_22', 'doc_19']",1.0,1,5,43
56cf4745aab44d1400b88f0b,Spectre_(2015_film),doc_17,"['doc_2', 'doc_0', 'doc_39', 'doc_35', 'doc_38']",0.0,0,5,43
56cf4745aab44d1400b88f0c,Spectre_(2015_film),doc_17,"['doc_17', 'doc_24', 'doc_29', 'doc_19', 'doc_20']",1.0,1,5,43
56cf4745aab44d1400b88f0e,Spectre_(2015_film),doc_17,"['doc_17', 'doc_22', 'doc_20', 'doc_24', 'doc_19']",1.0,1,5,43
56cde1d962d2951400fa6954,Spectre_(2015_film),doc_18,"['doc_9', 'doc_0', 'doc_31', 'doc_11', 'doc_32']",0.0,0,5,43
56cde1d962d2951400fa6955,Spectre_(2015_film),doc_18,"['doc_23', 'doc_2', 'doc_18', 'doc_39', 'doc_0']",0.3333333333333333,1,5,43
56cde1d962d2951400fa6956,Spectre_(2015_film),doc_18,"['doc_18', 'doc_11', 'doc_0', 'doc_22', 'doc_31']",1.0,1,5,43
56cde1d962d2951400fa6958,Spectre_(2015_film),doc_18,"['doc_21', 'doc_18', 'doc_22', 'doc_40', 'doc_16']",0.5,1,5,43
56cf4815aab44d1400b88f1b,Spectre_(2015_film),doc_18,"['doc_18', 'doc_22', 'doc_20', 'doc_12', 'doc_17']",1.0,1,5,43
56cf4815aab44d1400b88f1c,Spectre_(2015_film),doc_18,"['doc_18', 'doc_6', 'doc_5', 'doc_12', 'doc_20']",1.0,1,5,43
56cf4815aab44d1400b88f1e,Spectre_(2015_film),doc_18,"['doc_18', 'doc_15', 'doc_22', 'doc_20', 'doc_23']",1.0,1,5,43
56cde39b62d2951400fa697c,Spectre_(2015_film),doc_19,"['doc_19', 'doc_22', 'doc_17', 'doc_31', 'doc_2']",1.0,1,5,43
56cde39b62d2951400fa697e,Spectre_(2015_film),doc_19,"['doc_28', 'doc_1', 'doc_11', 'doc_19', 'doc_8']",0.25,1,5,43
56cde39b62d2951400fa697f,Spectre_(2015_film),doc_19,"['doc_28', 'doc_19', 'doc_14', 'doc_5', 'doc_8']",0.5,1,5,43
56cde39b62d2951400fa6980,Spectre_(2015_film),doc_19,"['doc_19', 'doc_28', 'doc_3', 'doc_35', 'doc_1']",1.0,1,5,43
56cf4925aab44d1400b88f38,Spectre_(2015_film),doc_19,"['doc_19', 'doc_17', 'doc_22', 'doc_20', 'doc_18']",1.0,1,5,43
56cf4925aab44d1400b88f39,Spectre_(2015_film),doc_19,"['doc_19', 'doc_22', 'doc_20', 'doc_17', 'doc_21']",1.0,1,5,43
56cf4925aab44d1400b88f3a,Spectre_(2015_film),doc_19,"['doc_19', 'doc_22', 'doc_20', 'doc_28', 'doc_15']",1.0,1,5,43
56cf4925aab44d1400b88f3b,Spectre_(2015_film),doc_19,"['doc_19', 'doc_28', 'doc_23', 'doc_22', 'doc_18']",1.0,1,5,43
56cf4925aab44d1400b88f3c,Spectre_(2015_film),doc_19,"['doc_28', 'doc_19', 'doc_8', 'doc_9', 'doc_11']",0.5,1,5,43
56cdf49362d2951400fa69c0,Spectre_(2015_film),doc_20,"['doc_19', 'doc_17', 'doc_31', 'doc_22', 'doc_23']",0.0,0,5,43
56cdf49362d2951400fa69c1,Spectre_(2015_film),doc_20,"['doc_20', 'doc_24', 'doc_15', 'doc_23', 'doc_17']",1.0,1,5,43
56cdf49362d2951400fa69c2,Spectre_(2015_film),doc_20,"['doc_24', 'doc_20', 'doc_22', 'doc_11', 'doc_2']",0.5,1,5,43
56cdf49362d2951400fa69c3,Spectre_(2015_film),doc_20,"['doc_20', 'doc_24', 'doc_15', 'doc_17', 'doc_21']",1.0,1,5,43
56cdf49362d2951400fa69c4,Spectre_(2015_film),doc_20,"['doc_20', 'doc_22', 'doc_17', 'doc_19', 'doc_18']",1.0,1,5,43
56cf49ebaab44d1400b88f4c,Spectre_(2015_film),doc_20,"['doc_20', 'doc_24', 'doc_17', 'doc_15', 'doc_21']",1.0,1,5,43
56cf49ebaab44d1400b88f4f,Spectre_(2015_film),doc_20,"['doc_20', 'doc_22', 'doc_19', 'doc_18', 'doc_24']",1.0,1,5,43
56cf49ebaab44d1400b88f50,Spectre_(2015_film),doc_20,"['doc_20', 'doc_24', 'doc_15', 'doc_21', 'doc_17']",1.0,1,5,43
56cdf52c62d2951400fa69ca,Spectre_(2015_film),doc_21,"['doc_21', 'doc_18', 'doc_22', 'doc_17', 'doc_5']",1.0,1,5,43
56cdf52c62d2951400fa69cb,Spectre_(2015_film),doc_21,"['doc_21', 'doc_16', 'doc_17', 'doc_13', 'doc_30']",1.0,1,5,43
56cf4a71aab44d1400b88f5e,Spectre_(2015_film),doc_21,"['doc_21', 'doc_22', 'doc_17', 'doc_18', 'doc_13']",1.0,1,5,43
56ced14baab44d1400b88acd,Spectre_(2015_film),doc_22,"['doc_22', 'doc_19', 'doc_17', 'doc_21', 'doc_20']",1.0,1,5,43
56ced14baab44d1400b88ace,Spectre_(2015_film),doc_22,"['doc_22', 'doc_29', 'doc_20', 'doc_8', 'doc_24']",1.0,1,5,43
56ced14baab44d1400b88acf,Spectre_(2015_film),doc_22,"['doc_22', 'doc_19', 'doc_17', 'doc_23', 'doc_24']",1.0,1,5,43
56ced14baab44d1400b88ad0,Spectre_(2015_film),doc_22,"['doc_3', 'doc_12', 'doc_7', 'doc_22', 'doc_6']",0.25,1,5,43
56cf4b67aab44d1400b88f6a,Spectre_(2015_film),doc_22,"['doc_22', 'doc_19', 'doc_17', 'doc_7', 'doc_23']",1.0,1,5,43
56cf4b67aab44d1400b88f6b,Spectre_(2015_film),doc_22,"['doc_22', 'doc_19', 'doc_17', 'doc_24', 'doc_29']",1.0,1,5,43
56cf4b67aab44d1400b88f6c,Spectre_(2015_film),doc_22,"['doc_22', 'doc_19', 'doc_17', 'doc_18', 'doc_13']",1.0,1,5,43
56cf4b67aab44d1400b88f6d,Spectre_(2015_film),doc_22,"['doc_22', 'doc_19', 'doc_23', 'doc_17', 'doc_24']",1.0,1,5,43
56ced973aab44d1400b88afd,Spectre_(2015_film),doc_23,"['doc_23', 'doc_17', 'doc_22', 'doc_18', 'doc_20']",1.0,1,5,43
56ced973aab44d1400b88afe,Spectre_(2015_film),doc_23,"['doc_23', 'doc_2', 'doc_35', 'doc_38', 'doc_39']",1.0,1,5,43
56ced973aab44d1400b88aff,Spectre_(2015_film),doc_23,"['doc_23', 'doc_8', 'doc_28', 'doc_33', 'doc_3']",1.0,1,5,43
56ced973aab44d1400b88b00,Spectre_(2015_film),doc_23,"['doc_2', 'doc_39', 'doc_38', 'doc_0', 'doc_35']",0.0,0,5,43
56cf4fe6aab44d1400b88fb2,Spectre_(2015_film),doc_23,"['doc_19', 'doc_23', 'doc_17', 'doc_22', 'doc_21']",0.5,1,5,43
56cf4fe6aab44d1400b88fb3,Spectre_(2015_film),doc_23,"['doc_23', 'doc_33', 'doc_36', 'doc_34', 'doc_35']",1.0,1,5,43
56cf4fe6aab44d1400b88fb5,Spectre_(2015_film),doc_23,"['doc_23', 'doc_17', 'doc_21', 'doc_20', 'doc_18']",1.0,1,5,43
56cf4fe6aab44d1400b88fb6,Spectre_(2015_film),doc_23,"['doc_23', 'doc_16', 'doc_28', 'doc_19', 'doc_22']",1.0,1,5,43
56cedc9caab44d1400b88b2b,Spectre_(2015_film),doc_24,"['doc_24', 'doc_20', 'doc_21', 'doc_17', 'doc_19']",1.0,1,5,43
56cedc9caab44d1400b88b2c,Spectre_(2015_film),doc_24,"['doc_24', 'doc_17', 'doc_3', 'doc_16', 'doc_8']",1.0,1,5,43
56cedc9caab44d1400b88b2d,Spectre_(2015_film),doc_24,"['doc_24', 'doc_20', 'doc_41', 'doc_21', 'doc_17']",1.0,1,5,43
56cf5415aab44d1400b88fe8,Spectre_(2015_film),doc_24,"['doc_24', 'doc_17', 'doc_31', 'doc_22', 'doc_29']",1.0,1,5,43
56cedd47aab44d1400b88b47,Spectre_(2015_film),doc_25,"['doc_2', 'doc_25', 'doc_38', 'doc_0', 'doc_39']",0.5,1,5,43
56cedd47aab44d1400b88b48,Spectre_(2015_film),doc_25,"['doc_2', 'doc_27', 'doc_25', 'doc_31', 'doc_38']",0.3333333333333333,1,5,43
56cedd47aab44d1400b88b49,Spectre_(2015_film),doc_25,"['doc_2', 'doc_25', 'doc_32', 'doc_9', 'doc_38']",0.5,1,5,43
56cf54f0aab44d1400b89014,Spectre_(2015_film),doc_25,"['doc_25', 'doc_27', 'doc_26', 'doc_2', 'doc_24']",1.0,1,5,43
56cf54f0aab44d1400b89015,Spectre_(2015_film),doc_25,"['doc_27', 'doc_25', 'doc_26', 'doc_2', 'doc_36']",0.5,1,5,43
56cf54f0aab44d1400b89016,Spectre_(2015_film),doc_25,"['doc_25', 'doc_26', 'doc_17', 'doc_24', 'doc_22']",1.0,1,5,43
56cf54f0aab44d1400b89017,Spectre_(2015_film),doc_25,"['doc_30', 'doc_36', 'doc_25', 'doc_31', 'doc_34']",0.3333333333333333,1,5,43
56ceddd1aab44d1400b88b58,Spectre_(2015_film),doc_26,"['doc_26', 'doc_25', 'doc_27', 'doc_2', 'doc_15']",1.0,1,5,43
56ceddd1aab44d1400b88b59,Spectre_(2015_film),doc_26,"['doc_26', 'doc_27', 'doc_23', 'doc_25', 'doc_17']",1.0,1,5,43
56ceddd1aab44d1400b88b5a,Spectre_(2015_film),doc_26,"['doc_24', 'doc_2', 'doc_28', 'doc_25', 'doc_20']",0.0,0,5,43
56cf55adaab44d1400b8902a,Spectre_(2015_film),doc_26,"['doc_26', 'doc_27', 'doc_2', 'doc_25', 'doc_14']",1.0,1,5,43
56cedf84aab44d1400b88ba3,Spectre_(2015_film),doc_27,"['doc_2', 'doc_31', 'doc_9', 'doc_35', 'doc_32']",0.0,0,5,43
56cedf84aab44d1400b88ba4,Spectre_(2015_film),doc_27,"['doc_2', 'doc_38', 'doc_37', 'doc_25', 'doc_39']",0.0,0,5,43
56cedf84aab44d1400b88ba5,Spectre_(2015_film),doc_27,"['doc_27', 'doc_2', 'doc_25', 'doc_38', 'doc_11']",1.0,1,5,43
56cedf84aab44d1400b88ba6,Spectre_(2015_film),doc_27,"['doc_26', 'doc_25', 'doc_27', 'doc_2', 'doc_24']",0.3333333333333333,1,5,43
56cf5674aab44d1400b8904c,Spectre_(2015_film),doc_27,"['doc_27', 'doc_26', 'doc_2', 'doc_25', 'doc_13']",1.0,1,5,43
56cf5674aab44d1400b8904f,Spectre_(2015_film),doc_27,"['doc_26', 'doc_27', 'doc_2', 'doc_29', 'doc_30']",0.5,1,5,43
56cf5674aab44d1400b89050,Spectre_(2015_film),doc_27,"['doc_27', 'doc_26', 'doc_25', 'doc_2', 'doc_29']",1.0,1,5,43
56cee58daab44d1400b88c1b,Spectre_(2015_film),doc_28,"['doc_28', 'doc_32', 'doc_9', 'doc_31', 'doc_10']",1.0,1,5,43
56cee58daab44d1400b88c1c,Spectre_(2015_film),doc_28,"['doc_28', 'doc_19', 'doc_36', 'doc_34', 'doc_35']",1.0,1,5,43
56cee58daab44d1400b88c1d,Spectre_(2015_film),doc_28,"['doc_28', 'doc_3', 'doc_1', 'doc_24', 'doc_17']",1.0,1,5,43
56cee58daab44d1400b88c1e,Spectre_(2015_film),doc_28,"['doc_28', 'doc_19', 'doc_22', 'doc_17', 'doc_20']",1.0,1,5,43
56cf5710aab44d1400b89061,Spectre_(2015_film),doc_28,"['doc_28', 'doc_19', 'doc_8', 'doc_3', 'doc_32']",1.0,1,5,43
56cf5710aab44d1400b89063,Spectre_(2015_film),doc_28,"['doc_28', 'doc_19', 'doc_24', 'doc_20', 'doc_26']",1.0,1,5,43
56cee5f0aab44d1400b88c2d,Spectre_(2015_film),doc_29,"['doc_29', 'doc_17', 'doc_28', 'doc_10', 'doc_20']",1.0,1,5,43
56cee5f0aab44d1400b88c2e,Spectre_(2015_film),doc_29,"['doc_29', 'doc_8', 'doc_28', 'doc_31', 'doc_9']",1.0,1,5,43
56cf578aaab44d1400b89084,Spectre_(2015_film),doc_29,"['doc_29', 'doc_36', 'doc_35', 'doc_34', 'doc_31']",1.0,1,5,43
56cf578aaab44d1400b89085,Spectre_(2015_film),doc_29,"['doc_29', 'doc_2', 'doc_37', 'doc_35', 'doc_3']",1.0,1,5,43
56cee6ebaab44d1400b88c41,Spectre_(2015_film),doc_30,"['doc_30', 'doc_0', 'doc_38', 'doc_31', 'doc_2']",1.0,1,5,43
56cee6ebaab44d1400b88c42,Spectre_(2015_film),doc_30,"['doc_30', 'doc_31', 'doc_13', 'doc_17', 'doc_21']",1.0,1,5,43
56cee6ebaab44d1400b88c43,Spectre_(2015_film),doc_30,"['doc_31', 'doc_2', 'doc_35', 'doc_38', 'doc_37']",0.0,0,5,43
56cf58c1aab44d1400b890ab,Spectre_(2015_film),doc_30,"['doc_30', 'doc_2', 'doc_31', 'doc_38', 'doc_35']",1.0,1,5,43
56cf58c1aab44d1400b890ad,Spectre_(2015_film),doc_30,"['doc_30', 'doc_15', 'doc_21', 'doc_18', 'doc_22']",1.0,1,5,43
56cf58c1aab44d1400b890ae,Spectre_(2015_film),doc_30,"['doc_30', 'doc_24', 'doc_26', 'doc_10', 'doc_25']",1.0,1,5,43
56cee7a2aab44d1400b88c5f,Spectre_(2015_film),doc_31,"['doc_31', 'doc_35', 'doc_2', 'doc_38', 'doc_0']",1.0,1,5,43
56cee7a2aab44d1400b88c60,Spectre_(2015_film),doc_31,"['doc_31', 'doc_2', 'doc_35', 'doc_37', 'doc_38']",1.0,1,5,43
56cee7a2aab44d1400b88c62,Spectre_(2015_film),doc_31,"['doc_31', 'doc_2', 'doc_35', 'doc_38', 'doc_34']",1.0,1,5,43
56cf597faab44d1400b890c6,Spectre_(2015_film),doc_31,"['doc_31', 'doc_35', 'doc_2', 'doc_37', 'doc_8']",1.0,1,5,43
56cf597faab44d1400b890c8,Spectre_(2015_film),doc_31,"['doc_31', 'doc_2', 'doc_35', 'doc_38', 'doc_37']",1.0,1,5,43
56cee809aab44d1400b88c6f,Spectre_(2015_film),doc_32,"['doc_32', 'doc_35', 'doc_0', 'doc_9', 'doc_2']",1.0,1,5,43
56cee809aab44d1400b88c70,Spectre_(2015_film),doc_32,"['doc_32', 'doc_35', 'doc_34', 'doc_31', 'doc_2']",1.0,1,5,43
56cee809aab44d1400b88c71,Spectre_(2015_film),doc_32,"['doc_32', 'doc_35', 'doc_34', 'doc_2', 'doc_31']",1.0,1,5,43
56ceea40aab44d1400b88c99,Spectre_(2015_film),doc_33,"['doc_32', 'doc_35', 'doc_34', 'doc_2', 'doc_38']",0.0,0,5,43
56ceea40aab44d1400b88c9a,Spectre_(2015_film),doc_33,"['doc_33', 'doc_34', 'doc_36', 'doc_35', 'doc_32']",1.0,1,5,43
56ceea40aab44d1400b88c9b,Spectre_(2015_film),doc_33,"['doc_35', 'doc_31', 'doc_34', 'doc_2', 'doc_33']",0.2,1,5,43
56cf5adaaab44d1400b890ed,Spectre_(2015_film),doc_33,"['doc_35', 'doc_32', 'doc_34', 'doc_33', 'doc_2']",0.25,1,5,43
56cf5adaaab44d1400b890ee,Spectre_(2015_film),doc_33,"['doc_33', 'doc_34', 'doc_36', 'doc_35', 'doc_32']",1.0,1,5,43
56cf5adaaab44d1400b890f0,Spectre_(2015_film),doc_33,"['doc_31', 'doc_35', 'doc_32', 'doc_2', 'doc_34']",0.0,0,5,43
56cf5adaaab44d1400b890f1,Spectre_(2015_film),doc_33,"['doc_34', 'doc_35', 'doc_32', 'doc_36', 'doc_31']",0.0,0,5,43
56ceeb34aab44d1400b88ca9,Spectre_(2015_film),doc_34,"['doc_32', 'doc_34', 'doc_10', 'doc_6', 'doc_31']",0.5,1,5,43
56ceeb34aab44d1400b88caa,Spectre_(2015_film),doc_34,"['doc_35', 'doc_34', 'doc_32', 'doc_36', 'doc_2']",0.5,1,5,43
56ceeb34aab44d1400b88cab,Spectre_(2015_film),doc_34,"['doc_34', 'doc_35', 'doc_32', 'doc_2', 'doc_31']",1.0,1,5,43
56ceeb34aab44d1400b88cac,Spectre_(2015_film),doc_34,"['doc_32', 'doc_34', 'doc_35', 'doc_36', 'doc_2']",0.5,1,5,43
56cf5b91aab44d1400b8910b,Spectre_(2015_film),doc_34,"['doc_34', 'doc_35', 'doc_31', 'doc_2', 'doc_38']",1.0,1,5,43
56cf5b91aab44d1400b8910d,Spectre_(2015_film),doc_34,"['doc_34', 'doc_2', 'doc_35', 'doc_39', 'doc_38']",1.0,1,5,43
56ceebf8aab44d1400b88cbb,Spectre_(2015_film),doc_35,"['doc_35', 'doc_31', 'doc_34', 'doc_2', 'doc_36']",1.0,1,5,43
56ceebf8aab44d1400b88cbc,Spectre_(2015_film),doc_35,"['doc_35', 'doc_32', 'doc_34', 'doc_2', 'doc_39']",1.0,1,5,43
56ceebf8aab44d1400b88cbd,Spectre_(2015_film),doc_35,"['doc_32', 'doc_35', 'doc_34', 'doc_33', 'doc_36']",0.5,1,5,43
56cf5c5faab44d1400b89127,Spectre_(2015_film),doc_35,"['doc_35', 'doc_34', 'doc_31', 'doc_2', 'doc_33']",1.0,1,5,43
56cf5c5faab44d1400b89128,Spectre_(2015_film),doc_35,"['doc_31', 'doc_35', 'doc_2', 'doc_32', 'doc_34']",0.5,1,5,43
56cf5c5faab44d1400b89129,Spectre_(2015_film),doc_35,"['doc_2', 'doc_35', 'doc_31', 'doc_32', 'doc_38']",0.5,1,5,43
56ceed3baab44d1400b88ccb,Spectre_(2015_film),doc_36,"['doc_32', 'doc_31', 'doc_2', 'doc_35', 'doc_34']",0.0,0,5,43
56ceed3baab44d1400b88ccc,Spectre_(2015_film),doc_36,"['doc_35', 'doc_36', 'doc_34', 'doc_32', 'doc_33']",0.5,1,5,43
56ceed3baab44d1400b88ccd,Spectre_(2015_film),doc_36,"['doc_36', 'doc_34', 'doc_35', 'doc_32', 'doc_33']",1.0,1,5,43
56ceed3baab44d1400b88cce,Spectre_(2015_film),doc_36,"['doc_32', 'doc_35', 'doc_34', 'doc_36', 'doc_2']",0.25,1,5,43
56cf5d43aab44d1400b89136,Spectre_(2015_film),doc_36,"['doc_36', 'doc_34', 'doc_35', 'doc_32', 'doc_2']",1.0,1,5,43
56cf5d43aab44d1400b89139,Spectre_(2015_film),doc_36,"['doc_32', 'doc_35', 'doc_34', 'doc_36', 'doc_39']",0.25,1,5,43
56ceee04aab44d1400b88cd3,Spectre_(2015_film),doc_37,"['doc_38', 'doc_37', 'doc_39', 'doc_2', 'doc_35']",0.5,1,5,43
56ceee04aab44d1400b88cd4,Spectre_(2015_film),doc_37,"['doc_38', 'doc_39', 'doc_37', 'doc_36', 'doc_25']",0.3333333333333333,1,5,43
56ceee04aab44d1400b88cd5,Spectre_(2015_film),doc_37,"['doc_37', 'doc_39', 'doc_38', 'doc_32', 'doc_2']",1.0,1,5,43
56ceee04aab44d1400b88cd6,Spectre_(2015_film),doc_37,"['doc_24', 'doc_37', 'doc_25', 'doc_39', 'doc_10']",0.5,1,5,43
56cf5dccaab44d1400b8913f,Spectre_(2015_film),doc_37,"['doc_37', 'doc_39', 'doc_38', 'doc_36', 'doc_40']",1.0,1,5,43
56cf5dccaab44d1400b89140,Spectre_(2015_film),doc_37,"['doc_37', 'doc_39', 'doc_38', 'doc_36', 'doc_35']",1.0,1,5,43
56ceef67aab44d1400b88ce6,Spectre_(2015_film),doc_38,"['doc_38', 'doc_39', 'doc_37', 'doc_2', 'doc_40']",1.0,1,5,43
56ceef67aab44d1400b88ce7,Spectre_(2015_film),doc_38,"['doc_39', 'doc_38', 'doc_37', 'doc_40', 'doc_36']",0.5,1,5,43
56ceef67aab44d1400b88ce8,Spectre_(2015_film),doc_38,"['doc_38', 'doc_39', 'doc_37', 'doc_2', 'doc_25']",1.0,1,5,43
56cf5e5eaab44d1400b8914f,Spectre_(2015_film),doc_38,"['doc_38', 'doc_39', 'doc_37', 'doc_2', 'doc_31']",1.0,1,5,43
56cef51daab44d1400b88d11,Spectre_(2015_film),doc_39,"['doc_39', 'doc_40', 'doc_37', 'doc_38', 'doc_2']",1.0,1,5,43
56cef51daab44d1400b88d12,Spectre_(2015_film),doc_39,"['doc_39', 'doc_38', 'doc_37', 'doc_40', 'doc_2']",1.0,1,5,43
56cef51daab44d1400b88d13,Spectre_(2015_film),doc_39,"['doc_39', 'doc_38', 'doc_37', 'doc_40', 'doc_2']",1.0,1,5,43
56cef51daab44d1400b88d14,Spectre_(2015_film),doc_39,"['doc_39', 'doc_37', 'doc_38', 'doc_2', 'doc_0']",1.0,1,5,43
56cef65baab44d1400b88d35,Spectre_(2015_film),doc_40,"['doc_40', 'doc_38', 'doc_39', 'doc_37', 'doc_2']",1.0,1,5,43
56cef65baab44d1400b88d36,Spectre_(2015_film),doc_40,"['doc_40', 'doc_39', 'doc_38', 'doc_37', 'doc_12']",1.0,1,5,43
56cef65baab44d1400b88d37,Spectre_(2015_film),doc_40,"['doc_40', 'doc_10', 'doc_39', 'doc_11', 'doc_14']",1.0,1,5,43
56cf6093aab44d1400b89180,Spectre_(2015_film),doc_40,"['doc_40', 'doc_39', 'doc_19', 'doc_29', 'doc_8']",1.0,1,5,43
56cef6ccaab44d1400b88d48,Spectre_(2015_film),doc_41,"['doc_41', 'doc_24', 'doc_36', 'doc_34', 'doc_10']",1.0,1,5,43
56cf6133aab44d1400b89191,Spectre_(2015_film),doc_41,"['doc_41', 'doc_29', 'doc_10', 'doc_24', 'doc_37']",1.0,1,5,43
56cef706aab44d1400b88d4f,Spectre_(2015_film),doc_42,"['doc_14', 'doc_42', 'doc_11', 'doc_0', 'doc_1']",0.5,1,5,43
56cef706aab44d1400b88d50,Spectre_(2015_film),doc_42,"['doc_2', 'doc_32', 'doc_42', 'doc_31', 'doc_0']",0.3333333333333333,1,5,43
56cf61b5aab44d1400b8919d,Spectre_(2015_film),doc_42,"['doc_42', 'doc_9', 'doc_8', 'doc_2', 'doc_0']",1.0,1,5,43
